State,Year,Model,Scenario,Scenario_Type,Temperature_Shift_C,Rainfall_Shift_pct,Predicted_Yield_Baseline,Predicted_Yield_Stress,Yield_Change_MT_Ha,Yield_Change_pct
Abia,2024,Ridge,T+0_R0,Baseline,0.0,0.0,2.1076467263764953,2.1076467263764953,0.0,0.0
Adamawa,2024,Ridge,T+0_R0,Baseline,0.0,0.0,2.228160901514542,2.228160901514542,0.0,0.0
Akwa Ibom,2024,Ridge,T+0_R0,Baseline,0.0,0.0,1.872649060175104,1.872649060175104,0.0,0.0
Anambra,2024,Ridge,T+0_R0,Baseline,0.0,0.0,1.995924798496167,1.995924798496167,0.0,0.0
Bauchi,2024,Ridge,T+0_R0,Baseline,0.0,0.0,2.1911408567156014,2.1911408567156014,0.0,0.0
Bayelsa,2024,Ridge,T+0_R0,Baseline,0.0,0.0,2.1283699370790585,2.1283699370790585,0.0,0.0
Benue,2024,Ridge,T+0_R0,Baseline,0.0,0.0,2.19856824250258,2.19856824250258,0.0,0.0
Borno,2024,Ridge,T+0_R0,Baseline,0.0,0.0,2.0703928745107003,2.0703928745107003,0.0,0.0
Cross River,2024,Ridge,T+0_R0,Baseline,0.0,0.0,2.030445114502975,2.030445114502975,0.0,0.0
Delta,2024,Ridge,T+0_R0,Baseline,0.0,0.0,2.0305870274144278,2.0305870274144278,0.0,0.0
Ebonyi,2024,Ridge,T+0_R0,Baseline,0.0,0.0,1.9564966462995055,1.9564966462995055,0.0,0.0
Edo,2024,Ridge,T+0_R0,Baseline,0.0,0.0,2.111047715517973,2.111047715517973,0.0,0.0
Ekiti,2024,Ridge,T+0_R0,Baseline,0.0,0.0,2.0437113506512485,2.0437113506512485,0.0,0.0
Enugu,2024,Ridge,T+0_R0,Baseline,0.0,0.0,2.0081454928192786,2.0081454928192786,0.0,0.0
FCT,2024,Ridge,T+0_R0,Baseline,0.0,0.0,2.242027472634796,2.242027472634796,0.0,0.0
Gombe,2024,Ridge,T+0_R0,Baseline,0.0,0.0,2.2229100314658363,2.2229100314658363,0.0,0.0
Imo,2024,Ridge,T+0_R0,Baseline,0.0,0.0,2.0945526450593923,2.0945526450593923,0.0,0.0
Jigawa,2024,Ridge,T+0_R0,Baseline,0.0,0.0,2.1819739435208767,2.1819739435208767,0.0,0.0
Kaduna,2024,Ridge,T+0_R0,Baseline,0.0,0.0,2.363204426464491,2.363204426464491,0.0,0.0
Kano,2024,Ridge,T+0_R0,Baseline,0.0,0.0,2.225563194098675,2.225563194098675,0.0,0.0
Katsina,2024,Ridge,T+0_R0,Baseline,0.0,0.0,2.2080260154060616,2.2080260154060616,0.0,0.0
Kebbi,2024,Ridge,T+0_R0,Baseline,0.0,0.0,2.632935313166963,2.632935313166963,0.0,0.0
Kogi,2024,Ridge,T+0_R0,Baseline,0.0,0.0,2.2536363147167684,2.2536363147167684,0.0,0.0
Kwara,2024,Ridge,T+0_R0,Baseline,0.0,0.0,2.3570629056563646,2.3570629056563646,0.0,0.0
Lagos,2024,Ridge,T+0_R0,Baseline,0.0,0.0,1.6751356367769583,1.6751356367769583,0.0,0.0
Nasarawa,2024,Ridge,T+0_R0,Baseline,0.0,0.0,2.211695408595071,2.211695408595071,0.0,0.0
Niger,2024,Ridge,T+0_R0,Baseline,0.0,0.0,2.1097706256759228,2.1097706256759228,0.0,0.0
Ogun,2024,Ridge,T+0_R0,Baseline,0.0,0.0,2.0336178540548344,2.0336178540548344,0.0,0.0
Ondo,2024,Ridge,T+0_R0,Baseline,0.0,0.0,2.0437113506512485,2.0437113506512485,0.0,0.0
Osun,2024,Ridge,T+0_R0,Baseline,0.0,0.0,2.1491664004589888,2.1491664004589888,0.0,0.0
Oyo,2024,Ridge,T+0_R0,Baseline,0.0,0.0,2.1484217076763903,2.1484217076763903,0.0,0.0
Plateau,2024,Ridge,T+0_R0,Baseline,0.0,0.0,2.2510678681752685,2.2510678681752685,0.0,0.0
Rivers,2024,Ridge,T+0_R0,Baseline,0.0,0.0,2.26062565983569,2.26062565983569,0.0,0.0
Sokoto,2024,Ridge,T+0_R0,Baseline,0.0,0.0,2.2451522787394262,2.2451522787394262,0.0,0.0
Taraba,2024,Ridge,T+0_R0,Baseline,0.0,0.0,2.420993047866713,2.420993047866713,0.0,0.0
Yobe,2024,Ridge,T+0_R0,Baseline,0.0,0.0,2.159000713191354,2.159000713191354,0.0,0.0
Zamfara,2024,Ridge,T+0_R0,Baseline,0.0,0.0,2.1907240365142804,2.1907240365142804,0.0,0.0
Abia,2024,RandomForest,T+0_R0,Baseline,0.0,0.0,1.9242374470899457,1.9242374470899453,-4.440892098500626e-16,-2.3078711544755853e-14
Adamawa,2024,RandomForest,T+0_R0,Baseline,0.0,0.0,2.5210381298331286,2.5210381298331286,0.0,0.0
Akwa Ibom,2024,RandomForest,T+0_R0,Baseline,0.0,0.0,1.8684125926850914,1.868412592685091,-4.440892098500626e-16,-2.376826251271744e-14
Anambra,2024,RandomForest,T+0_R0,Baseline,0.0,0.0,1.8766700360750341,1.8766700360750346,4.440892098500626e-16,2.366368095154618e-14
Bauchi,2024,RandomForest,T+0_R0,Baseline,0.0,0.0,2.347526554186554,2.347526554186554,0.0,0.0
Bayelsa,2024,RandomForest,T+0_R0,Baseline,0.0,0.0,1.982855864690863,1.9828558646908634,4.440892098500626e-16,2.2396444328508885e-14
Benue,2024,RandomForest,T+0_R0,Baseline,0.0,0.0,2.7372636014911023,2.7372636014911023,0.0,0.0
Borno,2024,RandomForest,T+0_R0,Baseline,0.0,0.0,2.659030012025013,2.659030012025013,0.0,0.0
Cross River,2024,RandomForest,T+0_R0,Baseline,0.0,0.0,1.9022551720501713,1.9022551720501708,-4.440892098500626e-16,-2.3345406882055778e-14
Delta,2024,RandomForest,T+0_R0,Baseline,0.0,0.0,1.9366485942760934,1.936648594276093,-4.440892098500626e-16,-2.293081001698505e-14
Ebonyi,2024,RandomForest,T+0_R0,Baseline,0.0,0.0,1.7944163329263327,1.7944163329263327,0.0,0.0
Edo,2024,RandomForest,T+0_R0,Baseline,0.0,0.0,2.0688820586820573,2.0688820586820573,0.0,0.0
Ekiti,2024,RandomForest,T+0_R0,Baseline,0.0,0.0,2.1849544208569216,2.184954420856922,4.440892098500626e-16,2.032487294063985e-14
Enugu,2024,RandomForest,T+0_R0,Baseline,0.0,0.0,1.8868568217893207,1.8868568217893213,6.661338147750939e-16,3.530388777159012e-14
FCT,2024,RandomForest,T+0_R0,Baseline,0.0,0.0,2.5084377397602404,2.50843773976024,-4.440892098500626e-16,-1.7703816316067276e-14
Gombe,2024,RandomForest,T+0_R0,Baseline,0.0,0.0,2.5915788844488827,2.5915788844488827,0.0,0.0
Imo,2024,RandomForest,T+0_R0,Baseline,0.0,0.0,1.9377850873200857,1.9377850873200855,-2.220446049250313e-16,-1.1458680654422526e-14
Jigawa,2024,RandomForest,T+0_R0,Baseline,0.0,0.0,1.9830492814592822,1.9830492814592826,4.440892098500626e-16,2.239425989067035e-14
Kaduna,2024,RandomForest,T+0_R0,Baseline,0.0,0.0,2.2874002532652513,2.287400253265251,-4.440892098500626e-16,-1.9414582525123347e-14
Kano,2024,RandomForest,T+0_R0,Baseline,0.0,0.0,1.9585134601509617,1.9585134601509613,-4.440892098500626e-16,-2.2674810200989495e-14
Katsina,2024,RandomForest,T+0_R0,Baseline,0.0,0.0,1.9979591144041133,1.9979591144041138,4.440892098500626e-16,2.222714201949579e-14
Kebbi,2024,RandomForest,T+0_R0,Baseline,0.0,0.0,2.0630674849224846,2.0630674849224846,0.0,0.0
Kogi,2024,RandomForest,T+0_R0,Baseline,0.0,0.0,2.7516167929292936,2.7516167929292936,0.0,0.0
Kwara,2024,RandomForest,T+0_R0,Baseline,0.0,0.0,2.33390232850483,2.3339023285048297,-4.440892098500626e-16,-1.9027754693340568e-14
Lagos,2024,RandomForest,T+0_R0,Baseline,0.0,0.0,1.6620472915972913,1.6620472915972915,2.220446049250313e-16,1.3359704386728847e-14
Nasarawa,2024,RandomForest,T+0_R0,Baseline,0.0,0.0,2.855585733525734,2.855585733525734,0.0,0.0
Niger,2024,RandomForest,T+0_R0,Baseline,0.0,0.0,2.7895873544973533,2.7895873544973537,4.440892098500626e-16,1.5919530504542368e-14
Ogun,2024,RandomForest,T+0_R0,Baseline,0.0,0.0,2.039880582935582,2.039880582935582,0.0,0.0
Ondo,2024,RandomForest,T+0_R0,Baseline,0.0,0.0,2.1849544208569216,2.184954420856922,4.440892098500626e-16,2.032487294063985e-14
Osun,2024,RandomForest,T+0_R0,Baseline,0.0,0.0,1.9470981176231177,1.9470981176231172,-4.440892098500626e-16,-2.280774686342853e-14
Oyo,2024,RandomForest,T+0_R0,Baseline,0.0,0.0,2.0064290904465896,2.00642909044659,4.440892098500626e-16,2.2133311960265565e-14
Plateau,2024,RandomForest,T+0_R0,Baseline,0.0,0.0,2.262516705886705,2.262516705886705,0.0,0.0
Rivers,2024,RandomForest,T+0_R0,Baseline,0.0,0.0,1.9099420239020226,1.9099420239020224,-2.220446049250313e-16,-1.1625724872600735e-14
Sokoto,2024,RandomForest,T+0_R0,Baseline,0.0,0.0,2.0728155444555436,2.072815544455543,-4.440892098500626e-16,-2.1424444207683196e-14
Taraba,2024,RandomForest,T+0_R0,Baseline,0.0,0.0,2.532413990268988,2.5324139902689886,4.440892098500626e-16,1.7536201093364373e-14
Yobe,2024,RandomForest,T+0_R0,Baseline,0.0,0.0,1.9694176791726787,1.9694176791726787,0.0,0.0
Zamfara,2024,RandomForest,T+0_R0,Baseline,0.0,0.0,2.009601931586932,2.009601931586932,0.0,0.0
Abia,2024,LightGBM,T+0_R0,Baseline,0.0,0.0,1.8857182803461676,1.8857182803461676,0.0,0.0
Adamawa,2024,LightGBM,T+0_R0,Baseline,0.0,0.0,2.7029347260592815,2.7029347260592815,0.0,0.0
Akwa Ibom,2024,LightGBM,T+0_R0,Baseline,0.0,0.0,1.7518811138048203,1.7518811138048203,0.0,0.0
Anambra,2024,LightGBM,T+0_R0,Baseline,0.0,0.0,1.9608427375996522,1.9608427375996522,0.0,0.0
Bauchi,2024,LightGBM,T+0_R0,Baseline,0.0,0.0,2.288970852812262,2.288970852812262,0.0,0.0
Bayelsa,2024,LightGBM,T+0_R0,Baseline,0.0,0.0,1.9780597189458775,1.9780597189458775,0.0,0.0
Benue,2024,LightGBM,T+0_R0,Baseline,0.0,0.0,2.6716814124765933,2.6716814124765933,0.0,0.0
Borno,2024,LightGBM,T+0_R0,Baseline,0.0,0.0,2.5538667935889894,2.5538667935889894,0.0,0.0
Cross River,2024,LightGBM,T+0_R0,Baseline,0.0,0.0,1.7929998542711614,1.7929998542711614,0.0,0.0
Delta,2024,LightGBM,T+0_R0,Baseline,0.0,0.0,1.9705492690557629,1.9705492690557629,0.0,0.0
Ebonyi,2024,LightGBM,T+0_R0,Baseline,0.0,0.0,1.8361117699485616,1.8361117699485616,0.0,0.0
Edo,2024,LightGBM,T+0_R0,Baseline,0.0,0.0,2.0208195123023867,2.0208195123023867,0.0,0.0
Ekiti,2024,LightGBM,T+0_R0,Baseline,0.0,0.0,2.12982541303054,2.12982541303054,0.0,0.0
Enugu,2024,LightGBM,T+0_R0,Baseline,0.0,0.0,1.9718888257207303,1.9718888257207303,0.0,0.0
FCT,2024,LightGBM,T+0_R0,Baseline,0.0,0.0,2.675089302187353,2.675089302187353,0.0,0.0
Gombe,2024,LightGBM,T+0_R0,Baseline,0.0,0.0,2.757550720508127,2.757550720508127,0.0,0.0
Imo,2024,LightGBM,T+0_R0,Baseline,0.0,0.0,1.9852379020439388,1.9852379020439388,0.0,0.0
Jigawa,2024,LightGBM,T+0_R0,Baseline,0.0,0.0,2.1719872802994367,2.1719872802994367,0.0,0.0
Kaduna,2024,LightGBM,T+0_R0,Baseline,0.0,0.0,2.150619625529219,2.150619625529219,0.0,0.0
Kano,2024,LightGBM,T+0_R0,Baseline,0.0,0.0,2.1392041565082125,2.1392041565082125,0.0,0.0
Katsina,2024,LightGBM,T+0_R0,Baseline,0.0,0.0,1.9519067976449578,1.9519067976449578,0.0,0.0
Kebbi,2024,LightGBM,T+0_R0,Baseline,0.0,0.0,2.073716090789913,2.073716090789913,0.0,0.0
Kogi,2024,LightGBM,T+0_R0,Baseline,0.0,0.0,2.777658283495822,2.777658283495822,0.0,0.0
Kwara,2024,LightGBM,T+0_R0,Baseline,0.0,0.0,2.320563274323994,2.320563274323994,0.0,0.0
Lagos,2024,LightGBM,T+0_R0,Baseline,0.0,0.0,1.7457696534864193,1.7457696534864193,0.0,0.0
Nasarawa,2024,LightGBM,T+0_R0,Baseline,0.0,0.0,2.8528243385884564,2.8528243385884564,0.0,0.0
Niger,2024,LightGBM,T+0_R0,Baseline,0.0,0.0,2.7142918549452477,2.7142918549452477,0.0,0.0
Ogun,2024,LightGBM,T+0_R0,Baseline,0.0,0.0,2.201893978512967,2.201893978512967,0.0,0.0
Ondo,2024,LightGBM,T+0_R0,Baseline,0.0,0.0,2.12982541303054,2.12982541303054,0.0,0.0
Osun,2024,LightGBM,T+0_R0,Baseline,0.0,0.0,1.6977145580657644,1.6977145580657644,0.0,0.0
Oyo,2024,LightGBM,T+0_R0,Baseline,0.0,0.0,1.9520850306715005,1.9520850306715005,0.0,0.0
Plateau,2024,LightGBM,T+0_R0,Baseline,0.0,0.0,2.117811946993451,2.117811946993451,0.0,0.0
Rivers,2024,LightGBM,T+0_R0,Baseline,0.0,0.0,1.824341303572406,1.824341303572406,0.0,0.0
Sokoto,2024,LightGBM,T+0_R0,Baseline,0.0,0.0,2.2195111565910786,2.2195111565910786,0.0,0.0
Taraba,2024,LightGBM,T+0_R0,Baseline,0.0,0.0,2.638245673999239,2.638245673999239,0.0,0.0
Yobe,2024,LightGBM,T+0_R0,Baseline,0.0,0.0,1.8688686944973276,1.8688686944973276,0.0,0.0
Zamfara,2024,LightGBM,T+0_R0,Baseline,0.0,0.0,1.9801238613872905,1.9801238613872905,0.0,0.0
Abia,2024,Ridge,T+0_R-10,Drought,0.0,-10.0,2.1076467263764953,2.1139273178492943,0.006280591472799024,0.29799071135591737
Adamawa,2024,Ridge,T+0_R-10,Drought,0.0,-10.0,2.228160901514542,2.21287239169455,-0.015288509819991969,-0.6861492726849282
Akwa Ibom,2024,Ridge,T+0_R-10,Drought,0.0,-10.0,1.872649060175104,1.8819027146210725,0.009253654445968484,0.49414781673525154
Anambra,2024,Ridge,T+0_R-10,Drought,0.0,-10.0,1.995924798496167,2.002930257984225,0.007005459488058197,0.3509881481174277
Bauchi,2024,Ridge,T+0_R-10,Drought,0.0,-10.0,2.1911408567156014,2.184697316165892,-0.0064435405497094145,-0.294072402053053
Bayelsa,2024,Ridge,T+0_R-10,Drought,0.0,-10.0,2.1283699370790585,2.140426983167895,0.012057046088836287,0.5664920312388544
Benue,2024,Ridge,T+0_R-10,Drought,0.0,-10.0,2.19856824250258,2.1996180679277613,0.0010498254251811723,0.04775041342297294
Borno,2024,Ridge,T+0_R-10,Drought,0.0,-10.0,2.0703928745107003,2.0613143520602843,-0.00907852245041596,-0.4384927402999058
Cross River,2024,Ridge,T+0_R-10,Drought,0.0,-10.0,2.030445114502975,2.0396987689489436,0.009253654445968706,0.45574511617536995
Delta,2024,Ridge,T+0_R-10,Drought,0.0,-10.0,2.0305870274144278,2.037592486902486,0.007005459488058197,0.34499676169892296
Ebonyi,2024,Ridge,T+0_R-10,Drought,0.0,-10.0,1.9564966462995055,1.9600129332775755,0.003516286978070049,0.17972363943075048
Edo,2024,Ridge,T+0_R-10,Drought,0.0,-10.0,2.111047715517973,2.1185680145251307,0.007520299007157671,0.35623538738026433
Ekiti,2024,Ridge,T+0_R-10,Drought,0.0,-10.0,2.0437113506512485,2.0432754521614163,-0.00043589848983227597,-0.02132876982326162
Enugu,2024,Ridge,T+0_R-10,Drought,0.0,-10.0,2.0081454928192786,2.010695015654969,0.002549522835690432,0.12695906968927345
FCT,2024,Ridge,T+0_R-10,Drought,0.0,-10.0,2.242027472634796,2.2427178416420586,0.0006903690072626034,0.030792174301561632
Gombe,2024,Ridge,T+0_R-10,Drought,0.0,-10.0,2.2229100314658363,2.214559565391895,-0.008350466073941298,-0.37565470287768754
Imo,2024,Ridge,T+0_R-10,Drought,0.0,-10.0,2.0945526450593923,2.1037280872709823,0.009175442211589946,0.4380621434000658
Jigawa,2024,Ridge,T+0_R-10,Drought,0.0,-10.0,2.1819739435208767,2.173730945543075,-0.008242997977801814,-0.37777710418029775
Kaduna,2024,Ridge,T+0_R-10,Drought,0.0,-10.0,2.363204426464491,2.3653394957423934,0.0021350692779025238,0.09034636419908572
Kano,2024,Ridge,T+0_R-10,Drought,0.0,-10.0,2.225563194098675,2.2170147233156365,-0.008548470783038553,-0.3841037093759351
Katsina,2024,Ridge,T+0_R-10,Drought,0.0,-10.0,2.2080260154060616,2.184024602629984,-0.02400141277607748,-1.0870076986689652
Kebbi,2024,Ridge,T+0_R-10,Drought,0.0,-10.0,2.632935313166963,2.586960087261946,-0.04597522590501679,-1.7461585810749218
Kogi,2024,Ridge,T+0_R-10,Drought,0.0,-10.0,2.2536363147167684,2.250919434424146,-0.0027168802926222924,-0.1205554008373238
Kwara,2024,Ridge,T+0_R-10,Drought,0.0,-10.0,2.3570629056563646,2.3517236949680056,-0.005339210688358964,-0.22651965187463546
Lagos,2024,Ridge,T+0_R-10,Drought,0.0,-10.0,1.6751356367769583,1.6740678460725351,-0.0010677907044231993,-0.06374353699964738
Nasarawa,2024,Ridge,T+0_R-10,Drought,0.0,-10.0,2.211695408595071,2.2122399274553706,0.0005445188602997142,0.024619975164012632
Niger,2024,Ridge,T+0_R-10,Drought,0.0,-10.0,2.1097706256759228,2.1082592591017955,-0.0015113665741273152,-0.07163653506850336
Ogun,2024,Ridge,T+0_R-10,Drought,0.0,-10.0,2.0336178540548344,2.0339806291177456,0.00036277506291115813,0.017838900370972858
Ondo,2024,Ridge,T+0_R-10,Drought,0.0,-10.0,2.0437113506512485,2.0432754521614163,-0.00043589848983227597,-0.02132876982326162
Osun,2024,Ridge,T+0_R-10,Drought,0.0,-10.0,2.1491664004589888,2.150233430754777,0.0010670302957880295,0.049648565860705256
Oyo,2024,Ridge,T+0_R-10,Drought,0.0,-10.0,2.1484217076763903,2.146597450939136,-0.0018242567372541707,-0.08491148319419943
Plateau,2024,Ridge,T+0_R-10,Drought,0.0,-10.0,2.2510678681752685,2.2509804962153015,-8.737195996699754e-05,-0.003881356097798236
Rivers,2024,Ridge,T+0_R-10,Drought,0.0,-10.0,2.26062565983569,2.27112011776878,0.010494457933089674,0.4642280285296083
Sokoto,2024,Ridge,T+0_R-10,Drought,0.0,-10.0,2.2451522787394262,2.2277375210458983,-0.01741475769352796,-0.775660424392493
Taraba,2024,Ridge,T+0_R-10,Drought,0.0,-10.0,2.420993047866713,2.4122308184645633,-0.008762229402149657,-0.36192707822397924
Yobe,2024,Ridge,T+0_R-10,Drought,0.0,-10.0,2.159000713191354,2.145421499050814,-0.013579214140539975,-0.6289582980483452
Zamfara,2024,Ridge,T+0_R-10,Drought,0.0,-10.0,2.1907240365142804,2.183590406965747,-0.00713362954853336,-0.325628852819083
Abia,2024,RandomForest,T+0_R-10,Drought,0.0,-10.0,1.9242374470899457,1.9242772486772468,3.9801587301102614e-05,0.002068434296468722
Adamawa,2024,RandomForest,T+0_R-10,Drought,0.0,-10.0,2.5210381298331286,2.5072422568172557,-0.013795873015872928,-0.547229843635332
Akwa Ibom,2024,RandomForest,T+0_R-10,Drought,0.0,-10.0,1.8684125926850914,1.8712493916268902,0.0028367989417987793,0.1518293632201452
Anambra,2024,RandomForest,T+0_R-10,Drought,0.0,-10.0,1.8766700360750341,1.8612830074555056,-0.015387028619528564,-0.8199112429859967
Bauchi,2024,RandomForest,T+0_R-10,Drought,0.0,-10.0,2.347526554186554,2.345573802863803,-0.0019527513227513005,-0.08318335395477357
Bayelsa,2024,RandomForest,T+0_R-10,Drought,0.0,-10.0,1.982855864690863,1.9051570239020228,-0.07769884078884015,-3.918531960514124
Benue,2024,RandomForest,T+0_R-10,Drought,0.0,-10.0,2.7372636014911023,2.736927993025493,-0.0003356084656092051,-0.01226072875942182
Borno,2024,RandomForest,T+0_R-10,Drought,0.0,-10.0,2.659030012025013,2.6644277104377108,0.005397698412697771,0.2029950165393995
Cross River,2024,RandomForest,T+0_R-10,Drought,0.0,-10.0,1.9022551720501713,1.9050919709919705,0.0028367989417992234,0.1491282023295455
Delta,2024,RandomForest,T+0_R-10,Drought,0.0,-10.0,1.9366485942760934,1.9209782323232303,-0.015670361952863088,-0.8091484433044792
Ebonyi,2024,RandomForest,T+0_R-10,Drought,0.0,-10.0,1.7944163329263327,1.791512629222629,-0.0029037037037036306,-0.16181884050109335
Edo,2024,RandomForest,T+0_R-10,Drought,0.0,-10.0,2.0688820586820573,2.011169889369888,-0.05771216931216916,-2.789534041826126
Ekiti,2024,RandomForest,T+0_R-10,Drought,0.0,-10.0,2.1849544208569216,2.18692678858179,0.001972367724868196,0.09027042880348274
Enugu,2024,RandomForest,T+0_R-10,Drought,0.0,-10.0,1.8868568217893207,1.8868568217893207,0.0,0.0
FCT,2024,RandomForest,T+0_R-10,Drought,0.0,-10.0,2.5084377397602404,2.5025622635697626,-0.005875476190477791,-0.23422850395479125
Gombe,2024,RandomForest,T+0_R-10,Drought,0.0,-10.0,2.5915788844488827,2.5902677985902973,-0.0013110858585854146,-0.05059023541412385
Imo,2024,RandomForest,T+0_R-10,Drought,0.0,-10.0,1.9377850873200857,1.8696741786916773,-0.0681109086284084,-3.5148845490706244
Jigawa,2024,RandomForest,T+0_R-10,Drought,0.0,-10.0,1.9830492814592822,1.9621699825174832,-0.020879298941798963,-1.052888555872618
Kaduna,2024,RandomForest,T+0_R-10,Drought,0.0,-10.0,2.2874002532652513,2.291040733063232,0.003640479797980767,0.1591535977485358
Kano,2024,RandomForest,T+0_R-10,Drought,0.0,-10.0,1.9585134601509617,1.9200158459133467,-0.038497614237615,-1.9656548203987125
Katsina,2024,RandomForest,T+0_R-10,Drought,0.0,-10.0,1.9979591144041133,1.9960148124098123,-0.0019443019943010675,-0.09731440349723829
Kebbi,2024,RandomForest,T+0_R-10,Drought,0.0,-10.0,2.0630674849224846,2.061800500795501,-0.0012669841269836724,-0.061412636098584855
Kogi,2024,RandomForest,T+0_R-10,Drought,0.0,-10.0,2.7516167929292936,2.7541650998075995,0.0025483068783058727,0.09261125622049345
Kwara,2024,RandomForest,T+0_R-10,Drought,0.0,-10.0,2.33390232850483,2.319128178673179,-0.014774149831651151,-0.633023483939704
Lagos,2024,RandomForest,T+0_R-10,Drought,0.0,-10.0,1.6620472915972913,1.6499944741369739,-0.012052817460317389,-0.7251789718169913
Nasarawa,2024,RandomForest,T+0_R-10,Drought,0.0,-10.0,2.855585733525734,2.8585911700336704,0.0030054365079363876,0.10524763703121727
Niger,2024,RandomForest,T+0_R-10,Drought,0.0,-10.0,2.7895873544973533,2.7677029497354484,-0.021884404761904896,-0.7845032967554507
Ogun,2024,RandomForest,T+0_R-10,Drought,0.0,-10.0,2.039880582935582,2.032048219095718,-0.007832363839864076,-0.3839618801897001
Ondo,2024,RandomForest,T+0_R-10,Drought,0.0,-10.0,2.1849544208569216,2.18692678858179,0.001972367724868196,0.09027042880348274
Osun,2024,RandomForest,T+0_R-10,Drought,0.0,-10.0,1.9470981176231177,1.9657348504273509,0.01863673280423317,0.9571542715568746
Oyo,2024,RandomForest,T+0_R-10,Drought,0.0,-10.0,2.0064290904465896,2.0089063299663295,0.002477239519739882,0.1234650918656936
Plateau,2024,RandomForest,T+0_R-10,Drought,0.0,-10.0,2.262516705886705,2.263201282606282,0.0006845767195771124,0.030257311152485807
Rivers,2024,RandomForest,T+0_R-10,Drought,0.0,-10.0,1.9099420239020226,1.900634761997261,-0.00930726190476161,-0.4873059908775042
Sokoto,2024,RandomForest,T+0_R-10,Drought,0.0,-10.0,2.0728155444555436,2.0749230047730043,0.0021074603174606743,0.10167138716697682
Taraba,2024,RandomForest,T+0_R-10,Drought,0.0,-10.0,2.532413990268988,2.5296582363007354,-0.002755753968252783,-0.10881925225662145
Yobe,2024,RandomForest,T+0_R-10,Drought,0.0,-10.0,1.9694176791726787,1.9442339514189504,-0.025183727753728347,-1.2787398031436192
Zamfara,2024,RandomForest,T+0_R-10,Drought,0.0,-10.0,2.009601931586932,2.0024216141266145,-0.0071803174603175535,-0.3573004856064921
Abia,2024,LightGBM,T+0_R-10,Drought,0.0,-10.0,1.8857182803461676,1.933178548507874,0.047460268161706454,2.516827070955372
Adamawa,2024,LightGBM,T+0_R-10,Drought,0.0,-10.0,2.7029347260592815,2.7194601809274497,0.016525454868168143,0.6113893431774164
Akwa Ibom,2024,LightGBM,T+0_R-10,Drought,0.0,-10.0,1.7518811138048203,1.7727158397260212,0.020834725921200947,1.1892773862919888
Anambra,2024,LightGBM,T+0_R-10,Drought,0.0,-10.0,1.9608427375996522,1.962491137796327,0.0016484001966747819,0.0840659051879222
Bauchi,2024,LightGBM,T+0_R-10,Drought,0.0,-10.0,2.288970852812262,2.3010761427543804,0.012105289942118347,0.5288529527252659
Bayelsa,2024,LightGBM,T+0_R-10,Drought,0.0,-10.0,1.9780597189458775,1.840943931199451,-0.1371157877464264,-6.931832564665763
Benue,2024,LightGBM,T+0_R-10,Drought,0.0,-10.0,2.6716814124765933,2.5974719250487674,-0.07420948742782585,-2.7776323584568114
Borno,2024,LightGBM,T+0_R-10,Drought,0.0,-10.0,2.5538667935889894,2.5601442292499033,0.006277435660913877,0.24580121706708505
Cross River,2024,LightGBM,T+0_R-10,Drought,0.0,-10.0,1.7929998542711614,1.8096024818982064,0.016602627627045008,0.9259692680674438
Delta,2024,LightGBM,T+0_R-10,Drought,0.0,-10.0,1.9705492690557629,1.9721976692524377,0.0016484001966747819,0.08365181335783871
Ebonyi,2024,LightGBM,T+0_R-10,Drought,0.0,-10.0,1.8361117699485616,1.8361117699485616,0.0,0.0
Edo,2024,LightGBM,T+0_R-10,Drought,0.0,-10.0,2.0208195123023867,2.0705007568362137,0.04968124453382705,2.4584701519050336
Ekiti,2024,LightGBM,T+0_R-10,Drought,0.0,-10.0,2.12982541303054,2.0887412412098953,-0.0410841718206445,-1.9289924690205296
Enugu,2024,LightGBM,T+0_R-10,Drought,0.0,-10.0,1.9718888257207303,1.9529951480705536,-0.018893677650176688,-0.9581512610514946
FCT,2024,LightGBM,T+0_R-10,Drought,0.0,-10.0,2.675089302187353,2.5963909556877347,-0.07869834649961849,-2.9418960494241757
Gombe,2024,LightGBM,T+0_R-10,Drought,0.0,-10.0,2.757550720508127,2.7658796104995087,0.008328889991381594,0.3020394123465787
Imo,2024,LightGBM,T+0_R-10,Drought,0.0,-10.0,1.9852379020439388,1.795292292442748,-0.1899456096011909,-9.56790163061207
Jigawa,2024,LightGBM,T+0_R-10,Drought,0.0,-10.0,2.1719872802994367,2.086661545627409,-0.08532573467202775,-3.928463828769038
Kaduna,2024,LightGBM,T+0_R-10,Drought,0.0,-10.0,2.150619625529219,2.1825417059770924,0.03192208044787348,1.484320149827433
Kano,2024,LightGBM,T+0_R-10,Drought,0.0,-10.0,2.1392041565082125,2.034984744186009,-0.10421941232220355,-4.8718777964754505
Katsina,2024,LightGBM,T+0_R-10,Drought,0.0,-10.0,1.9519067976449578,1.924530656726601,-0.02737614091835683,-1.4025332024760135
Kebbi,2024,LightGBM,T+0_R-10,Drought,0.0,-10.0,2.073716090789913,2.0691341557736784,-0.004581935016234606,-0.2209528602581885
Kogi,2024,LightGBM,T+0_R-10,Drought,0.0,-10.0,2.777658283495822,2.7198736721585575,-0.057784611337264646,-2.0803354998923704
Kwara,2024,LightGBM,T+0_R-10,Drought,0.0,-10.0,2.320563274323994,2.365466138585991,0.04490286426199708,1.9349984876011528
Lagos,2024,LightGBM,T+0_R-10,Drought,0.0,-10.0,1.7457696534864193,1.6589708229146203,-0.08679883057179905,-4.9719520784689974
Nasarawa,2024,LightGBM,T+0_R-10,Drought,0.0,-10.0,2.8528243385884564,2.9083415986426404,0.055517260054184,1.946045513676923
Niger,2024,LightGBM,T+0_R-10,Drought,0.0,-10.0,2.7142918549452477,2.695398177295072,-0.0188936776501758,-0.6960812860176718
Ogun,2024,LightGBM,T+0_R-10,Drought,0.0,-10.0,2.201893978512967,2.1219271668854995,-0.07996681162746766,-3.631728521346548
Ondo,2024,LightGBM,T+0_R-10,Drought,0.0,-10.0,2.12982541303054,2.0887412412098953,-0.0410841718206445,-1.9289924690205296
Osun,2024,LightGBM,T+0_R-10,Drought,0.0,-10.0,1.6977145580657644,1.8103014901905794,0.11258693212481496,6.631676190200501
Oyo,2024,LightGBM,T+0_R-10,Drought,0.0,-10.0,1.9520850306715005,2.0525891609852867,0.10050413031378613,5.148552892658246
Plateau,2024,LightGBM,T+0_R-10,Drought,0.0,-10.0,2.117811946993451,2.1488850186073254,0.031073071613874514,1.467225249058934
Rivers,2024,LightGBM,T+0_R-10,Drought,0.0,-10.0,1.824341303572406,1.823211717680269,-0.001129585892137186,-0.0619174652201999
Sokoto,2024,LightGBM,T+0_R-10,Drought,0.0,-10.0,2.2195111565910786,2.264046962887896,0.044535806296817526,2.0065592445689506
Taraba,2024,LightGBM,T+0_R-10,Drought,0.0,-10.0,2.638245673999239,2.63254706216097,-0.005698611838269141,-0.21600004481882779
Yobe,2024,LightGBM,T+0_R-10,Drought,0.0,-10.0,1.8688686944973276,1.8541644136750126,-0.014704280822315008,-0.7868011736517444
Zamfara,2024,LightGBM,T+0_R-10,Drought,0.0,-10.0,1.9801238613872905,1.950734373682137,-0.029389487705153483,-1.4842247133249016
Abia,2024,Ridge,T+0_R-20,Drought,0.0,-20.0,2.1076467263764953,2.1202079093220934,0.012561182945598048,0.5959814227118347
Adamawa,2024,Ridge,T+0_R-20,Drought,0.0,-20.0,2.228160901514542,2.1975838818745577,-0.030577019639984382,-1.3722985453698762
Akwa Ibom,2024,Ridge,T+0_R-20,Drought,0.0,-20.0,1.872649060175104,1.891156369067041,0.01850730889193697,0.9882956334705031
Anambra,2024,Ridge,T+0_R-20,Drought,0.0,-20.0,1.995924798496167,2.009935717472283,0.01401091897611595,0.701976296234833
Bauchi,2024,Ridge,T+0_R-20,Drought,0.0,-20.0,2.1911408567156014,2.178253775616183,-0.012887081099418385,-0.5881448041060858
Bayelsa,2024,Ridge,T+0_R-20,Drought,0.0,-20.0,2.1283699370790585,2.1524840292567307,0.02411409217767213,1.1329840624776881
Benue,2024,Ridge,T+0_R-20,Drought,0.0,-20.0,2.19856824250258,2.2006678933529424,0.0020996508503623446,0.09550082684594588
Borno,2024,Ridge,T+0_R-20,Drought,0.0,-20.0,2.0703928745107003,2.0522358296098684,-0.01815704490083192,-0.8769854805998116
Cross River,2024,Ridge,T+0_R-20,Drought,0.0,-20.0,2.030445114502975,2.048952423394912,0.01850730889193697,0.911490232350718
Delta,2024,Ridge,T+0_R-20,Drought,0.0,-20.0,2.0305870274144278,2.044597946390544,0.014010918976116393,0.6899935233978459
Ebonyi,2024,Ridge,T+0_R-20,Drought,0.0,-20.0,1.9564966462995055,1.9635292202556458,0.00703257395614032,0.35944727886151234
Edo,2024,Ridge,T+0_R-20,Drought,0.0,-20.0,2.111047715517973,2.126088313532288,0.015040598014314899,0.7124707747605076
Ekiti,2024,Ridge,T+0_R-20,Drought,0.0,-20.0,2.0437113506512485,2.042839553671584,-0.0008717969796645519,-0.04265753964652324
Enugu,2024,Ridge,T+0_R-20,Drought,0.0,-20.0,2.0081454928192786,2.01324453849066,0.005099045671381308,0.25391813937856905
FCT,2024,Ridge,T+0_R-20,Drought,0.0,-20.0,2.242027472634796,2.2434082106493216,0.001380738014525651,0.061584348603143074
Gombe,2024,Ridge,T+0_R-20,Drought,0.0,-20.0,2.2229100314658363,2.2062090993179533,-0.01670093214788304,-0.7513094057553951
Imo,2024,Ridge,T+0_R-20,Drought,0.0,-20.0,2.0945526450593923,2.1129035294825718,0.018350884423179448,0.8761242868001105
Jigawa,2024,Ridge,T+0_R-20,Drought,0.0,-20.0,2.1819739435208767,2.165487947565273,-0.016485995955603627,-0.7555542083605955
Kaduna,2024,Ridge,T+0_R-20,Drought,0.0,-20.0,2.363204426464491,2.3674745650202955,0.0042701385558046034,0.18069272839815265
Kano,2024,Ridge,T+0_R-20,Drought,0.0,-20.0,2.225563194098675,2.208466252532597,-0.017096941566077994,-0.76820741875191
Katsina,2024,Ridge,T+0_R-20,Drought,0.0,-20.0,2.2080260154060616,2.160023189853906,-0.048002825552155404,-2.1740153973379504
Kebbi,2024,Ridge,T+0_R-20,Drought,0.0,-20.0,2.632935313166963,2.5409848613569292,-0.09195045181003358,-3.4923171621498437
Kogi,2024,Ridge,T+0_R-20,Drought,0.0,-20.0,2.2536363147167684,2.2482025541315243,-0.005433760585244141,-0.24111080167462792
Kwara,2024,Ridge,T+0_R-20,Drought,0.0,-20.0,2.3570629056563646,2.346384484279647,-0.010678421376717484,-0.4530393037492521
Lagos,2024,Ridge,T+0_R-20,Drought,0.0,-20.0,1.6751356367769583,1.673000055368112,-0.0021355814088463987,-0.12748707399929476
Nasarawa,2024,Ridge,T+0_R-20,Drought,0.0,-20.0,2.211695408595071,2.21278444631567,0.0010890377205989843,0.04923995032800519
Niger,2024,Ridge,T+0_R-20,Drought,0.0,-20.0,2.1097706256759228,2.106747892527668,-0.0030227331482546305,-0.14327307013700671
Ogun,2024,Ridge,T+0_R-20,Drought,0.0,-20.0,2.0336178540548344,2.0343434041806567,0.0007255501258223163,0.035677800741945716
Ondo,2024,Ridge,T+0_R-20,Drought,0.0,-20.0,2.0437113506512485,2.042839553671584,-0.0008717969796645519,-0.04265753964652324
Osun,2024,Ridge,T+0_R-20,Drought,0.0,-20.0,2.1491664004589888,2.1513004610505644,0.002134060591575615,0.09929713172138985
Oyo,2024,Ridge,T+0_R-20,Drought,0.0,-20.0,2.1484217076763903,2.1447731942018815,-0.0036485134745087855,-0.16982296638841957
Plateau,2024,Ridge,T+0_R-20,Drought,0.0,-20.0,2.2510678681752685,2.2508931242553345,-0.00017474391993399507,-0.007762712195596472
Rivers,2024,Ridge,T+0_R-20,Drought,0.0,-20.0,2.26062565983569,2.2816145757018695,0.020988915866179347,0.9284560570592166
Sokoto,2024,Ridge,T+0_R-20,Drought,0.0,-20.0,2.2451522787394262,2.2103227633523703,-0.03482951538705592,-1.551320848784986
Taraba,2024,Ridge,T+0_R-20,Drought,0.0,-20.0,2.420993047866713,2.4034685890624137,-0.017524458804299314,-0.7238541564479585
Yobe,2024,Ridge,T+0_R-20,Drought,0.0,-20.0,2.159000713191354,2.131842284910273,-0.027158428281080838,-1.2579165960967316
Zamfara,2024,Ridge,T+0_R-20,Drought,0.0,-20.0,2.1907240365142804,2.1764567774172137,-0.01426725909706672,-0.651257705638166
Abia,2024,RandomForest,T+0_R-20,Drought,0.0,-20.0,1.9242374470899457,1.9231785978835962,-0.0010588492063494659,-0.05502695147892377
Adamawa,2024,RandomForest,T+0_R-20,Drought,0.0,-20.0,2.5210381298331286,2.502676965811964,-0.018361164021164722,-0.7283175848823864
Akwa Ibom,2024,RandomForest,T+0_R-20,Drought,0.0,-20.0,1.8684125926850914,1.8516381655381642,-0.01677442714692723,-0.8977903067341639
Anambra,2024,RandomForest,T+0_R-20,Drought,0.0,-20.0,1.8766700360750341,1.8580347534872517,-0.018635282587782465,-0.9929972893240876
Bauchi,2024,RandomForest,T+0_R-20,Drought,0.0,-20.0,2.347526554186554,2.3272510779960784,-0.02027547619047576,-0.863695286186079
Bayelsa,2024,RandomForest,T+0_R-20,Drought,0.0,-20.0,1.982855864690863,1.8869257978132965,-0.09593006687756644,-4.837974791098717
Benue,2024,RandomForest,T+0_R-20,Drought,0.0,-20.0,2.7372636014911023,2.7216443290043295,-0.01561927248677275,-0.5706163074051135
Borno,2024,RandomForest,T+0_R-20,Drought,0.0,-20.0,2.659030012025013,2.6651924723424725,0.006162460317459484,0.2317559519671008
Cross River,2024,RandomForest,T+0_R-20,Drought,0.0,-20.0,1.9022551720501713,1.886616856014355,-0.015638316035816224,-0.822093495425322
Delta,2024,RandomForest,T+0_R-20,Drought,0.0,-20.0,1.9366485942760934,1.9186823593073574,-0.01796623496873595,-0.9276972095937525
Ebonyi,2024,RandomForest,T+0_R-20,Drought,0.0,-20.0,1.7944163329263327,1.791512629222629,-0.0029037037037036306,-0.16181884050109335
Edo,2024,RandomForest,T+0_R-20,Drought,0.0,-20.0,2.0688820586820573,2.0086857623857615,-0.06019629629629586,-2.9096050228519448
Ekiti,2024,RandomForest,T+0_R-20,Drought,0.0,-20.0,2.1849544208569216,2.1837063123913127,-0.0012481084656088548,-0.05712286049057979
Enugu,2024,RandomForest,T+0_R-20,Drought,0.0,-20.0,1.8868568217893207,1.8868568217893207,0.0,0.0
FCT,2024,RandomForest,T+0_R-20,Drought,0.0,-20.0,2.5084377397602404,2.4957632159507157,-0.012674523809524718,-0.5052755987771164
Gombe,2024,RandomForest,T+0_R-20,Drought,0.0,-20.0,2.5915788844488827,2.5902997532097523,-0.001279131239130482,-0.04935721798036251
Imo,2024,RandomForest,T+0_R-20,Drought,0.0,-20.0,1.9377850873200857,1.8543374675324655,-0.08344761978762016,-4.306340281678315
Jigawa,2024,RandomForest,T+0_R-20,Drought,0.0,-20.0,1.9830492814592822,1.936906638361639,-0.046142643097643266,-2.3268530706250483
Kaduna,2024,RandomForest,T+0_R-20,Drought,0.0,-20.0,2.2874002532652513,2.2895716986716974,0.002171445406446093,0.09493071461133078
Kano,2024,RandomForest,T+0_R-20,Drought,0.0,-20.0,1.9585134601509617,1.9159942297517312,-0.042519230399230556,-2.1709950564216793
Katsina,2024,RandomForest,T+0_R-20,Drought,0.0,-20.0,1.9979591144041133,1.9903018025493024,-0.007657311854810889,-0.3832566842637651
Kebbi,2024,RandomForest,T+0_R-20,Drought,0.0,-20.0,2.0630674849224846,2.061800500795501,-0.0012669841269836724,-0.061412636098584855
Kogi,2024,RandomForest,T+0_R-20,Drought,0.0,-20.0,2.7516167929292936,2.7395843061568064,-0.01203248677248725,-0.4372878811979412
Kwara,2024,RandomForest,T+0_R-20,Drought,0.0,-20.0,2.33390232850483,2.309212742165242,-0.024689586339587954,-1.0578671625648046
Lagos,2024,RandomForest,T+0_R-20,Drought,0.0,-20.0,1.6620472915972913,1.6520718550893547,-0.00997543650793653,-0.6001896912541973
Nasarawa,2024,RandomForest,T+0_R-20,Drought,0.0,-20.0,2.855585733525734,2.8445914478114482,-0.010994285714285734,-0.385009827763473
Niger,2024,RandomForest,T+0_R-20,Drought,0.0,-20.0,2.7895873544973533,2.7648896164021153,-0.02469773809523801,-0.8853545330072022
Ogun,2024,RandomForest,T+0_R-20,Drought,0.0,-20.0,2.039880582935582,1.9558925709475696,-0.08398801198801253,-4.117300428790091
Ondo,2024,RandomForest,T+0_R-20,Drought,0.0,-20.0,2.1849544208569216,2.1837063123913127,-0.0012481084656088548,-0.05712286049057979
Osun,2024,RandomForest,T+0_R-20,Drought,0.0,-20.0,1.9470981176231177,1.905482248677248,-0.04161586894586966,-2.137327778667437
Oyo,2024,RandomForest,T+0_R-20,Drought,0.0,-20.0,2.0064290904465896,1.949484557479556,-0.0569445329670335,-2.838103436506636
Plateau,2024,RandomForest,T+0_R-20,Drought,0.0,-20.0,2.262516705886705,2.2527239942464927,-0.009792711640212115,-0.4328238379293754
Rivers,2024,RandomForest,T+0_R-20,Drought,0.0,-20.0,1.9099420239020226,1.8930198189773175,-0.016922204924705087,-0.8860062092425677
Sokoto,2024,RandomForest,T+0_R-20,Drought,0.0,-20.0,2.0728155444555436,2.0694667349317344,-0.0033488095238092264,-0.16155849143290954
Taraba,2024,RandomForest,T+0_R-20,Drought,0.0,-20.0,2.532413990268988,2.518451543179042,-0.013962447089946206,-0.5513493111157208
Yobe,2024,RandomForest,T+0_R-20,Drought,0.0,-20.0,1.9694176791726787,1.9419006180856173,-0.027517061087061423,-1.3972181410812208
Zamfara,2024,RandomForest,T+0_R-20,Drought,0.0,-20.0,2.009601931586932,1.9554264442039444,-0.05417548738298761,-2.6958317730221624
Abia,2024,LightGBM,T+0_R-20,Drought,0.0,-20.0,1.8857182803461676,1.933178548507874,0.047460268161706454,2.516827070955372
Adamawa,2024,LightGBM,T+0_R-20,Drought,0.0,-20.0,2.7029347260592815,2.6769402616311138,-0.025994464428167774,-0.9617126221196678
Akwa Ibom,2024,LightGBM,T+0_R-20,Drought,0.0,-20.0,1.7518811138048203,1.7506304966736674,-0.0012506171311528202,-0.0713871004886096
Anambra,2024,LightGBM,T+0_R-20,Drought,0.0,-20.0,1.9608427375996522,1.962491137796327,0.0016484001966747819,0.0840659051879222
Bauchi,2024,LightGBM,T+0_R-20,Drought,0.0,-20.0,2.288970852812262,2.3224966549412107,0.03352580212894862,1.4646670615206108
Bayelsa,2024,LightGBM,T+0_R-20,Drought,0.0,-20.0,1.9780597189458775,1.7814337577290302,-0.19662596121684728,-9.940345042849904
Benue,2024,LightGBM,T+0_R-20,Drought,0.0,-20.0,2.6716814124765933,2.5974719250487674,-0.07420948742782585,-2.7776323584568114
Borno,2024,LightGBM,T+0_R-20,Drought,0.0,-20.0,2.5538667935889894,2.5572272614078777,0.003360467818888324,0.13158351983447836
Cross River,2024,LightGBM,T+0_R-20,Drought,0.0,-20.0,1.7929998542711614,1.7814337577290302,-0.011566096542131143,-0.6450695751357247
Delta,2024,LightGBM,T+0_R-20,Drought,0.0,-20.0,1.9705492690557629,1.9721976692524377,0.0016484001966747819,0.08365181335783871
Ebonyi,2024,LightGBM,T+0_R-20,Drought,0.0,-20.0,1.8361117699485616,1.8361117699485616,0.0,0.0
Edo,2024,LightGBM,T+0_R-20,Drought,0.0,-20.0,2.0208195123023867,2.0212938050322764,0.000474292729889747,0.023470316225785527
Ekiti,2024,LightGBM,T+0_R-20,Drought,0.0,-20.0,2.12982541303054,2.0887412412098953,-0.0410841718206445,-1.9289924690205296
Enugu,2024,LightGBM,T+0_R-20,Drought,0.0,-20.0,1.9718888257207303,1.9529951480705536,-0.018893677650176688,-0.9581512610514946
FCT,2024,LightGBM,T+0_R-20,Drought,0.0,-20.0,2.675089302187353,2.58537349248515,-0.08971580970220305,-3.353750083365243
Gombe,2024,LightGBM,T+0_R-20,Drought,0.0,-20.0,2.757550720508127,2.769409502546014,0.011858782037887039,0.43004764879544444
Imo,2024,LightGBM,T+0_R-20,Drought,0.0,-20.0,1.9852379020439388,1.7743942748928783,-0.21084362715106053,-10.620572322036697
Jigawa,2024,LightGBM,T+0_R-20,Drought,0.0,-20.0,2.1719872802994367,2.0656776339049494,-0.10630964639448726,-4.8945796026867665
Kaduna,2024,LightGBM,T+0_R-20,Drought,0.0,-20.0,2.150619625529219,2.2225297737051823,0.07191014817596342,3.3436944089203107
Kano,2024,LightGBM,T+0_R-20,Drought,0.0,-20.0,2.1392041565082125,2.0414145772080885,-0.097789579300124,-4.571306530169814
Katsina,2024,LightGBM,T+0_R-20,Drought,0.0,-20.0,1.9519067976449578,1.9114252381347296,-0.04048155951022814,-2.073949409831992
Kebbi,2024,LightGBM,T+0_R-20,Drought,0.0,-20.0,2.073716090789913,2.066997611355011,-0.006718479434902225,-0.32398260614079744
Kogi,2024,LightGBM,T+0_R-20,Drought,0.0,-20.0,2.777658283495822,2.6551845378793835,-0.12247374561643865,-4.409244518814578
Kwara,2024,LightGBM,T+0_R-20,Drought,0.0,-20.0,2.320563274323994,2.2565146752561502,-0.06404859906784388,-2.7600453638352933
Lagos,2024,LightGBM,T+0_R-20,Drought,0.0,-20.0,1.7457696534864193,1.6517790829209815,-0.0939905705654378,-5.383904478906041
Nasarawa,2024,LightGBM,T+0_R-20,Drought,0.0,-20.0,2.8528243385884564,2.861596549191071,0.00877221060261446,0.3074921397703318
Niger,2024,LightGBM,T+0_R-20,Drought,0.0,-20.0,2.7142918549452477,2.695398177295072,-0.0188936776501758,-0.6960812860176718
Ogun,2024,LightGBM,T+0_R-20,Drought,0.0,-20.0,2.201893978512967,1.9491091002446974,-0.2527848782682698,-11.480338323963544
Ondo,2024,LightGBM,T+0_R-20,Drought,0.0,-20.0,2.12982541303054,2.0887412412098953,-0.0410841718206445,-1.9289924690205296
Osun,2024,LightGBM,T+0_R-20,Drought,0.0,-20.0,1.6977145580657644,1.6607435066837004,-0.036971051382064024,-2.1776953732543696
Oyo,2024,LightGBM,T+0_R-20,Drought,0.0,-20.0,1.9520850306715005,1.8637937799820201,-0.0882912506894804,-4.522920328891051
Plateau,2024,LightGBM,T+0_R-20,Drought,0.0,-20.0,2.117811946993451,2.13233730403572,0.014525357042268983,0.6858662339160891
Rivers,2024,LightGBM,T+0_R-20,Drought,0.0,-20.0,1.824341303572406,1.7814337577290302,-0.04290754584337586,-2.3519472896521476
Sokoto,2024,LightGBM,T+0_R-20,Drought,0.0,-20.0,2.2195111565910786,2.260714648377301,0.04120349178622229,1.856421927137607
Taraba,2024,LightGBM,T+0_R-20,Drought,0.0,-20.0,2.638245673999239,2.6757208972691364,0.037475223269897384,1.4204599533405013
Yobe,2024,LightGBM,T+0_R-20,Drought,0.0,-20.0,1.8688686944973276,1.8155475315535718,-0.05332116294375577,-2.8531251607324744
Zamfara,2024,LightGBM,T+0_R-20,Drought,0.0,-20.0,1.9801238613872905,1.9016295739238944,-0.07849428746339604,-3.9641099728176763
Abia,2024,Ridge,T+0_R-30,Drought,0.0,-30.0,2.1076467263764953,2.1264885007948924,0.018841774418397073,0.8939721340677522
Adamawa,2024,Ridge,T+0_R-30,Drought,0.0,-30.0,2.228160901514542,2.1822953720545653,-0.045865529459976795,-2.0584478180548245
Akwa Ibom,2024,Ridge,T+0_R-30,Drought,0.0,-30.0,1.872649060175104,1.9004100235130097,0.027760963337905675,1.4824434502057666
Anambra,2024,Ridge,T+0_R-30,Drought,0.0,-30.0,1.995924798496167,2.016941176960341,0.021016378464174146,1.0529644443522608
Bauchi,2024,Ridge,T+0_R-30,Drought,0.0,-30.0,2.1911408567156014,2.1718102350664736,-0.0193306216491278,-0.882217206159139
Bayelsa,2024,Ridge,T+0_R-30,Drought,0.0,-30.0,2.1283699370790585,2.164541075345567,0.03617113826650842,1.6994760937165427
Benue,2024,Ridge,T+0_R-30,Drought,0.0,-30.0,2.19856824250258,2.201717718778123,0.0031494762755430727,0.14325124026889863
Borno,2024,Ridge,T+0_R-30,Drought,0.0,-30.0,2.0703928745107003,2.0431573071594524,-0.02723556735124788,-1.3154782208997173
Cross River,2024,Ridge,T+0_R-30,Drought,0.0,-30.0,2.030445114502975,2.0582060778408806,0.027760963337905675,1.367235348526088
Delta,2024,Ridge,T+0_R-30,Drought,0.0,-30.0,2.0305870274144278,2.051603405878602,0.021016378464174146,1.034990285096747
Ebonyi,2024,Ridge,T+0_R-30,Drought,0.0,-30.0,1.9564966462995055,1.967045507233716,0.010548860934210591,0.5391709182922741
Edo,2024,Ridge,T+0_R-30,Drought,0.0,-30.0,2.111047715517973,2.1336086125394456,0.02256089702147257,1.068706162140772
Ekiti,2024,Ridge,T+0_R-30,Drought,0.0,-30.0,2.0437113506512485,2.0424036551817517,-0.001307695469496828,-0.06398630946978486
Enugu,2024,Ridge,T+0_R-30,Drought,0.0,-30.0,2.0081454928192786,2.0157940613263503,0.00764856850707174,0.3808772090678425
FCT,2024,Ridge,T+0_R-30,Drought,0.0,-30.0,2.242027472634796,2.244098579656584,0.0020711070217882543,0.0923765229047047
Gombe,2024,Ridge,T+0_R-30,Drought,0.0,-30.0,2.2229100314658363,2.197858633244012,-0.02505139822182434,-1.1269641086330826
Imo,2024,Ridge,T+0_R-30,Drought,0.0,-30.0,2.0945526450593923,2.1220789716941617,0.027526326634769394,1.3141864302001762
Jigawa,2024,Ridge,T+0_R-30,Drought,0.0,-30.0,2.1819739435208767,2.1572449495874713,-0.02472899393340544,-1.1333313125408933
Kaduna,2024,Ridge,T+0_R-30,Drought,0.0,-30.0,2.363204426464491,2.369609634298198,0.006405207833707127,0.27103909259723835
Kano,2024,Ridge,T+0_R-30,Drought,0.0,-30.0,2.225563194098675,2.1999177817495585,-0.025645412349116548,-1.152311128127845
Katsina,2024,Ridge,T+0_R-30,Drought,0.0,-30.0,2.2080260154060616,2.1360217770778283,-0.07200423832823333,-3.2610230960069355
Kebbi,2024,Ridge,T+0_R-30,Drought,0.0,-30.0,2.632935313166963,2.4950096354519125,-0.13792567771505038,-5.2384757432247655
Kogi,2024,Ridge,T+0_R-30,Drought,0.0,-30.0,2.2536363147167684,2.2454856738389024,-0.008150640877865989,-0.361666202511932
Kwara,2024,Ridge,T+0_R-30,Drought,0.0,-30.0,2.3570629056563646,2.3410452735912886,-0.016017632065076004,-0.6795589556238687
Lagos,2024,Ridge,T+0_R-30,Drought,0.0,-30.0,1.6751356367769583,1.6719322646636887,-0.003203372113269598,-0.19123061099894217
Nasarawa,2024,Ridge,T+0_R-30,Drought,0.0,-30.0,2.211695408595071,2.2133289651759696,0.0016335565808986985,0.07385992549201782
Niger,2024,Ridge,T+0_R-30,Drought,0.0,-30.0,2.1097706256759228,2.105236525953541,-0.004534099722381946,-0.21490960520551008
Ogun,2024,Ridge,T+0_R-30,Drought,0.0,-30.0,2.0336178540548344,2.0347061792435674,0.0010883251887330303,0.053516701112896733
Ondo,2024,Ridge,T+0_R-30,Drought,0.0,-30.0,2.0437113506512485,2.0424036551817517,-0.001307695469496828,-0.06398630946978486
Osun,2024,Ridge,T+0_R-30,Drought,0.0,-30.0,2.1491664004589888,2.152367491346352,0.0032010908873632005,0.14894569758207443
Oyo,2024,Ridge,T+0_R-30,Drought,0.0,-30.0,2.1484217076763903,2.1429489374646273,-0.005472770211762956,-0.254734449582619
Plateau,2024,Ridge,T+0_R-30,Drought,0.0,-30.0,2.2510678681752685,2.2508057522953675,-0.0002621158799009926,-0.011644068293394708
Rivers,2024,Ridge,T+0_R-30,Drought,0.0,-30.0,2.26062565983569,2.2921090336349597,0.031483373799269465,1.3926840855888445
Sokoto,2024,Ridge,T+0_R-30,Drought,0.0,-30.0,2.2451522787394262,2.1929080056588424,-0.05224427308058388,-2.326981273177479
Taraba,2024,Ridge,T+0_R-30,Drought,0.0,-30.0,2.420993047866713,2.3947063596602645,-0.026286688206448527,-1.0857812346719193
Yobe,2024,Ridge,T+0_R-30,Drought,0.0,-30.0,2.159000713191354,2.118263070769733,-0.04073764242162081,-1.8868748941450768
Zamfara,2024,Ridge,T+0_R-30,Drought,0.0,-30.0,2.1907240365142804,2.16932314786868,-0.021400888645600524,-0.9768865584572692
Abia,2024,RandomForest,T+0_R-30,Drought,0.0,-30.0,1.9242374470899457,1.9231785978835967,-0.0010588492063490218,-0.055026951478900694
Adamawa,2024,RandomForest,T+0_R-30,Drought,0.0,-30.0,2.5210381298331286,2.497017838827837,-0.024020291005291572,-0.9527936416765547
Akwa Ibom,2024,RandomForest,T+0_R-30,Drought,0.0,-30.0,1.8684125926850914,1.8508247925222914,-0.017587800162800038,-0.9413231441308502
Anambra,2024,RandomForest,T+0_R-30,Drought,0.0,-30.0,1.8766700360750341,1.858034753487252,-0.01863528258778202,-0.9929972893240638
Bauchi,2024,RandomForest,T+0_R-30,Drought,0.0,-30.0,2.347526554186554,2.325327096514597,-0.0221994576719573,-0.9456531016600014
Bayelsa,2024,RandomForest,T+0_R-30,Drought,0.0,-30.0,1.982855864690863,1.8861124247974232,-0.0967434398934397,-4.87899507050264
Benue,2024,RandomForest,T+0_R-30,Drought,0.0,-30.0,2.7372636014911023,2.7137982178932183,-0.02346538359788397,-0.8572569914385079
Borno,2024,RandomForest,T+0_R-30,Drought,0.0,-30.0,2.659030012025013,2.674663107263107,0.015633095238094086,0.5879247382465057
Cross River,2024,RandomForest,T+0_R-30,Drought,0.0,-30.0,1.9022551720501713,1.8858034829984816,-0.0164516890516897,-0.8648518502361991
Delta,2024,RandomForest,T+0_R-30,Drought,0.0,-30.0,1.9366485942760934,1.9186823593073583,-0.017966234968735062,-0.9276972095937065
Ebonyi,2024,RandomForest,T+0_R-30,Drought,0.0,-30.0,1.7944163329263327,1.791512629222629,-0.0029037037037036306,-0.16181884050109335
Edo,2024,RandomForest,T+0_R-30,Drought,0.0,-30.0,2.0688820586820573,2.0086857623857615,-0.06019629629629586,-2.9096050228519448
Ekiti,2024,RandomForest,T+0_R-30,Drought,0.0,-30.0,2.1849544208569216,2.186205201280202,0.0012507804232804176,0.05724514943382076
Enugu,2024,RandomForest,T+0_R-30,Drought,0.0,-30.0,1.8868568217893207,1.8868568217893207,0.0,0.0
FCT,2024,RandomForest,T+0_R-30,Drought,0.0,-30.0,2.5084377397602404,2.492058771506272,-0.016378968253968562,-0.6529549445996649
Gombe,2024,RandomForest,T+0_R-30,Drought,0.0,-30.0,2.5915788844488827,2.5842020151145135,-0.007376869334369207,-0.28464768634422444
Imo,2024,RandomForest,T+0_R-30,Drought,0.0,-30.0,1.9377850873200857,1.8570981818181804,-0.08068690550190527,-4.163872765348478
Jigawa,2024,RandomForest,T+0_R-30,Drought,0.0,-30.0,1.9830492814592822,1.9233373526473534,-0.05971192881192877,-3.011116736745346
Kaduna,2024,RandomForest,T+0_R-30,Drought,0.0,-30.0,2.2874002532652513,2.2870622277722266,-0.0003380254930247517,-0.014777715117510463
Kano,2024,RandomForest,T+0_R-30,Drought,0.0,-30.0,1.9585134601509617,1.899881055148556,-0.05863240500240563,-2.99371978775608
Katsina,2024,RandomForest,T+0_R-30,Drought,0.0,-30.0,1.9979591144041133,1.9681957046657053,-0.029763409738408075,-1.4896906309959672
Kebbi,2024,RandomForest,T+0_R-30,Drought,0.0,-30.0,2.0630674849224846,2.0622376436526437,-0.0008298412698408697,-0.04022366092750714
Kogi,2024,RandomForest,T+0_R-30,Drought,0.0,-30.0,2.7516167929292936,2.7340009728234733,-0.0176158201058203,-0.6401988878352133
Kwara,2024,RandomForest,T+0_R-30,Drought,0.0,-30.0,2.33390232850483,2.3178344088319096,-0.01606791967292054,-0.68845724504736
Lagos,2024,RandomForest,T+0_R-30,Drought,0.0,-30.0,1.6620472915972913,1.652071855089355,-0.009975436507936308,-0.600189691254184
Nasarawa,2024,RandomForest,T+0_R-30,Drought,0.0,-30.0,2.855585733525734,2.8425306012506013,-0.013055132275132664,-0.45717878899099823
Niger,2024,RandomForest,T+0_R-30,Drought,0.0,-30.0,2.7895873544973533,2.76160406084656,-0.02798329365079333,-1.0031338006203268
Ogun,2024,RandomForest,T+0_R-30,Drought,0.0,-30.0,2.039880582935582,1.956524713804713,-0.08335586913086912,-4.086311219792685
Ondo,2024,RandomForest,T+0_R-30,Drought,0.0,-30.0,2.1849544208569216,2.186205201280202,0.0012507804232804176,0.05724514943382076
Osun,2024,RandomForest,T+0_R-30,Drought,0.0,-30.0,1.9470981176231177,1.9075776058201055,-0.03952051180301219,-2.029713420464711
Oyo,2024,RandomForest,T+0_R-30,Drought,0.0,-30.0,2.0064290904465896,1.9507762241462236,-0.05565286630036592,-2.7737270439982877
Plateau,2024,RandomForest,T+0_R-30,Drought,0.0,-30.0,2.262516705886705,2.2478034819809802,-0.014713223905724604,-0.6503034372052662
Rivers,2024,RandomForest,T+0_R-30,Drought,0.0,-30.0,1.9099420239020226,1.8961592237392222,-0.013782800162800424,-0.7216344784456904
Sokoto,2024,RandomForest,T+0_R-30,Drought,0.0,-30.0,2.0728155444555436,2.0374211926036914,-0.035394351851852246,-1.7075495186499632
Taraba,2024,RandomForest,T+0_R-30,Drought,0.0,-30.0,2.532413990268988,2.506530723073222,-0.02588326719576628,-1.0220788265751528
Yobe,2024,RandomForest,T+0_R-30,Drought,0.0,-30.0,1.9694176791726787,1.9254090379990376,-0.044008641173641116,-2.23460171191966
Zamfara,2024,RandomForest,T+0_R-30,Drought,0.0,-30.0,2.009601931586932,1.961971576479077,-0.04763035510785496,-2.37013880008776
Abia,2024,LightGBM,T+0_R-30,Drought,0.0,-30.0,1.8857182803461676,1.922431711035208,0.03671343068904043,1.946920230433404
Adamawa,2024,LightGBM,T+0_R-30,Drought,0.0,-30.0,2.7029347260592815,2.583341869318306,-0.11959285674097542,-4.424555857304579
Akwa Ibom,2024,LightGBM,T+0_R-30,Drought,0.0,-30.0,1.7518811138048203,1.7506304966736674,-0.0012506171311528202,-0.0713871004886096
Anambra,2024,LightGBM,T+0_R-30,Drought,0.0,-30.0,1.9608427375996522,1.951744300323661,-0.009098437275991245,-0.4640064754570279
Bauchi,2024,LightGBM,T+0_R-30,Drought,0.0,-30.0,2.288970852812262,2.2998489035458407,0.010878050733578615,0.47523762568726846
Bayelsa,2024,LightGBM,T+0_R-30,Drought,0.0,-30.0,1.9780597189458775,1.7814337577290302,-0.19662596121684728,-9.940345042849904
Benue,2024,LightGBM,T+0_R-30,Drought,0.0,-30.0,2.6716814124765933,2.5432373812440523,-0.128444031232541,-4.807610317334807
Borno,2024,LightGBM,T+0_R-30,Drought,0.0,-30.0,2.5538667935889894,2.5043176605042734,-0.04954913308471598,-1.9401612178481635
Cross River,2024,LightGBM,T+0_R-30,Drought,0.0,-30.0,1.7929998542711614,1.7814337577290302,-0.011566096542131143,-0.6450695751357247
Delta,2024,LightGBM,T+0_R-30,Drought,0.0,-30.0,1.9705492690557629,1.9614508317797716,-0.009098437275991245,-0.46172087239163445
Ebonyi,2024,LightGBM,T+0_R-30,Drought,0.0,-30.0,1.8361117699485616,1.8361117699485616,0.0,0.0
Edo,2024,LightGBM,T+0_R-30,Drought,0.0,-30.0,2.0208195123023867,2.0117555414988932,-0.009063970803493415,-0.4485294578913944
Ekiti,2024,LightGBM,T+0_R-30,Drought,0.0,-30.0,2.12982541303054,2.081549501216257,-0.048275911814283035,-2.2666605215115254
Enugu,2024,LightGBM,T+0_R-30,Drought,0.0,-30.0,1.9718888257207303,1.9529951480705536,-0.018893677650176688,-0.9581512610514946
FCT,2024,LightGBM,T+0_R-30,Drought,0.0,-30.0,2.675089302187353,2.550321267640878,-0.124768034546475,-4.664069885235432
Gombe,2024,LightGBM,T+0_R-30,Drought,0.0,-30.0,2.757550720508127,2.779343542235027,0.02179282172689989,0.7902963149444511
Imo,2024,LightGBM,T+0_R-30,Drought,0.0,-30.0,1.9852379020439388,1.791030775375508,-0.19420712666843087,-9.782561901950457
Jigawa,2024,LightGBM,T+0_R-30,Drought,0.0,-30.0,2.1719872802994367,1.9797977501468866,-0.19218953015255003,-8.848556890538244
Kaduna,2024,LightGBM,T+0_R-30,Drought,0.0,-30.0,2.150619625529219,2.1558686873423847,0.005249061813165756,0.24407206885197472
Kano,2024,LightGBM,T+0_R-30,Drought,0.0,-30.0,2.1392041565082125,1.9497033357988305,-0.189500820709382,-8.858472910724943
Katsina,2024,LightGBM,T+0_R-30,Drought,0.0,-30.0,1.9519067976449578,1.901359701509892,-0.050547096135065805,-2.589626522949385
Kebbi,2024,LightGBM,T+0_R-30,Drought,0.0,-30.0,2.073716090789913,2.0611905040536027,-0.012525586736310323,-0.6040164703326925
Kogi,2024,LightGBM,T+0_R-30,Drought,0.0,-30.0,2.777658283495822,2.6551845378793835,-0.12247374561643865,-4.409244518814578
Kwara,2024,LightGBM,T+0_R-30,Drought,0.0,-30.0,2.320563274323994,2.2282513187543675,-0.09231195556962657,-3.9779977814445964
Lagos,2024,LightGBM,T+0_R-30,Drought,0.0,-30.0,1.7457696534864193,1.6517790829209815,-0.0939905705654378,-5.383904478906041
Nasarawa,2024,LightGBM,T+0_R-30,Drought,0.0,-30.0,2.8528243385884564,2.7167365121779343,-0.13608782641052208,-4.77028412053778
Niger,2024,LightGBM,T+0_R-30,Drought,0.0,-30.0,2.7142918549452477,2.630709043015898,-0.0835828119293498,-3.0793597887076083
Ogun,2024,LightGBM,T+0_R-30,Drought,0.0,-30.0,2.201893978512967,1.9999302931517187,-0.20196368536124853,-9.172271114417743
Ondo,2024,LightGBM,T+0_R-30,Drought,0.0,-30.0,2.12982541303054,2.081549501216257,-0.048275911814283035,-2.2666605215115254
Osun,2024,LightGBM,T+0_R-30,Drought,0.0,-30.0,1.6977145580657644,1.7455417057959712,0.0478271477302068,2.8171489431472563
Oyo,2024,LightGBM,T+0_R-30,Drought,0.0,-30.0,1.9520850306715005,1.9491846058996043,-0.002900424771896226,-0.1485808623253724
Plateau,2024,LightGBM,T+0_R-30,Drought,0.0,-30.0,2.117811946993451,2.1572300909255,0.03941814393204934,1.8612674268841132
Rivers,2024,LightGBM,T+0_R-30,Drought,0.0,-30.0,1.824341303572406,1.81740593178447,-0.006935371787936129,-0.380157582046482
Sokoto,2024,LightGBM,T+0_R-30,Drought,0.0,-30.0,2.2195111565910786,2.164748039054239,-0.05476311753683971,-2.467350406156541
Taraba,2024,LightGBM,T+0_R-30,Drought,0.0,-30.0,2.638245673999239,2.605341849041863,-0.03290382495737587,-1.247185782645402
Yobe,2024,LightGBM,T+0_R-30,Drought,0.0,-30.0,1.8688686944973276,1.7178264077730614,-0.15104228672426623,-8.082017060320672
Zamfara,2024,LightGBM,T+0_R-30,Drought,0.0,-30.0,1.9801238613872905,1.9016295739238944,-0.07849428746339604,-3.9641099728176763
Abia,2024,Ridge,T+1_R0,Heat,1.0,0.0,2.1076467263764953,2.1284539504842592,0.020807224107763922,0.9872254134133798
Adamawa,2024,Ridge,T+1_R0,Heat,1.0,0.0,2.228160901514542,2.2813988014253077,0.05323789991076566,2.389320262938749
Akwa Ibom,2024,Ridge,T+1_R0,Heat,1.0,0.0,1.872649060175104,1.893456284282868,0.020807224107763922,1.1111117694320323
Anambra,2024,Ridge,T+1_R0,Heat,1.0,0.0,1.995924798496167,2.016732022603931,0.020807224107763922,1.0424853743708762
Bauchi,2024,Ridge,T+1_R0,Heat,1.0,0.0,2.1911408567156014,2.2443787566263667,0.05323789991076522,2.4296886139289957
Bayelsa,2024,Ridge,T+1_R0,Heat,1.0,0.0,2.1283699370790585,2.149177161186823,0.020807224107764366,0.9776131369492971
Benue,2024,Ridge,T+1_R0,Heat,1.0,0.0,2.19856824250258,2.2411147108299385,0.04254646832735842,1.9351897978353743
Borno,2024,Ridge,T+1_R0,Heat,1.0,0.0,2.0703928745107003,2.123630774421465,0.053237899910764774,2.5713911869671877
Cross River,2024,Ridge,T+1_R0,Heat,1.0,0.0,2.030445114502975,2.0512523386107393,0.020807224107764366,1.0247617115647911
Delta,2024,Ridge,T+1_R0,Heat,1.0,0.0,2.0305870274144278,2.051394251522192,0.020807224107764366,1.0246900933991718
Ebonyi,2024,Ridge,T+1_R0,Heat,1.0,0.0,1.9564966462995055,1.9773038704072694,0.020807224107763922,1.0634939828350054
Edo,2024,Ridge,T+1_R0,Heat,1.0,0.0,2.111047715517973,2.131854939625737,0.020807224107763922,0.9856349505893853
Ekiti,2024,Ridge,T+1_R0,Heat,1.0,0.0,2.0437113506512485,2.0645185747590125,0.020807224107763922,1.0181097296902273
Enugu,2024,Ridge,T+1_R0,Heat,1.0,0.0,2.0081454928192786,2.0289527169270425,0.020807224107763922,1.036141264772216
FCT,2024,Ridge,T+1_R0,Heat,1.0,0.0,2.242027472634796,2.284573940962154,0.04254646832735798,1.8976782776599088
Gombe,2024,Ridge,T+1_R0,Heat,1.0,0.0,2.2229100314658363,2.2761479313766015,0.05323789991076522,2.3949642206463464
Imo,2024,Ridge,T+1_R0,Heat,1.0,0.0,2.0945526450593923,2.1153598691671567,0.020807224107764366,0.9933970462305742
Jigawa,2024,Ridge,T+1_R0,Heat,1.0,0.0,2.1819739435208767,2.235211843431642,0.05323789991076522,2.4398962264810313
Kaduna,2024,Ridge,T+1_R0,Heat,1.0,0.0,2.363204426464491,2.4164423263752566,0.05323789991076566,2.2527843683169237
Kano,2024,Ridge,T+1_R0,Heat,1.0,0.0,2.225563194098675,2.2788010940094408,0.05323789991076566,2.3921091098168676
Katsina,2024,Ridge,T+1_R0,Heat,1.0,0.0,2.2080260154060616,2.2612639153168277,0.05323789991076611,2.41110836282314
Kebbi,2024,Ridge,T+1_R0,Heat,1.0,0.0,2.632935313166963,2.686173213077728,0.05323789991076522,2.021998020404432
Kogi,2024,Ridge,T+1_R0,Heat,1.0,0.0,2.2536363147167684,2.296182783044127,0.04254646832735842,1.887903032513281
Kwara,2024,Ridge,T+1_R0,Heat,1.0,0.0,2.3570629056563646,2.399609373983723,0.04254646832735842,1.805062912205588
Lagos,2024,Ridge,T+1_R0,Heat,1.0,0.0,1.6751356367769583,1.6959428608847225,0.020807224107764144,1.2421217512749143
Nasarawa,2024,Ridge,T+1_R0,Heat,1.0,0.0,2.211695408595071,2.2542418769224284,0.042546468327357534,1.9237037867879017
Niger,2024,Ridge,T+1_R0,Heat,1.0,0.0,2.1097706256759228,2.152317094003281,0.04254646832735842,2.016639525148735
Ogun,2024,Ridge,T+1_R0,Heat,1.0,0.0,2.0336178540548344,2.054425078162599,0.020807224107764366,1.023162934288603
Ondo,2024,Ridge,T+1_R0,Heat,1.0,0.0,2.0437113506512485,2.0645185747590125,0.020807224107763922,1.0181097296902273
Osun,2024,Ridge,T+1_R0,Heat,1.0,0.0,2.1491664004589888,2.169973624566753,0.020807224107764366,0.9681532385449844
Oyo,2024,Ridge,T+1_R0,Heat,1.0,0.0,2.1484217076763903,2.1692289317841547,0.020807224107764366,0.9684888229075039
Plateau,2024,Ridge,T+1_R0,Heat,1.0,0.0,2.2510678681752685,2.2936143365026265,0.04254646832735798,1.8900571115097673
Rivers,2024,Ridge,T+1_R0,Heat,1.0,0.0,2.26062565983569,2.281432883943454,0.020807224107763922,0.9204188237550246
Sokoto,2024,Ridge,T+1_R0,Heat,1.0,0.0,2.2451522787394262,2.2983901786501915,0.05323789991076522,2.3712378182497456
Taraba,2024,Ridge,T+1_R0,Heat,1.0,0.0,2.420993047866713,2.474230947777478,0.05323789991076522,2.1990108545613722
Yobe,2024,Ridge,T+1_R0,Heat,1.0,0.0,2.159000713191354,2.212238613102119,0.05323789991076522,2.4658583753810324
Zamfara,2024,Ridge,T+1_R0,Heat,1.0,0.0,2.1907240365142804,2.2439619364250456,0.05323789991076522,2.4301509009538904
Abia,2024,RandomForest,T+1_R0,Heat,1.0,0.0,1.9242374470899457,1.8450129406704385,-0.07922450641950718,-4.117189723093667
Adamawa,2024,RandomForest,T+1_R0,Heat,1.0,0.0,2.5210381298331286,2.5154141086691073,-0.005624021164021276,-0.22308354234981514
Akwa Ibom,2024,RandomForest,T+1_R0,Heat,1.0,0.0,1.8684125926850914,1.8640576852776838,-0.004354907407407627,-0.23308060673842917
Anambra,2024,RandomForest,T+1_R0,Heat,1.0,0.0,1.8766700360750341,1.82309012080512,-0.053579915269914125,-2.8550525260143207
Bauchi,2024,RandomForest,T+1_R0,Heat,1.0,0.0,2.347526554186554,2.396087471694971,0.048560917508416956,2.0685992847158183
Bayelsa,2024,RandomForest,T+1_R0,Heat,1.0,0.0,1.982855864690863,1.9807065128390116,-0.0021493518518513888,-0.1083967770994027
Benue,2024,RandomForest,T+1_R0,Heat,1.0,0.0,2.7372636014911023,2.686529219576721,-0.05073438191438129,-1.8534708124838304
Borno,2024,RandomForest,T+1_R0,Heat,1.0,0.0,2.659030012025013,2.656956916786918,-0.0020730952380949574,-0.0779643414598457
Cross River,2024,RandomForest,T+1_R0,Heat,1.0,0.0,1.9022551720501713,1.897900264642764,-0.0043549074074071825,-0.22893392387066794
Delta,2024,RandomForest,T+1_R0,Heat,1.0,0.0,1.9366485942760934,1.8767466948791935,-0.05990189939689983,-3.0930701405481753
Ebonyi,2024,RandomForest,T+1_R0,Heat,1.0,0.0,1.7944163329263327,1.7905735551485555,-0.0038427777777771954,-0.21415196168608186
Edo,2024,RandomForest,T+1_R0,Heat,1.0,0.0,2.0688820586820573,1.957529586894586,-0.11135247178747143,-5.382253247360386
Ekiti,2024,RandomForest,T+1_R0,Heat,1.0,0.0,2.1849544208569216,1.9723653583453586,-0.21258906251156295,-9.729679506457952
Enugu,2024,RandomForest,T+1_R0,Heat,1.0,0.0,1.8868568217893207,1.7964886080586078,-0.09036821373071291,-4.789351936360283
FCT,2024,RandomForest,T+1_R0,Heat,1.0,0.0,2.5084377397602404,2.8215856938431942,0.3131479540829538,12.483784194415959
Gombe,2024,RandomForest,T+1_R0,Heat,1.0,0.0,2.5915788844488827,2.587710052632551,-0.003868831816331575,-0.149284740647758
Imo,2024,RandomForest,T+1_R0,Heat,1.0,0.0,1.9377850873200857,1.9317514334739319,-0.006033653846153841,-0.31136857671344
Jigawa,2024,RandomForest,T+1_R0,Heat,1.0,0.0,1.9830492814592822,2.0096388455988454,0.02658956413956326,1.3408423274280197
Kaduna,2024,RandomForest,T+1_R0,Heat,1.0,0.0,2.2874002532652513,2.157309434084433,-0.13009081918081833,-5.687278341213541
Kano,2024,RandomForest,T+1_R0,Heat,1.0,0.0,1.9585134601509617,1.9866090668590668,0.02809560670810507,1.4345373304679494
Katsina,2024,RandomForest,T+1_R0,Heat,1.0,0.0,1.9979591144041133,2.060556528379028,0.0625974139749148,3.133067815233263
Kebbi,2024,RandomForest,T+1_R0,Heat,1.0,0.0,2.0630674849224846,2.0903696181596176,0.02730213323713304,1.3233756741679665
Kogi,2024,RandomForest,T+1_R0,Heat,1.0,0.0,2.7516167929292936,2.6995719348244362,-0.05204485810485737,-1.8914282773166202
Kwara,2024,RandomForest,T+1_R0,Heat,1.0,0.0,2.33390232850483,2.6973014147889147,0.36339908628408457,15.570449621895241
Lagos,2024,RandomForest,T+1_R0,Heat,1.0,0.0,1.6620472915972913,1.914619274244273,0.25257198264698166,15.196437786330996
Nasarawa,2024,RandomForest,T+1_R0,Heat,1.0,0.0,2.855585733525734,2.7963995791245804,-0.0591861544011536,-2.0726449815981414
Niger,2024,RandomForest,T+1_R0,Heat,1.0,0.0,2.7895873544973533,2.6678903330928327,-0.12169702140452054,-4.362545636304289
Ogun,2024,RandomForest,T+1_R0,Heat,1.0,0.0,2.039880582935582,1.9394630486180473,-0.10041753431753486,-4.922716317688778
Ondo,2024,RandomForest,T+1_R0,Heat,1.0,0.0,2.1849544208569216,1.9723653583453586,-0.21258906251156295,-9.729679506457952
Osun,2024,RandomForest,T+1_R0,Heat,1.0,0.0,1.9470981176231177,2.032427685925184,0.08532956830206628,4.382396938795806
Oyo,2024,RandomForest,T+1_R0,Heat,1.0,0.0,2.0064290904465896,1.9534217633292619,-0.053007327117327696,-2.6418739326356837
Plateau,2024,RandomForest,T+1_R0,Heat,1.0,0.0,2.262516705886705,2.267033486790986,0.0045167809042809814,0.1996352509808676
Rivers,2024,RandomForest,T+1_R0,Heat,1.0,0.0,1.9099420239020226,1.9046194842194832,-0.005322539682539373,-0.2786754579945518
Sokoto,2024,RandomForest,T+1_R0,Heat,1.0,0.0,2.0728155444555436,2.0620773530173526,-0.010738191438190992,-0.5180485773041392
Taraba,2024,RandomForest,T+1_R0,Heat,1.0,0.0,2.532413990268988,2.5318347411847393,-0.0005792490842488895,-0.02287339615381618
Yobe,2024,RandomForest,T+1_R0,Heat,1.0,0.0,1.9694176791726787,1.9927492797017787,0.023331600529099994,1.1846953937623446
Zamfara,2024,RandomForest,T+1_R0,Heat,1.0,0.0,2.009601931586932,2.0415860714285716,0.031984139841639614,1.5915659384534202
Abia,2024,LightGBM,T+1_R0,Heat,1.0,0.0,1.8857182803461676,1.7560964137433746,-0.12962186660279307,-6.873872303926436
Adamawa,2024,LightGBM,T+1_R0,Heat,1.0,0.0,2.7029347260592815,2.724401433362718,0.021466707303436472,0.7941999892366494
Akwa Ibom,2024,LightGBM,T+1_R0,Heat,1.0,0.0,1.7518811138048203,1.7529189262281266,0.0010378124233063613,0.05923988877603629
Anambra,2024,LightGBM,T+1_R0,Heat,1.0,0.0,1.9608427375996522,1.807686218003511,-0.1531565195961413,-7.810749768929784
Bauchi,2024,LightGBM,T+1_R0,Heat,1.0,0.0,2.288970852812262,2.5634487388285514,0.2744778860162893,11.991322898632015
Bayelsa,2024,LightGBM,T+1_R0,Heat,1.0,0.0,1.9780597189458775,1.9790975313691839,0.0010378124233063613,0.05246618256092992
Benue,2024,LightGBM,T+1_R0,Heat,1.0,0.0,2.6716814124765933,2.689248952121205,0.017567539644611774,0.6575462015258409
Borno,2024,LightGBM,T+1_R0,Heat,1.0,0.0,2.5538667935889894,2.5538667935889894,0.0,0.0
Cross River,2024,LightGBM,T+1_R0,Heat,1.0,0.0,1.7929998542711614,1.7940376666944677,0.0010378124233063613,0.05788134454301017
Delta,2024,LightGBM,T+1_R0,Heat,1.0,0.0,1.9705492690557629,1.817392749459621,-0.15315651959614196,-7.772275578246804
Ebonyi,2024,LightGBM,T+1_R0,Heat,1.0,0.0,1.8361117699485616,1.7872350116394997,-0.04887675830906191,-2.6619707530348866
Edo,2024,LightGBM,T+1_R0,Heat,1.0,0.0,2.0208195123023867,1.844836998321665,-0.17598251398072162,-8.708472622585623
Ekiti,2024,LightGBM,T+1_R0,Heat,1.0,0.0,2.12982541303054,2.164630802685904,0.03480538965536395,1.6341897998972215
Enugu,2024,LightGBM,T+1_R0,Heat,1.0,0.0,1.9718888257207303,1.8106332755141645,-0.1612555502065658,-8.1777201687639
FCT,2024,LightGBM,T+1_R0,Heat,1.0,0.0,2.675089302187353,2.8584316651008224,0.18334236291346917,6.853691305316602
Gombe,2024,LightGBM,T+1_R0,Heat,1.0,0.0,2.757550720508127,2.7016385659677464,-0.055912154540380676,-2.02760203555124
Imo,2024,LightGBM,T+1_R0,Heat,1.0,0.0,1.9852379020439388,1.9862757144672452,0.0010378124233063613,0.05227647639801064
Jigawa,2024,LightGBM,T+1_R0,Heat,1.0,0.0,2.1719872802994367,2.268570397135976,0.09658311683653942,4.446762543803856
Kaduna,2024,LightGBM,T+1_R0,Heat,1.0,0.0,2.150619625529219,1.9843443253109714,-0.16627530021824755,-7.731506689721152
Kano,2024,LightGBM,T+1_R0,Heat,1.0,0.0,2.1392041565082125,2.232832909874934,0.09362875336672172,4.376803077998426
Katsina,2024,LightGBM,T+1_R0,Heat,1.0,0.0,1.9519067976449578,2.1987596224722328,0.246852824827275,12.646752658739208
Kebbi,2024,LightGBM,T+1_R0,Heat,1.0,0.0,2.073716090789913,2.1260116392642674,0.05229554847435436,2.521827780891362
Kogi,2024,LightGBM,T+1_R0,Heat,1.0,0.0,2.777658283495822,2.795225823140434,0.017567539644611774,0.6324586342745568
Kwara,2024,LightGBM,T+1_R0,Heat,1.0,0.0,2.320563274323994,2.748286101555674,0.42772282723167976,18.43185367812391
Lagos,2024,LightGBM,T+1_R0,Heat,1.0,0.0,1.7457696534864193,2.0238107933555445,0.27804113986912515,15.92656507196458
Nasarawa,2024,LightGBM,T+1_R0,Heat,1.0,0.0,2.8528243385884564,2.831840840764722,-0.02098349782373443,-0.7355341701170713
Niger,2024,LightGBM,T+1_R0,Heat,1.0,0.0,2.7142918549452477,2.6997306003190253,-0.014561254626222375,-0.5364660620298735
Ogun,2024,LightGBM,T+1_R0,Heat,1.0,0.0,2.201893978512967,2.0242554189924484,-0.17763855952051877,-8.067534643084208
Ondo,2024,LightGBM,T+1_R0,Heat,1.0,0.0,2.12982541303054,2.164630802685904,0.03480538965536395,1.6341897998972215
Osun,2024,LightGBM,T+1_R0,Heat,1.0,0.0,1.6977145580657644,1.954361789969012,0.25664723190324756,15.117219245363026
Oyo,2024,LightGBM,T+1_R0,Heat,1.0,0.0,1.9520850306715005,1.8678652409898007,-0.08421978968169985,-4.314350469289187
Plateau,2024,LightGBM,T+1_R0,Heat,1.0,0.0,2.117811946993451,2.2193415139792774,0.10152956698582649,4.794078488883908
Rivers,2024,LightGBM,T+1_R0,Heat,1.0,0.0,1.824341303572406,1.8253791159957125,0.0010378124233063613,0.056886966340899466
Sokoto,2024,LightGBM,T+1_R0,Heat,1.0,0.0,2.2195111565910786,2.218402224486442,-0.001108932104636473,-0.0499628984221764
Taraba,2024,LightGBM,T+1_R0,Heat,1.0,0.0,2.638245673999239,2.598679175672269,-0.03956649832697012,-1.4997275923508835
Yobe,2024,LightGBM,T+1_R0,Heat,1.0,0.0,1.8688686944973276,2.0672172323726064,0.19834853787527873,10.613294473779435
Zamfara,2024,LightGBM,T+1_R0,Heat,1.0,0.0,1.9801238613872905,2.0476638298941245,0.06753996850683408,3.410896147653867
Abia,2024,Ridge,T+1_R-10,Compound,1.0,-10.0,2.1076467263764953,2.1347345419570583,0.027087815580562946,1.2852161247692973
Adamawa,2024,Ridge,T+1_R-10,Compound,1.0,-10.0,2.228160901514542,2.2661102916053153,0.03794939009077325,1.7031709902538013
Akwa Ibom,2024,Ridge,T+1_R-10,Compound,1.0,-10.0,1.872649060175104,1.9027099387288366,0.03006087855373263,1.6052595861672958
Anambra,2024,Ridge,T+1_R-10,Compound,1.0,-10.0,1.995924798496167,2.023737482091989,0.02781268359582212,1.3934735224883037
Bauchi,2024,Ridge,T+1_R-10,Compound,1.0,-10.0,2.1911408567156014,2.2379352160766572,0.046794359361055804,2.1356162118759427
Bayelsa,2024,Ridge,T+1_R-10,Compound,1.0,-10.0,2.1283699370790585,2.1612342072756587,0.03286427019660021,1.5441051681881308
Benue,2024,Ridge,T+1_R-10,Compound,1.0,-10.0,2.19856824250258,2.2421645362551197,0.043596293752539594,1.9829402112583474
Borno,2024,Ridge,T+1_R-10,Compound,1.0,-10.0,2.0703928745107003,2.114552251971049,0.044159377460348814,2.1328984466672822
Cross River,2024,Ridge,T+1_R-10,Compound,1.0,-10.0,2.030445114502975,2.0605059930567076,0.03006087855373263,1.4805068277401392
Delta,2024,Ridge,T+1_R-10,Compound,1.0,-10.0,2.0305870274144278,2.05839971101025,0.02781268359582212,1.369686855098073
Ebonyi,2024,Ridge,T+1_R-10,Compound,1.0,-10.0,1.9564966462995055,1.9808201573853397,0.024323511085834193,1.2432176222657674
Edo,2024,Ridge,T+1_R-10,Compound,1.0,-10.0,2.111047715517973,2.1393752386328946,0.028327523114921593,1.3418703379696497
Ekiti,2024,Ridge,T+1_R-10,Compound,1.0,-10.0,2.0437113506512485,2.06408267626918,0.020371325617931646,0.9967809598669658
Enugu,2024,Ridge,T+1_R-10,Compound,1.0,-10.0,2.0081454928192786,2.0315022397627334,0.023356746943454798,1.1631003344615114
FCT,2024,Ridge,T+1_R-10,Compound,1.0,-10.0,2.242027472634796,2.285264309969417,0.043236837334621026,1.9284704519614904
Gombe,2024,Ridge,T+1_R-10,Compound,1.0,-10.0,2.2229100314658363,2.2677974653026602,0.04488743383682392,2.019309517768659
Imo,2024,Ridge,T+1_R-10,Compound,1.0,-10.0,2.0945526450593923,2.124535311378746,0.029982666319353868,1.4314591896306188
Jigawa,2024,Ridge,T+1_R-10,Compound,1.0,-10.0,2.1819739435208767,2.22696884545384,0.044994901932963405,2.0621191223007336
Kaduna,2024,Ridge,T+1_R-10,Compound,1.0,-10.0,2.363204426464491,2.4185773956531587,0.05537296918866774,2.343130732515991
Kano,2024,Ridge,T+1_R-10,Compound,1.0,-10.0,2.225563194098675,2.2702526232264013,0.04468942912772622,2.0080054004408923
Katsina,2024,Ridge,T+1_R-10,Compound,1.0,-10.0,2.2080260154060616,2.2372625025407498,0.029236487134688183,1.3241006641541548
Kebbi,2024,Ridge,T+1_R-10,Compound,1.0,-10.0,2.632935313166963,2.6401979871727113,0.007262674005748426,0.27583943932950994
Kogi,2024,Ridge,T+1_R-10,Compound,1.0,-10.0,2.2536363147167684,2.2934659027515045,0.03982958803473613,1.7673476316759573
Kwara,2024,Ridge,T+1_R-10,Compound,1.0,-10.0,2.3570629056563646,2.394270163295364,0.03720725763899946,1.5785432603309522
Lagos,2024,Ridge,T+1_R-10,Compound,1.0,-10.0,1.6751356367769583,1.6948750701802995,0.019739433403341167,1.1783782142752801
Nasarawa,2024,Ridge,T+1_R-10,Compound,1.0,-10.0,2.211695408595071,2.254786395782728,0.04309098718765725,1.9483237619519145
Niger,2024,Ridge,T+1_R-10,Compound,1.0,-10.0,2.1097706256759228,2.1508057274291534,0.04103510175323066,1.9450029900802104
Ogun,2024,Ridge,T+1_R-10,Compound,1.0,-10.0,2.0336178540548344,2.0547878532255095,0.02116999917067508,1.041001834659554
Ondo,2024,Ridge,T+1_R-10,Compound,1.0,-10.0,2.0437113506512485,2.06408267626918,0.020371325617931646,0.9967809598669658
Osun,2024,Ridge,T+1_R-10,Compound,1.0,-10.0,2.1491664004589888,2.1710406548625407,0.02187425440355195,1.017801804405669
Oyo,2024,Ridge,T+1_R-10,Compound,1.0,-10.0,2.1484217076763903,2.1674046750469,0.01898296737050975,0.8835773397132837
Plateau,2024,Ridge,T+1_R-10,Compound,1.0,-10.0,2.2510678681752685,2.2935269645426595,0.04245909636739098,1.8861757554119691
Rivers,2024,Ridge,T+1_R-10,Compound,1.0,-10.0,2.26062565983569,2.291927341876544,0.031301682040853596,1.3846468522846327
Sokoto,2024,Ridge,T+1_R-10,Compound,1.0,-10.0,2.2451522787394262,2.2809754209566635,0.03582314221723726,1.5955773938572528
Taraba,2024,Ridge,T+1_R-10,Compound,1.0,-10.0,2.420993047866713,2.4654687183753285,0.04447567050861556,1.837083776337393
Yobe,2024,Ridge,T+1_R-10,Compound,1.0,-10.0,2.159000713191354,2.1986593989615786,0.0396586857702248,1.8369000773326667
Zamfara,2024,Ridge,T+1_R-10,Compound,1.0,-10.0,2.1907240365142804,2.2368283068765122,0.04610427036223186,2.104522048134807
Abia,2024,RandomForest,T+1_R-10,Compound,1.0,-10.0,1.9242374470899457,1.84505274225774,-0.07918470483220563,-4.115121288797175
Adamawa,2024,RandomForest,T+1_R-10,Compound,1.0,-10.0,2.5210381298331286,2.5037680107855094,-0.017270119047619215,-0.6850399779063377
Akwa Ibom,2024,RandomForest,T+1_R-10,Compound,1.0,-10.0,1.8684125926850914,1.8668944842194828,-0.0015181084656086252,-0.0812512435182721
Anambra,2024,RandomForest,T+1_R-10,Compound,1.0,-10.0,1.8766700360750341,1.8083180921855906,-0.06835194388944354,-3.642192957500317
Bauchi,2024,RandomForest,T+1_R-10,Compound,1.0,-10.0,2.347526554186554,2.3893905140230127,0.04186395983645852,1.7833220996711954
Bayelsa,2024,RandomForest,T+1_R-10,Compound,1.0,-10.0,1.982855864690863,1.9030076720501707,-0.0798481926406922,-4.02692873761356
Benue,2024,RandomForest,T+1_R-10,Compound,1.0,-10.0,2.7372636014911023,2.6831362037037056,-0.054127397787396614,-1.977427302138937
Borno,2024,RandomForest,T+1_R-10,Compound,1.0,-10.0,2.659030012025013,2.6637117580567593,0.004681746031746314,0.17606969498553648
Cross River,2024,RandomForest,T+1_R-10,Compound,1.0,-10.0,1.9022551720501713,1.9007370635845628,-0.0015181084656084032,-0.07980572154114578
Delta,2024,RandomForest,T+1_R-10,Compound,1.0,-10.0,1.9366485942760934,1.861691332926331,-0.07495726134976244,-3.8704626937124322
Ebonyi,2024,RandomForest,T+1_R-10,Compound,1.0,-10.0,1.7944163329263327,1.788413555148555,-0.006002777777777801,-0.334525364467034
Edo,2024,RandomForest,T+1_R-10,Compound,1.0,-10.0,2.0688820586820573,1.9015984890109883,-0.16728356967106905,-8.085698697471132
Ekiti,2024,RandomForest,T+1_R-10,Compound,1.0,-10.0,2.1849544208569216,1.908463329725829,-0.2764910911310925,-12.654318483341859
Enugu,2024,RandomForest,T+1_R-10,Compound,1.0,-10.0,1.8868568217893207,1.796488608058607,-0.09036821373071358,-4.789351936360318
FCT,2024,RandomForest,T+1_R-10,Compound,1.0,-10.0,2.5084377397602404,2.8176918314093315,0.3092540916490911,12.328553615153709
Gombe,2024,RandomForest,T+1_R-10,Compound,1.0,-10.0,2.5915788844488827,2.5864611889961875,-0.005117695452695248,-0.1974740372907291
Imo,2024,RandomForest,T+1_R-10,Compound,1.0,-10.0,1.9377850873200857,1.8654232629407617,-0.07236182437932404,-3.7342543738634535
Jigawa,2024,RandomForest,T+1_R-10,Compound,1.0,-10.0,1.9830492814592822,1.9962815307840303,0.013232249324748091,0.6672678005768354
Kaduna,2024,RandomForest,T+1_R-10,Compound,1.0,-10.0,2.2874002532652513,2.1727714398564384,-0.11462881340881292,-5.011314187151152
Kano,2024,RandomForest,T+1_R-10,Compound,1.0,-10.0,1.9585134601509617,1.9581849711399715,-0.00032848901099025163,-0.01677236422796562
Katsina,2024,RandomForest,T+1_R-10,Compound,1.0,-10.0,1.9979591144041133,2.0611462109187113,0.06318709651459797,3.1625820598157426
Kebbi,2024,RandomForest,T+1_R-10,Compound,1.0,-10.0,2.0630674849224846,2.0887948562548564,0.025727371332371796,1.24704458387305
Kogi,2024,RandomForest,T+1_R-10,Compound,1.0,-10.0,2.7516167929292936,2.699806537999039,-0.05181025493025482,-1.882902265438607
Kwara,2024,RandomForest,T+1_R-10,Compound,1.0,-10.0,2.33390232850483,2.705859136604137,0.371956808099307,15.93711971389968
Lagos,2024,RandomForest,T+1_R-10,Compound,1.0,-10.0,1.6620472915972913,1.8604255657305637,0.19837827413327247,11.935777949051216
Nasarawa,2024,RandomForest,T+1_R-10,Compound,1.0,-10.0,2.855585733525734,2.799405015632517,-0.05618071789321677,-1.9673973445669086
Niger,2024,RandomForest,T+1_R-10,Compound,1.0,-10.0,2.7895873544973533,2.650736483886483,-0.1388508706108702,-4.977469889480815
Ogun,2024,RandomForest,T+1_R-10,Compound,1.0,-10.0,2.039880582935582,1.9336037006511997,-0.10627688228438248,-5.209956071616699
Ondo,2024,RandomForest,T+1_R-10,Compound,1.0,-10.0,2.1849544208569216,1.908463329725829,-0.2764910911310925,-12.654318483341859
Osun,2024,RandomForest,T+1_R-10,Compound,1.0,-10.0,1.9470981176231177,2.021558227050725,0.07446010942760739,3.824158051084921
Oyo,2024,RandomForest,T+1_R-10,Compound,1.0,-10.0,2.0064290904465896,1.9490969696969682,-0.05733212074962135,-2.8574207293246734
Plateau,2024,RandomForest,T+1_R-10,Compound,1.0,-10.0,2.262516705886705,2.270726119066119,0.008209413179414149,0.3628443121792018
Rivers,2024,RandomForest,T+1_R-10,Compound,1.0,-10.0,1.9099420239020226,1.8956511112036099,-0.014290912698412761,-0.7482380365251268
Sokoto,2024,RandomForest,T+1_R-10,Compound,1.0,-10.0,2.0728155444555436,2.0667873530173533,-0.006028191438190333,-0.290821412176052
Taraba,2024,RandomForest,T+1_R-10,Compound,1.0,-10.0,2.532413990268988,2.531123987216486,-0.0012900030525022643,-0.0509396590549258
Yobe,2024,RandomForest,T+1_R-10,Compound,1.0,-10.0,1.9694176791726787,1.9697523112073108,0.00033463203463202085,0.01699142026452177
Zamfara,2024,RandomForest,T+1_R-10,Compound,1.0,-10.0,2.009601931586932,2.0353663095238095,0.02576437793687747,1.28206375262249
Abia,2024,LightGBM,T+1_R-10,Compound,1.0,-10.0,1.8857182803461676,1.7920685877988143,-0.09364969254735334,-4.966261054125314
Adamawa,2024,LightGBM,T+1_R-10,Compound,1.0,-10.0,2.7029347260592815,2.728240003577467,0.025305277518185676,0.9362148953955417
Akwa Ibom,2024,LightGBM,T+1_R-10,Compound,1.0,-10.0,1.7518811138048203,1.7737536521493276,0.02187253834450731,1.248517275068025
Anambra,2024,LightGBM,T+1_R-10,Compound,1.0,-10.0,1.9608427375996522,1.7935264573110434,-0.1673162802886088,-8.53287604764406
Bauchi,2024,LightGBM,T+1_R-10,Compound,1.0,-10.0,2.288970852812262,2.5669846066286306,0.2780137538163685,12.145797028162104
Bayelsa,2024,LightGBM,T+1_R-10,Compound,1.0,-10.0,1.9780597189458775,1.8419817436227575,-0.13607797532312005,-6.879366382104833
Benue,2024,LightGBM,T+1_R-10,Compound,1.0,-10.0,2.6716814124765933,2.6150394646933792,-0.056641947783214075,-2.1200861569309706
Borno,2024,LightGBM,T+1_R-10,Compound,1.0,-10.0,2.5538667935889894,2.5601442292499033,0.006277435660913877,0.24580121706708505
Cross River,2024,LightGBM,T+1_R-10,Compound,1.0,-10.0,1.7929998542711614,1.8106402943215127,0.01764044005035137,0.983850612610454
Delta,2024,LightGBM,T+1_R-10,Compound,1.0,-10.0,1.9705492690557629,1.8032329887671534,-0.16731628028860945,-8.490844807386276
Ebonyi,2024,LightGBM,T+1_R-10,Compound,1.0,-10.0,1.8361117699485616,1.7872350116394997,-0.04887675830906191,-2.6619707530348866
Edo,2024,LightGBM,T+1_R-10,Compound,1.0,-10.0,2.0208195123023867,1.8794902860178289,-0.1413292262845578,-6.993659029130055
Ekiti,2024,LightGBM,T+1_R-10,Compound,1.0,-10.0,2.12982541303054,2.013964469073441,-0.11586094395709878,-5.439926824435794
Enugu,2024,LightGBM,T+1_R-10,Compound,1.0,-10.0,1.9718888257207303,1.7917395978639885,-0.1801492278567418,-9.13587142981536
FCT,2024,LightGBM,T+1_R-10,Compound,1.0,-10.0,2.675089302187353,2.8225722402577658,0.14748293807041257,5.513196809909093
Gombe,2024,LightGBM,T+1_R-10,Compound,1.0,-10.0,2.757550720508127,2.7099674559591276,-0.047583264548999527,-1.7255626232046777
Imo,2024,LightGBM,T+1_R-10,Compound,1.0,-10.0,1.9852379020439388,1.7963301048660543,-0.18890779717788453,-9.51562515421406
Jigawa,2024,LightGBM,T+1_R-10,Compound,1.0,-10.0,2.1719872802994367,2.1871561955927734,0.015168915293336749,0.6983887719289735
Kaduna,2024,LightGBM,T+1_R-10,Compound,1.0,-10.0,2.150619625529219,2.0344801794769922,-0.1161394460522267,-5.400278351112294
Kano,2024,LightGBM,T+1_R-10,Compound,1.0,-10.0,2.1392041565082125,2.132525030681555,-0.006679125826657639,-0.3122247966065972
Katsina,2024,LightGBM,T+1_R-10,Compound,1.0,-10.0,1.9519067976449578,2.1961638067587295,0.24425700911377168,12.51376394654069
Kebbi,2024,LightGBM,T+1_R-10,Compound,1.0,-10.0,2.073716090789913,2.121429704248033,0.04771361345811975,2.300874920633173
Kogi,2024,LightGBM,T+1_R-10,Compound,1.0,-10.0,2.777658283495822,2.7374412118031692,-0.04021707169265287,-1.4478768656178136
Kwara,2024,LightGBM,T+1_R-10,Compound,1.0,-10.0,2.320563274323994,2.8337870056645458,0.5132237313405517,22.11634291635764
Lagos,2024,LightGBM,T+1_R-10,Compound,1.0,-10.0,1.7457696534864193,1.8545272050961343,0.10875755160971501,6.2297767287063825
Nasarawa,2024,LightGBM,T+1_R-10,Compound,1.0,-10.0,2.8528243385884564,2.887358100818906,0.03453376223044957,1.2105113435598513
Niger,2024,LightGBM,T+1_R-10,Compound,1.0,-10.0,2.7142918549452477,2.6808369226688487,-0.03345493227639906,-1.2325473480475782
Ogun,2024,LightGBM,T+1_R-10,Compound,1.0,-10.0,2.201893978512967,1.967052046409113,-0.23484193210385418,-10.665451397548802
Ondo,2024,LightGBM,T+1_R-10,Compound,1.0,-10.0,2.12982541303054,2.013964469073441,-0.11586094395709878,-5.439926824435794
Osun,2024,LightGBM,T+1_R-10,Compound,1.0,-10.0,1.6977145580657644,2.068755077400437,0.37104051933467264,21.85529467081943
Oyo,2024,LightGBM,T+1_R-10,Compound,1.0,-10.0,1.9520850306715005,1.947619505360823,-0.004465525310677565,-0.2287567006823193
Plateau,2024,LightGBM,T+1_R-10,Compound,1.0,-10.0,2.117811946993451,2.300097979895982,0.18228603290253131,8.607281357597092
Rivers,2024,LightGBM,T+1_R-10,Compound,1.0,-10.0,1.824341303572406,1.8242495301035753,-9.177346883082471e-05,-0.005030498879300428
Sokoto,2024,LightGBM,T+1_R-10,Compound,1.0,-10.0,2.2195111565910786,2.2629380307832596,0.04342687419218105,1.9565963461467741
Taraba,2024,LightGBM,T+1_R-10,Compound,1.0,-10.0,2.638245673999239,2.6045987067601426,-0.03364696723909644,-1.2753538296565077
Yobe,2024,LightGBM,T+1_R-10,Compound,1.0,-10.0,1.8688686944973276,2.052512951550291,0.1836442570529635,9.826493300127678
Zamfara,2024,LightGBM,T+1_R-10,Compound,1.0,-10.0,1.9801238613872905,2.0265955413174233,0.04647167993013279,2.346907728164761
Abia,2024,Ridge,T+1_R-20,Compound,1.0,-20.0,2.1076467263764953,2.1410151334298573,0.03336840705336197,1.5832068361252147
Adamawa,2024,Ridge,T+1_R-20,Compound,1.0,-20.0,2.228160901514542,2.250821781785323,0.022660880270780837,1.017021717568853
Akwa Ibom,2024,Ridge,T+1_R-20,Compound,1.0,-20.0,1.872649060175104,1.9119635931748051,0.03931453299970111,2.0994074029025476
Anambra,2024,Ridge,T+1_R-20,Compound,1.0,-20.0,1.995924798496167,2.0307429415800473,0.034818143083880315,1.7444616706057317
Bauchi,2024,Ridge,T+1_R-20,Compound,1.0,-20.0,2.1911408567156014,2.2314916755269483,0.040350818811346834,1.8415438098229098
Bayelsa,2024,Ridge,T+1_R-20,Compound,1.0,-20.0,2.1283699370790585,2.173291253364495,0.0449213162854365,2.110597199426985
Benue,2024,Ridge,T+1_R-20,Compound,1.0,-20.0,2.19856824250258,2.2432143616803004,0.04464611917772032,2.0306906246813
Borno,2024,Ridge,T+1_R-20,Compound,1.0,-20.0,2.0703928745107003,2.105473729520633,0.035080855009932854,1.6944057063673763
Cross River,2024,Ridge,T+1_R-20,Compound,1.0,-20.0,2.030445114502975,2.0697596475026763,0.039314532999701335,1.9362519439155088
Delta,2024,Ridge,T+1_R-20,Compound,1.0,-20.0,2.0305870274144278,2.065405170498308,0.034818143083880315,1.7146836167969959
Ebonyi,2024,Ridge,T+1_R-20,Compound,1.0,-20.0,1.9564966462995055,1.98433644436341,0.027839798063904464,1.4229412616965291
Edo,2024,Ridge,T+1_R-20,Compound,1.0,-20.0,2.111047715517973,2.1468955376400523,0.035847822122079265,1.6981057253499139
Ekiti,2024,Ridge,T+1_R-20,Compound,1.0,-20.0,2.0437113506512485,2.063646777779348,0.01993542712809937,0.9754521900437041
Enugu,2024,Ridge,T+1_R-20,Compound,1.0,-20.0,2.0081454928192786,2.034051762598424,0.02590626977914523,1.2900594041507851
FCT,2024,Ridge,T+1_R-20,Compound,1.0,-20.0,2.242027472634796,2.2859546789766796,0.04392720634188363,1.959262626263052
Gombe,2024,Ridge,T+1_R-20,Compound,1.0,-20.0,2.2229100314658363,2.259446999228719,0.03653696776288262,1.6436548148909713
Imo,2024,Ridge,T+1_R-20,Compound,1.0,-20.0,2.0945526450593923,2.133710753590336,0.039158108530943814,1.8695213330306846
Jigawa,2024,Ridge,T+1_R-20,Compound,1.0,-20.0,2.1819739435208767,2.218725847476038,0.03675190395516115,1.6843420181204154
Kaduna,2024,Ridge,T+1_R-20,Compound,1.0,-20.0,2.363204426464491,2.420712464931061,0.057508038466570266,2.4334770967150763
Kano,2024,Ridge,T+1_R-20,Compound,1.0,-20.0,2.225563194098675,2.2617041524433628,0.03614095834468767,1.6239016910649575
Katsina,2024,Ridge,T+1_R-20,Compound,1.0,-20.0,2.2080260154060616,2.2132610897646723,0.005235074358610703,0.2370929654851897
Kebbi,2024,Ridge,T+1_R-20,Compound,1.0,-20.0,2.632935313166963,2.5942227612676945,-0.038712551899268366,-1.470319141745412
Kogi,2024,Ridge,T+1_R-20,Compound,1.0,-20.0,2.2536363147167684,2.2907490224588827,0.03711270774211428,1.6467922308386531
Kwara,2024,Ridge,T+1_R-20,Compound,1.0,-20.0,2.3570629056563646,2.3889309526070055,0.03186804695064094,1.3520236084563357
Lagos,2024,Ridge,T+1_R-20,Compound,1.0,-20.0,1.6751356367769583,1.693807279475876,0.018671642698917745,1.1146346772756195
Nasarawa,2024,Ridge,T+1_R-20,Compound,1.0,-20.0,2.211695408595071,2.2553309146430274,0.04363550604795652,1.9729437371159069
Niger,2024,Ridge,T+1_R-20,Compound,1.0,-20.0,2.1097706256759228,2.149294360855026,0.03952373517910335,1.873366455011707
Ogun,2024,Ridge,T+1_R-20,Compound,1.0,-20.0,2.0336178540548344,2.0551506282884207,0.021532774233586238,1.0588407350305271
Ondo,2024,Ridge,T+1_R-20,Compound,1.0,-20.0,2.0437113506512485,2.063646777779348,0.01993542712809937,0.9754521900437041
Osun,2024,Ridge,T+1_R-20,Compound,1.0,-20.0,2.1491664004589888,2.1721076851583287,0.02294128469933998,1.0674503702663742
Oyo,2024,Ridge,T+1_R-20,Compound,1.0,-20.0,2.1484217076763903,2.165580418309646,0.01715871063325558,0.7986658565190843
Plateau,2024,Ridge,T+1_R-20,Compound,1.0,-20.0,2.2510678681752685,2.2934395925826925,0.04237172440742398,1.882294399314171
Rivers,2024,Ridge,T+1_R-20,Compound,1.0,-20.0,2.26062565983569,2.302421799809634,0.04179613997394371,1.8488748808142608
Sokoto,2024,Ridge,T+1_R-20,Compound,1.0,-20.0,2.2451522787394262,2.2635606632631355,0.018408384523709298,0.8199169694647598
Taraba,2024,Ridge,T+1_R-20,Compound,1.0,-20.0,2.420993047866713,2.456706488973179,0.035713441106465904,1.4751566981134139
Yobe,2024,Ridge,T+1_R-20,Compound,1.0,-20.0,2.159000713191354,2.185080184821038,0.02607947162968438,1.2079417792843006
Zamfara,2024,Ridge,T+1_R-20,Compound,1.0,-20.0,2.1907240365142804,2.2296946773279784,0.038970640813698054,1.7788931953157041
Abia,2024,RandomForest,T+1_R-20,Compound,1.0,-20.0,1.9242374470899457,1.8460314724164706,-0.07820597467347512,-4.064258015129434
Adamawa,2024,RandomForest,T+1_R-20,Compound,1.0,-20.0,2.5210381298331286,2.5027521906796886,-0.018285939153440012,-0.7253337003137825
Akwa Ibom,2024,RandomForest,T+1_R-20,Compound,1.0,-20.0,1.8684125926850914,1.8479638136863124,-0.02044877899877906,-1.0944466483921609
Anambra,2024,RandomForest,T+1_R-20,Compound,1.0,-20.0,1.8766700360750341,1.8071472191697182,-0.06952281690531592,-3.7045839475712827
Bauchi,2024,RandomForest,T+1_R-20,Compound,1.0,-20.0,2.347526554186554,2.3824106992081986,0.034884145021644386,1.4859957583624506
Bayelsa,2024,RandomForest,T+1_R-20,Compound,1.0,-20.0,1.982855864690863,1.8854570015169998,-0.09739886317386315,-4.912049580015646
Benue,2024,RandomForest,T+1_R-20,Compound,1.0,-20.0,2.7372636014911023,2.668596243386245,-0.06866735810485736,-2.5086132759538162
Borno,2024,RandomForest,T+1_R-20,Compound,1.0,-20.0,2.659030012025013,2.6658054088504097,0.00677539682539674,0.2548070835889838
Cross River,2024,RandomForest,T+1_R-20,Compound,1.0,-20.0,1.9022551720501713,1.882942504162503,-0.019312667887668278,-1.015251169844574
Delta,2024,RandomForest,T+1_R-20,Compound,1.0,-20.0,1.9366485942760934,1.8614728408628396,-0.07517575341325378,-3.8817446611347672
Ebonyi,2024,RandomForest,T+1_R-20,Compound,1.0,-20.0,1.7944163329263327,1.788413555148555,-0.006002777777777801,-0.334525364467034
Edo,2024,RandomForest,T+1_R-20,Compound,1.0,-20.0,2.0688820586820573,1.9020084096459084,-0.16687364903614887,-8.065885067535103
Ekiti,2024,RandomForest,T+1_R-20,Compound,1.0,-20.0,2.1849544208569216,1.9056234090909088,-0.2793310117660128,-12.784294679083578
Enugu,2024,RandomForest,T+1_R-20,Compound,1.0,-20.0,1.8868568217893207,1.7943286080586078,-0.09252821373071285,-4.90382803094554
FCT,2024,RandomForest,T+1_R-20,Compound,1.0,-20.0,2.5084377397602404,2.821300720298221,0.31286298053798056,12.472423595727133
Gombe,2024,RandomForest,T+1_R-20,Compound,1.0,-20.0,2.5915788844488827,2.587954853017352,-0.003624031431530561,-0.13983874669133356
Imo,2024,RandomForest,T+1_R-20,Compound,1.0,-20.0,1.9377850873200857,1.8500865517815501,-0.08769853553853557,-4.5257101064711325
Jigawa,2024,RandomForest,T+1_R-20,Compound,1.0,-20.0,1.9830492814592822,1.977578226310726,-0.00547105514855617,-0.27589103305239804
Kaduna,2024,RandomForest,T+1_R-20,Compound,1.0,-20.0,2.2874002532652513,2.1718959504384485,-0.1155043028268028,-5.049588617554844
Kano,2024,RandomForest,T+1_R-20,Compound,1.0,-20.0,1.9585134601509617,1.9533255772005775,-0.005187882950384193,-0.26488880755429234
Katsina,2024,RandomForest,T+1_R-20,Compound,1.0,-20.0,1.9979591144041133,2.0507366474266466,0.052777533022533296,2.6415722244783812
Kebbi,2024,RandomForest,T+1_R-20,Compound,1.0,-20.0,2.0630674849224846,2.0887948562548564,0.025727371332371796,1.24704458387305
Kogi,2024,RandomForest,T+1_R-20,Compound,1.0,-20.0,2.7516167929292936,2.686972966570467,-0.06464382635882648,-2.3493033813770445
Kwara,2024,RandomForest,T+1_R-20,Compound,1.0,-20.0,2.33390232850483,2.7056131709956714,0.3717108424908413,15.926580900622808
Lagos,2024,RandomForest,T+1_R-20,Compound,1.0,-20.0,1.6620472915972913,1.8602070736670722,0.1981597820697809,11.922631989571233
Nasarawa,2024,RandomForest,T+1_R-20,Compound,1.0,-20.0,2.855585733525734,2.783040293410295,-0.07254544011543906,-2.5404749457782407
Niger,2024,RandomForest,T+1_R-20,Compound,1.0,-20.0,2.7895873544973533,2.64792315055315,-0.14166420394420332,-5.078321125732567
Ogun,2024,RandomForest,T+1_R-20,Compound,1.0,-20.0,2.039880582935582,1.8634957905982894,-0.17638479233729276,-8.646819515457041
Ondo,2024,RandomForest,T+1_R-20,Compound,1.0,-20.0,2.1849544208569216,1.9056234090909088,-0.2793310117660128,-12.784294679083578
Osun,2024,RandomForest,T+1_R-20,Compound,1.0,-20.0,1.9470981176231177,1.9242086363636346,-0.02288948125948309,-1.1755689686262438
Oyo,2024,RandomForest,T+1_R-20,Compound,1.0,-20.0,2.0064290904465896,1.8677273484848471,-0.13870174196174245,-6.912865379701523
Plateau,2024,RandomForest,T+1_R-20,Compound,1.0,-20.0,2.262516705886705,2.2587428386428376,-0.0037738672438671905,-0.1667995305426119
Rivers,2024,RandomForest,T+1_R-20,Compound,1.0,-20.0,1.9099420239020226,1.8880361681836662,-0.02190585571835646,-1.1469382548902018
Sokoto,2024,RandomForest,T+1_R-20,Compound,1.0,-20.0,2.0728155444555436,2.0652711360861358,-0.00754440836940784,-0.3639691138745051
Taraba,2024,RandomForest,T+1_R-20,Compound,1.0,-20.0,2.532413990268988,2.520842929015428,-0.01157106125356,-0.45691823288067307
Yobe,2024,RandomForest,T+1_R-20,Compound,1.0,-20.0,1.9694176791726787,1.966391755651755,-0.00302592352092379,-0.15364559549373663
Zamfara,2024,RandomForest,T+1_R-20,Compound,1.0,-20.0,2.009601931586932,1.9979624358974362,-0.011639495689495849,-0.5791940934443884
Abia,2024,LightGBM,T+1_R-20,Compound,1.0,-20.0,1.8857182803461676,1.7920685877988143,-0.09364969254735334,-4.966261054125314
Adamawa,2024,LightGBM,T+1_R-20,Compound,1.0,-20.0,2.7029347260592815,2.6857200842811313,-0.01721464177815024,-0.6368870699015425
Akwa Ibom,2024,LightGBM,T+1_R-20,Compound,1.0,-20.0,1.7518811138048203,1.7516683090969738,-0.000212804707846459,-0.012147211712573316
Anambra,2024,LightGBM,T+1_R-20,Compound,1.0,-20.0,1.9608427375996522,1.7935264573110434,-0.1673162802886088,-8.53287604764406
Bauchi,2024,LightGBM,T+1_R-20,Compound,1.0,-20.0,2.288970852812262,2.5661712398261782,0.27720038701391614,12.110262857796718
Bayelsa,2024,LightGBM,T+1_R-20,Compound,1.0,-20.0,1.9780597189458775,1.7824715701523366,-0.19558814879354092,-9.887878860288975
Benue,2024,LightGBM,T+1_R-20,Compound,1.0,-20.0,2.6716814124765933,2.6150394646933792,-0.056641947783214075,-2.1200861569309706
Borno,2024,LightGBM,T+1_R-20,Compound,1.0,-20.0,2.5538667935889894,2.5572272614078777,0.003360467818888324,0.13158351983447836
Cross River,2024,LightGBM,T+1_R-20,Compound,1.0,-20.0,1.7929998542711614,1.7824715701523366,-0.010528284118824782,-0.5871882305927145
Delta,2024,LightGBM,T+1_R-20,Compound,1.0,-20.0,1.9705492690557629,1.8032329887671534,-0.16731628028860945,-8.490844807386276
Ebonyi,2024,LightGBM,T+1_R-20,Compound,1.0,-20.0,1.8361117699485616,1.7872350116394997,-0.04887675830906191,-2.6619707530348866
Edo,2024,LightGBM,T+1_R-20,Compound,1.0,-20.0,2.0208195123023867,1.8259632674310162,-0.19485624487137043,-9.642436827491053
Ekiti,2024,LightGBM,T+1_R-20,Compound,1.0,-20.0,2.12982541303054,2.013964469073441,-0.11586094395709878,-5.439926824435794
Enugu,2024,LightGBM,T+1_R-20,Compound,1.0,-20.0,1.9718888257207303,1.7917395978639885,-0.1801492278567418,-9.13587142981536
FCT,2024,LightGBM,T+1_R-20,Compound,1.0,-20.0,2.675089302187353,2.8400842748126105,0.1649949726252573,6.16783045300002
Gombe,2024,LightGBM,T+1_R-20,Compound,1.0,-20.0,2.757550720508127,2.7211538508421538,-0.03639686966597333,-1.3198984662471256
Imo,2024,LightGBM,T+1_R-20,Compound,1.0,-20.0,1.9852379020439388,1.7754320873161846,-0.20980581472775417,-10.568295845638685
Jigawa,2024,LightGBM,T+1_R-20,Compound,1.0,-20.0,2.1719872802994367,2.166172283870314,-0.005814996429122754,-0.2677270019887539
Kaduna,2024,LightGBM,T+1_R-20,Compound,1.0,-20.0,2.150619625529219,2.1120399251511053,-0.038579700378113646,-1.7938876740520793
Kano,2024,LightGBM,T+1_R-20,Compound,1.0,-20.0,2.1392041565082125,2.1367144275094154,-0.0024897289987970694,-0.11638575921902718
Katsina,2024,LightGBM,T+1_R-20,Compound,1.0,-20.0,1.9519067976449578,2.1928314922481342,0.24092469460317645,12.343042961572772
Kebbi,2024,LightGBM,T+1_R-20,Compound,1.0,-20.0,2.073716090789913,2.119293159829365,0.045577069039452134,2.1978451747505643
Kogi,2024,LightGBM,T+1_R-20,Compound,1.0,-20.0,2.777658283495822,2.6727520775239952,-0.10490620597182687,-3.7767858845400215
Kwara,2024,LightGBM,T+1_R-20,Compound,1.0,-20.0,2.320563274323994,2.7567545609751782,0.4361912866511841,18.796784878802818
Lagos,2024,LightGBM,T+1_R-20,Compound,1.0,-20.0,1.7457696534864193,1.8437803676234683,0.09801071413704898,5.614183631919309
Nasarawa,2024,LightGBM,T+1_R-20,Compound,1.0,-20.0,2.8528243385884564,2.8406130513673356,-0.012211287221120859,-0.4280420303467706
Niger,2024,LightGBM,T+1_R-20,Compound,1.0,-20.0,2.7142918549452477,2.6808369226688487,-0.03345493227639906,-1.2325473480475782
Ogun,2024,LightGBM,T+1_R-20,Compound,1.0,-20.0,2.201893978512967,1.7906941170369135,-0.4111998614760537,-18.67482564958711
Ondo,2024,LightGBM,T+1_R-20,Compound,1.0,-20.0,2.12982541303054,2.013964469073441,-0.11586094395709878,-5.439926824435794
Osun,2024,LightGBM,T+1_R-20,Compound,1.0,-20.0,1.6977145580657644,1.8772319857829898,0.17951742771722534,10.574064224421369
Oyo,2024,LightGBM,T+1_R-20,Compound,1.0,-20.0,1.9520850306715005,1.7560964137433746,-0.19598861692812597,-10.039963108610467
Plateau,2024,LightGBM,T+1_R-20,Compound,1.0,-20.0,2.117811946993451,2.2765789918708186,0.1587670448773677,7.496748948968824
Rivers,2024,LightGBM,T+1_R-20,Compound,1.0,-20.0,1.824341303572406,1.7824715701523366,-0.0418697334200695,-2.295060323311248
Sokoto,2024,LightGBM,T+1_R-20,Compound,1.0,-20.0,2.2195111565910786,2.2596057162726644,0.04009455968158582,1.8064590287154305
Taraba,2024,LightGBM,T+1_R-20,Compound,1.0,-20.0,2.638245673999239,2.6343411916862816,-0.00390448231295748,-0.14799540283292836
Yobe,2024,LightGBM,T+1_R-20,Compound,1.0,-20.0,1.8688686944973276,2.015719044340561,0.1468503498432332,7.857713614424461
Zamfara,2024,LightGBM,T+1_R-20,Compound,1.0,-20.0,1.9801238613872905,1.9985196042948312,0.018395742907540757,0.9290198086221008
Abia,2024,Ridge,T+1_R-30,Compound,1.0,-30.0,2.1076467263764953,2.1472957249026563,0.039648998526160995,1.881197547481132
Adamawa,2024,Ridge,T+1_R-30,Compound,1.0,-30.0,2.228160901514542,2.2355332719653305,0.007372370450788424,0.330872444883905
Akwa Ibom,2024,Ridge,T+1_R-30,Compound,1.0,-30.0,1.872649060175104,1.9212172476207736,0.0485681874456696,2.593555219637799
Anambra,2024,Ridge,T+1_R-30,Compound,1.0,-30.0,1.995924798496167,2.037748401068105,0.04182360257193807,2.0954498187231367
Bauchi,2024,Ridge,T+1_R-30,Compound,1.0,-30.0,2.1911408567156014,2.225048134977239,0.03390727826163742,1.5474714077698568
Bayelsa,2024,Ridge,T+1_R-30,Compound,1.0,-30.0,2.1283699370790585,2.185348299453331,0.05697836237427234,2.677089230665819
Benue,2024,Ridge,T+1_R-30,Compound,1.0,-30.0,2.19856824250258,2.2442641871054816,0.045695944602901495,2.078441038104273
Borno,2024,Ridge,T+1_R-30,Compound,1.0,-30.0,2.0703928745107003,2.096395207070217,0.026002332559516894,1.2559129660674704
Cross River,2024,Ridge,T+1_R-30,Compound,1.0,-30.0,2.030445114502975,2.079013301948645,0.04856818744567004,2.391997060090879
Delta,2024,Ridge,T+1_R-30,Compound,1.0,-30.0,2.0305870274144278,2.0724106299863663,0.04182360257193851,2.059680378495919
Ebonyi,2024,Ridge,T+1_R-30,Compound,1.0,-30.0,1.9564966462995055,1.98785273134148,0.03135608504197451,1.6026649011272796
Edo,2024,Ridge,T+1_R-30,Compound,1.0,-30.0,2.111047715517973,2.1544158366472095,0.04336812112923649,2.054341112730157
Ekiti,2024,Ridge,T+1_R-30,Compound,1.0,-30.0,2.0437113506512485,2.0632108792895156,0.019499528638267094,0.9541234202204426
Enugu,2024,Ridge,T+1_R-30,Compound,1.0,-30.0,2.0081454928192786,2.0366012854341147,0.028455792614836106,1.4170184738400806
FCT,2024,Ridge,T+1_R-30,Compound,1.0,-30.0,2.242027472634796,2.2866450479839426,0.044617575349146676,1.990054800564633
Gombe,2024,Ridge,T+1_R-30,Compound,1.0,-30.0,2.2229100314658363,2.251096533154777,0.02818650168894088,1.2680001120132636
Imo,2024,Ridge,T+1_R-30,Compound,1.0,-30.0,2.0945526450593923,2.142886195801926,0.04833355074253376,2.30758347643075
Jigawa,2024,Ridge,T+1_R-30,Compound,1.0,-30.0,2.1819739435208767,2.210482849498236,0.028508905977359333,1.3065649139401176
Kaduna,2024,Ridge,T+1_R-30,Compound,1.0,-30.0,2.363204426464491,2.4228475342089633,0.059643107744472346,2.5238234609141434
Kano,2024,Ridge,T+1_R-30,Compound,1.0,-30.0,2.225563194098675,2.2531556816603238,0.02759248756164867,1.2397979816890023
Katsina,2024,Ridge,T+1_R-30,Compound,1.0,-30.0,2.2080260154060616,2.1892596769885944,-0.01876633841746722,-0.8499147331837955
Kebbi,2024,Ridge,T+1_R-30,Compound,1.0,-30.0,2.632935313166963,2.5482475353626777,-0.08468777780428516,-3.2164777228203345
Kogi,2024,Ridge,T+1_R-30,Compound,1.0,-30.0,2.2536363147167684,2.288032142166261,0.03439582744949243,1.5262368300013491
Kwara,2024,Ridge,T+1_R-30,Compound,1.0,-30.0,2.3570629056563646,2.3835917419186465,0.026528836262281974,1.1255039565817004
Lagos,2024,Ridge,T+1_R-30,Compound,1.0,-30.0,1.6751356367769583,1.692739488771453,0.017603851994494768,1.0508911402759855
Nasarawa,2024,Ridge,T+1_R-30,Compound,1.0,-30.0,2.211695408595071,2.255875433503327,0.04418002490825623,1.9975637122799195
Niger,2024,Ridge,T+1_R-30,Compound,1.0,-30.0,2.1097706256759228,2.147782994280899,0.03801236860497603,1.8017299199432038
Ogun,2024,Ridge,T+1_R-30,Compound,1.0,-30.0,2.0336178540548344,2.055513403351332,0.021895549296497396,1.0766796354014998
Ondo,2024,Ridge,T+1_R-30,Compound,1.0,-30.0,2.0437113506512485,2.0632108792895156,0.019499528638267094,0.9541234202204426
Osun,2024,Ridge,T+1_R-30,Compound,1.0,-30.0,2.1491664004589888,2.1731747154541163,0.024008314995127567,1.1170989361270587
Oyo,2024,Ridge,T+1_R-30,Compound,1.0,-30.0,2.1484217076763903,2.1637561615723913,0.015334453896000966,0.7137543733248642
Plateau,2024,Ridge,T+1_R-30,Compound,1.0,-30.0,2.2510678681752685,2.2933522206227255,0.042284352447456985,1.8784130432163728
Rivers,2024,Ridge,T+1_R-30,Compound,1.0,-30.0,2.26062565983569,2.3129162577427236,0.05229059790703339,2.3131029093438693
Sokoto,2024,Ridge,T+1_R-30,Compound,1.0,-30.0,2.2451522787394262,2.2461459055696076,0.0009936268301813378,0.04425654507226673
Taraba,2024,Ridge,T+1_R-30,Compound,1.0,-30.0,2.420993047866713,2.4479442595710297,0.02695121170431669,1.113229619889453
Yobe,2024,Ridge,T+1_R-30,Compound,1.0,-30.0,2.159000713191354,2.1715009706804977,0.012500257489143962,0.5789834812359349
Zamfara,2024,Ridge,T+1_R-30,Compound,1.0,-30.0,2.1907240365142804,2.222561047779445,0.031837011265164694,1.4532643424966212
Abia,2024,RandomForest,T+1_R-30,Compound,1.0,-30.0,1.9242374470899457,1.8460314724164706,-0.07820597467347512,-4.064258015129434
Adamawa,2024,RandomForest,T+1_R-30,Compound,1.0,-30.0,2.5210381298331286,2.4979525081400062,-0.023085621693122338,-0.9157188627944478
Akwa Ibom,2024,RandomForest,T+1_R-30,Compound,1.0,-30.0,1.8684125926850914,1.8471504406704393,-0.02126215201465209,-1.137979485788859
Anambra,2024,RandomForest,T+1_R-30,Compound,1.0,-30.0,1.8766700360750341,1.8071472191697178,-0.06952281690531636,-3.704583947571307
Bauchi,2024,RandomForest,T+1_R-30,Compound,1.0,-30.0,2.347526554186554,2.3798438738113727,0.03231731962481854,1.376654060299517
Bayelsa,2024,RandomForest,T+1_R-30,Compound,1.0,-30.0,1.982855864690863,1.8846436285011268,-0.09821223618973618,-4.953069859419558
Benue,2024,RandomForest,T+1_R-30,Compound,1.0,-30.0,2.7372636014911023,2.6624973544973556,-0.07476624699374668,-2.731422978518341
Borno,2024,RandomForest,T+1_R-30,Compound,1.0,-30.0,2.659030012025013,2.6726744564694567,0.013644444444443682,0.513136158025257
Cross River,2024,RandomForest,T+1_R-30,Compound,1.0,-30.0,1.9022551720501713,1.88212913114663,-0.02012604090354131,-1.0580095246554277
Delta,2024,RandomForest,T+1_R-30,Compound,1.0,-30.0,1.9366485942760934,1.8614728408628396,-0.07517575341325378,-3.8817446611347672
Ebonyi,2024,RandomForest,T+1_R-30,Compound,1.0,-30.0,1.7944163329263327,1.788413555148555,-0.006002777777777801,-0.334525364467034
Edo,2024,RandomForest,T+1_R-30,Compound,1.0,-30.0,2.0688820586820573,1.9020084096459087,-0.16687364903614865,-8.065885067535092
Ekiti,2024,RandomForest,T+1_R-30,Compound,1.0,-30.0,2.1849544208569216,1.9056234090909083,-0.27933101176601327,-12.7842946790836
Enugu,2024,RandomForest,T+1_R-30,Compound,1.0,-30.0,1.8868568217893207,1.7943286080586074,-0.0925282137307133,-4.903828030945564
FCT,2024,RandomForest,T+1_R-30,Compound,1.0,-30.0,2.5084377397602404,2.801556011303511,0.29311827154327075,11.685291880965217
Gombe,2024,RandomForest,T+1_R-30,Compound,1.0,-30.0,2.5915788844488827,2.581946810689309,-0.009632073759573867,-0.37166816790229384
Imo,2024,RandomForest,T+1_R-30,Compound,1.0,-30.0,1.9377850873200857,1.8528472660672648,-0.0849378212528209,-4.383242590141307
Jigawa,2024,RandomForest,T+1_R-30,Compound,1.0,-30.0,1.9830492814592822,1.9670478294853289,-0.016001451973953307,-0.8069114632480637
Kaduna,2024,RandomForest,T+1_R-30,Compound,1.0,-30.0,2.2874002532652513,2.17137083139083,-0.11602942187442133,-5.072545642538509
Kano,2024,RandomForest,T+1_R-30,Compound,1.0,-30.0,1.9585134601509617,1.9402512914862917,-0.01826216866467001,-0.9324505057658561
Katsina,2024,RandomForest,T+1_R-30,Compound,1.0,-30.0,1.9979591144041133,2.0403509463684455,0.04239183196433216,2.1217567295903064
Kebbi,2024,RandomForest,T+1_R-30,Compound,1.0,-30.0,2.0630674849224846,2.0888091419691417,0.025741657046657096,1.2477370340420195
Kogi,2024,RandomForest,T+1_R-30,Compound,1.0,-30.0,2.7516167929292936,2.6813896332371336,-0.07022715969215998,-2.552214388014333
Kwara,2024,RandomForest,T+1_R-30,Compound,1.0,-30.0,2.33390232850483,2.6950625096200094,0.3611601811151792,15.474519936168432
Lagos,2024,RandomForest,T+1_R-30,Compound,1.0,-30.0,1.6620472915972913,1.8602070736670722,0.1981597820697809,11.922631989571233
Nasarawa,2024,RandomForest,T+1_R-30,Compound,1.0,-30.0,2.855585733525734,2.775320452140453,-0.0802652813852811,-2.8108167246717257
Niger,2024,RandomForest,T+1_R-30,Compound,1.0,-30.0,2.7895873544973533,2.644637594997594,-0.14494975949975908,-5.1961003933457075
Ogun,2024,RandomForest,T+1_R-30,Compound,1.0,-30.0,2.039880582935582,1.8667942032967024,-0.17308637963887974,-8.485123153130463
Ondo,2024,RandomForest,T+1_R-30,Compound,1.0,-30.0,2.1849544208569216,1.9056234090909083,-0.27933101176601327,-12.7842946790836
Osun,2024,RandomForest,T+1_R-30,Compound,1.0,-30.0,1.9470981176231177,1.9232595490620474,-0.02383856856107025,-1.2243126499537025
Oyo,2024,RandomForest,T+1_R-30,Compound,1.0,-30.0,2.0064290904465896,1.869607904040403,-0.13682118640618657,-6.819138889963612
Plateau,2024,RandomForest,T+1_R-30,Compound,1.0,-30.0,2.262516705886705,2.2562671411921413,-0.006249564694563503,-0.27622181433194015
Rivers,2024,RandomForest,T+1_R-30,Compound,1.0,-30.0,1.9099420239020226,1.8911755729455713,-0.018766450956451353,-0.9825665240933013
Sokoto,2024,RandomForest,T+1_R-30,Compound,1.0,-30.0,2.0728155444555436,2.0355923926998916,-0.03722315175565205,-1.7957773355771158
Taraba,2024,RandomForest,T+1_R-30,Compound,1.0,-30.0,2.532413990268988,2.510697479279978,-0.021716510989010285,-0.8575418976698829
Yobe,2024,RandomForest,T+1_R-30,Compound,1.0,-30.0,1.9694176791726787,1.9558015003515001,-0.013616178821178604,-0.6913809581976813
Zamfara,2024,RandomForest,T+1_R-30,Compound,1.0,-30.0,2.009601931586932,2.0077603459503464,-0.001841585636585652,-0.09163932456670153
Abia,2024,LightGBM,T+1_R-30,Compound,1.0,-30.0,1.8857182803461676,1.7813217503261483,-0.10439653002001936,-5.536167894647282
Adamawa,2024,LightGBM,T+1_R-30,Compound,1.0,-30.0,2.7029347260592815,2.606308671434349,-0.09662605462493268,-3.574857124493263
Akwa Ibom,2024,LightGBM,T+1_R-30,Compound,1.0,-30.0,1.7518811138048203,1.7516683090969738,-0.000212804707846459,-0.012147211712573316
Anambra,2024,LightGBM,T+1_R-30,Compound,1.0,-30.0,1.9608427375996522,1.7827796198383774,-0.17806311776127481,-9.080948428289009
Bauchi,2024,LightGBM,T+1_R-30,Compound,1.0,-30.0,2.288970852812262,2.535442548373625,0.24647169556136284,10.767795284878538
Bayelsa,2024,LightGBM,T+1_R-30,Compound,1.0,-30.0,1.9780597189458775,1.7824715701523366,-0.19558814879354092,-9.887878860288975
Benue,2024,LightGBM,T+1_R-30,Compound,1.0,-30.0,2.6716814124765933,2.560804920888664,-0.11087649158792923,-4.1500641158089655
Borno,2024,LightGBM,T+1_R-30,Compound,1.0,-30.0,2.5538667935889894,2.5043176605042734,-0.04954913308471598,-1.9401612178481635
Cross River,2024,LightGBM,T+1_R-30,Compound,1.0,-30.0,1.7929998542711614,1.7824715701523366,-0.010528284118824782,-0.5871882305927145
Delta,2024,LightGBM,T+1_R-30,Compound,1.0,-30.0,1.9705492690557629,1.7924861512944874,-0.17806311776127548,-9.03621749313575
Ebonyi,2024,LightGBM,T+1_R-30,Compound,1.0,-30.0,1.8361117699485616,1.7872350116394997,-0.04887675830906191,-2.6619707530348866
Edo,2024,LightGBM,T+1_R-30,Compound,1.0,-30.0,2.0208195123023867,1.8164250038976326,-0.20439450840475404,-10.114436601608254
Ekiti,2024,LightGBM,T+1_R-30,Compound,1.0,-30.0,2.12982541303054,2.003217631600775,-0.1266077814297648,-5.944514543547206
Enugu,2024,LightGBM,T+1_R-30,Compound,1.0,-30.0,1.9718888257207303,1.7917395978639885,-0.1801492278567418,-9.13587142981536
FCT,2024,LightGBM,T+1_R-30,Compound,1.0,-30.0,2.675089302187353,2.763405985825169,0.08831668363781597,3.3014480513081055
Gombe,2024,LightGBM,T+1_R-30,Compound,1.0,-30.0,2.757550720508127,2.7335402161632714,-0.024010504344855743,-0.8707185027019698
Imo,2024,LightGBM,T+1_R-30,Compound,1.0,-30.0,1.9852379020439388,1.7920685877988143,-0.1931693142451245,-9.730285425552445
Jigawa,2024,LightGBM,T+1_R-30,Compound,1.0,-30.0,2.1719872802994367,2.078051963918032,-0.09393531638140473,-4.324855731588563
Kaduna,2024,LightGBM,T+1_R-30,Compound,1.0,-30.0,2.150619625529219,2.050879163223515,-0.0997404623057041,-4.637754678778226
Kano,2024,LightGBM,T+1_R-30,Compound,1.0,-30.0,2.1392041565082125,2.042314476656989,-0.09688967985122332,-4.5292395097705285
Katsina,2024,LightGBM,T+1_R-30,Compound,1.0,-30.0,1.9519067976449578,2.167014070762222,0.21510727311726408,11.020366001942222
Kebbi,2024,LightGBM,T+1_R-30,Compound,1.0,-30.0,2.073716090789913,2.0884458639280714,0.014729773138158375,0.7103080891149164
Kogi,2024,LightGBM,T+1_R-30,Compound,1.0,-30.0,2.777658283495822,2.6727520775239952,-0.10490620597182687,-3.7767858845400215
Kwara,2024,LightGBM,T+1_R-30,Compound,1.0,-30.0,2.320563274323994,2.6825450735473515,0.3619817992233574,15.59887649815568
Lagos,2024,LightGBM,T+1_R-30,Compound,1.0,-30.0,1.7457696534864193,1.8437803676234683,0.09801071413704898,5.614183631919309
Nasarawa,2024,LightGBM,T+1_R-30,Compound,1.0,-30.0,2.8528243385884564,2.709939993820224,-0.1428843447682322,-5.0085223557413165
Niger,2024,LightGBM,T+1_R-30,Compound,1.0,-30.0,2.7142918549452477,2.6303347678557,-0.08395708708954785,-3.093148842361369
Ogun,2024,LightGBM,T+1_R-30,Compound,1.0,-30.0,2.201893978512967,1.8073306175195432,-0.39456336099342404,-17.919271538218634
Ondo,2024,LightGBM,T+1_R-30,Compound,1.0,-30.0,2.12982541303054,2.003217631600775,-0.1266077814297648,-5.944514543547206
Osun,2024,LightGBM,T+1_R-30,Compound,1.0,-30.0,1.6977145580657644,1.9246922539446962,0.2269776958789318,13.369602964206859
Oyo,2024,LightGBM,T+1_R-30,Compound,1.0,-30.0,1.9520850306715005,1.7920685877988143,-0.16001644287268624,-8.197206594921838
Plateau,2024,LightGBM,T+1_R-30,Compound,1.0,-30.0,2.117811946993451,2.2866323634262637,0.16882041643281287,7.971454532234487
Rivers,2024,LightGBM,T+1_R-30,Compound,1.0,-30.0,1.824341303572406,1.8184437442077763,-0.0058975593646297675,-0.3232706157055825
Sokoto,2024,LightGBM,T+1_R-30,Compound,1.0,-30.0,2.2195111565910786,2.1636391069496015,-0.05587204964147707,-2.517313304578757
Taraba,2024,LightGBM,T+1_R-30,Compound,1.0,-30.0,2.638245673999239,2.5760192617962403,-0.06222641220299874,-2.3586284179771457
Yobe,2024,LightGBM,T+1_R-30,Compound,1.0,-30.0,1.8688686944973276,1.9234425837464306,0.054573889249103,2.9201564245679563
Zamfara,2024,LightGBM,T+1_R-30,Compound,1.0,-30.0,1.9801238613872905,1.9985196042948312,0.018395742907540757,0.9290198086221008
Abia,2024,Ridge,T+2_R0,Heat,2.0,0.0,2.1076467263764953,2.149261174592024,0.04161444821552873,1.9744508268268017
Adamawa,2024,Ridge,T+2_R0,Heat,2.0,0.0,2.228160901514542,2.334636701336073,0.10647579982153088,4.778640525877479
Akwa Ibom,2024,Ridge,T+2_R0,Heat,2.0,0.0,1.872649060175104,1.9142635083906323,0.04161444821552829,2.2222235388640885
Anambra,2024,Ridge,T+2_R0,Heat,2.0,0.0,1.995924798496167,2.0375392467116953,0.04161444821552829,2.0849707487417746
Bauchi,2024,Ridge,T+2_R0,Heat,2.0,0.0,2.1911408567156014,2.297616656537132,0.10647579982153044,4.859377227857991
Bayelsa,2024,Ridge,T+2_R0,Heat,2.0,0.0,2.1283699370790585,2.169984385294587,0.04161444821552829,1.9552262738985735
Benue,2024,Ridge,T+2_R0,Heat,2.0,0.0,2.19856824250258,2.283661179157297,0.08509293665471684,3.8703795956707485
Borno,2024,Ridge,T+2_R0,Heat,2.0,0.0,2.0703928745107003,2.1768686743322307,0.10647579982153044,5.142782373934418
Cross River,2024,Ridge,T+2_R0,Heat,2.0,0.0,2.030445114502975,2.0720595627185032,0.04161444821552829,2.04952342312956
Delta,2024,Ridge,T+2_R0,Heat,2.0,0.0,2.0305870274144278,2.072201475629956,0.04161444821552829,2.0493801867983215
Ebonyi,2024,Ridge,T+2_R0,Heat,2.0,0.0,1.9564966462995055,1.9981110945150338,0.04161444821552829,2.126987965670034
Edo,2024,Ridge,T+2_R0,Heat,2.0,0.0,2.111047715517973,2.1526621637335013,0.04161444821552829,1.9712699011787918
Ekiti,2024,Ridge,T+2_R0,Heat,2.0,0.0,2.0437113506512485,2.085325798866777,0.04161444821552829,2.0362194593804768
Enugu,2024,Ridge,T+2_R0,Heat,2.0,0.0,2.0081454928192786,2.0497599410348073,0.04161444821552873,2.0722825295444762
FCT,2024,Ridge,T+2_R0,Heat,2.0,0.0,2.242027472634796,2.3271204092895124,0.0850929366547164,3.795356555319837
Gombe,2024,Ridge,T+2_R0,Heat,2.0,0.0,2.2229100314658363,2.329385831287367,0.10647579982153088,4.789928441292712
Imo,2024,Ridge,T+2_R0,Heat,2.0,0.0,2.0945526450593923,2.1361670932749206,0.04161444821552829,1.986794092461127
Jigawa,2024,Ridge,T+2_R0,Heat,2.0,0.0,2.1819739435208767,2.288449743342407,0.10647579982153044,4.879792452962063
Kaduna,2024,Ridge,T+2_R0,Heat,2.0,0.0,2.363204426464491,2.469680226286022,0.10647579982153088,4.505568736633829
Kano,2024,Ridge,T+2_R0,Heat,2.0,0.0,2.225563194098675,2.3320389939202055,0.10647579982153044,4.784218219633695
Katsina,2024,Ridge,T+2_R0,Heat,2.0,0.0,2.2080260154060616,2.314501815227593,0.10647579982153133,4.82221672564624
Kebbi,2024,Ridge,T+2_R0,Heat,2.0,0.0,2.632935313166963,2.7394111129884937,0.10647579982153088,4.043996040808881
Kogi,2024,Ridge,T+2_R0,Heat,2.0,0.0,2.2536363147167684,2.338729251371485,0.0850929366547164,3.7758060650265426
Kwara,2024,Ridge,T+2_R0,Heat,2.0,0.0,2.3570629056563646,2.4421558423110814,0.08509293665471684,3.610125824411176
Lagos,2024,Ridge,T+2_R0,Heat,2.0,0.0,1.6751356367769583,1.7167500849924866,0.04161444821552829,2.4842435025498286
Nasarawa,2024,Ridge,T+2_R0,Heat,2.0,0.0,2.211695408595071,2.2967883452497873,0.0850929366547164,3.8474075735758637
Niger,2024,Ridge,T+2_R0,Heat,2.0,0.0,2.1097706256759228,2.1948635623306396,0.08509293665471684,4.03327905029747
Ogun,2024,Ridge,T+2_R0,Heat,2.0,0.0,2.0336178540548344,2.0752323022703627,0.04161444821552829,2.0463258685771843
Ondo,2024,Ridge,T+2_R0,Heat,2.0,0.0,2.0437113506512485,2.085325798866777,0.04161444821552829,2.0362194593804768
Osun,2024,Ridge,T+2_R0,Heat,2.0,0.0,2.1491664004589888,2.190780848674517,0.04161444821552829,1.9363064770899479
Oyo,2024,Ridge,T+2_R0,Heat,2.0,0.0,2.1484217076763903,2.1900361558919186,0.04161444821552829,1.936977645814987
Plateau,2024,Ridge,T+2_R0,Heat,2.0,0.0,2.2510678681752685,2.336160804829985,0.0850929366547164,3.7801142230195546
Rivers,2024,Ridge,T+2_R0,Heat,2.0,0.0,2.26062565983569,2.3022401080512185,0.04161444821552829,1.840837647510069
Sokoto,2024,Ridge,T+2_R0,Heat,2.0,0.0,2.2451522787394262,2.3516280785609567,0.10647579982153044,4.742475636499491
Taraba,2024,Ridge,T+2_R0,Heat,2.0,0.0,2.420993047866713,2.5274688476882434,0.10647579982153044,4.3980217091227445
Yobe,2024,Ridge,T+2_R0,Heat,2.0,0.0,2.159000713191354,2.265476513012884,0.10647579982153044,4.931716750762065
Zamfara,2024,Ridge,T+2_R0,Heat,2.0,0.0,2.1907240365142804,2.297199836335811,0.10647579982153044,4.860301801907781
Abia,2024,RandomForest,T+2_R0,Heat,2.0,0.0,1.9242374470899457,1.8450129406704385,-0.07922450641950718,-4.117189723093667
Adamawa,2024,RandomForest,T+2_R0,Heat,2.0,0.0,2.5210381298331286,2.7458942259592267,0.22485609612609814,8.919186642408368
Akwa Ibom,2024,RandomForest,T+2_R0,Heat,2.0,0.0,1.8684125926850914,1.8640576852776838,-0.004354907407407627,-0.23308060673842917
Anambra,2024,RandomForest,T+2_R0,Heat,2.0,0.0,1.8766700360750341,1.8230901208051198,-0.05357991526991435,-2.8550525260143322
Bauchi,2024,RandomForest,T+2_R0,Heat,2.0,0.0,2.347526554186554,2.46778927063677,0.12026271645021591,5.122954466084341
Bayelsa,2024,RandomForest,T+2_R0,Heat,2.0,0.0,1.982855864690863,1.9807065128390116,-0.0021493518518513888,-0.1083967770994027
Benue,2024,RandomForest,T+2_R0,Heat,2.0,0.0,2.7372636014911023,2.5858874266474277,-0.1513761748436746,-5.530200845881765
Borno,2024,RandomForest,T+2_R0,Heat,2.0,0.0,2.659030012025013,2.5686603258778273,-0.09036968614718566,-3.3985959443294758
Cross River,2024,RandomForest,T+2_R0,Heat,2.0,0.0,1.9022551720501713,1.897900264642764,-0.0043549074074071825,-0.22893392387066794
Delta,2024,RandomForest,T+2_R0,Heat,2.0,0.0,1.9366485942760934,1.8767466948791935,-0.05990189939689983,-3.0930701405481753
Ebonyi,2024,RandomForest,T+2_R0,Heat,2.0,0.0,1.7944163329263327,1.7905735551485555,-0.0038427777777771954,-0.21415196168608186
Edo,2024,RandomForest,T+2_R0,Heat,2.0,0.0,2.0688820586820573,1.9575295868945863,-0.11135247178747099,-5.382253247360365
Ekiti,2024,RandomForest,T+2_R0,Heat,2.0,0.0,2.1849544208569216,1.8544551604876596,-0.330499260369262,-15.126139804767316
Enugu,2024,RandomForest,T+2_R0,Heat,2.0,0.0,1.8868568217893207,1.7964886080586076,-0.09036821373071313,-4.789351936360294
FCT,2024,RandomForest,T+2_R0,Heat,2.0,0.0,2.5084377397602404,2.7521344600769613,0.24369672031672085,9.71507948768199
Gombe,2024,RandomForest,T+2_R0,Heat,2.0,0.0,2.5915788844488827,2.7467859599659605,0.1552070755170778,5.988900297359987
Imo,2024,RandomForest,T+2_R0,Heat,2.0,0.0,1.9377850873200857,1.9317514334739314,-0.0060336538461542855,-0.31136857671346296
Jigawa,2024,RandomForest,T+2_R0,Heat,2.0,0.0,1.9830492814592822,2.0050387662337665,0.02198948477448437,1.108872330106834
Kaduna,2024,RandomForest,T+2_R0,Heat,2.0,0.0,2.2874002532652513,2.431692605635104,0.1442923523698525,6.3081374658359834
Kano,2024,RandomForest,T+2_R0,Heat,2.0,0.0,1.9585134601509617,1.985971950456951,0.027458490305989347,1.4020067191099546
Katsina,2024,RandomForest,T+2_R0,Heat,2.0,0.0,1.9979591144041133,2.0661695177970176,0.0682104033929043,3.414003965403861
Kebbi,2024,RandomForest,T+2_R0,Heat,2.0,0.0,2.0630674849224846,2.112132276334776,0.04906479141229125,2.3782446173414806
Kogi,2024,RandomForest,T+2_R0,Heat,2.0,0.0,2.7516167929292936,2.586497092352093,-0.1651197005772005,-6.000824715182041
Kwara,2024,RandomForest,T+2_R0,Heat,2.0,0.0,2.33390232850483,2.6644112296037306,0.3305089010989004,14.161213906094975
Lagos,2024,RandomForest,T+2_R0,Heat,2.0,0.0,1.6620472915972913,1.915828533503532,0.25378124190624085,15.269194997595244
Nasarawa,2024,RandomForest,T+2_R0,Heat,2.0,0.0,2.855585733525734,2.602722501202501,-0.25286323232323316,-8.855039067975314
Niger,2024,RandomForest,T+2_R0,Heat,2.0,0.0,2.7895873544973533,2.506576469456469,-0.2830108850408841,-10.145259820762234
Ogun,2024,RandomForest,T+2_R0,Heat,2.0,0.0,2.039880582935582,1.9394630486180475,-0.10041753431753464,-4.922716317688767
Ondo,2024,RandomForest,T+2_R0,Heat,2.0,0.0,2.1849544208569216,1.8544551604876596,-0.330499260369262,-15.126139804767316
Osun,2024,RandomForest,T+2_R0,Heat,2.0,0.0,1.9470981176231177,1.9445589692714675,-0.0025391483516501445,-0.1304068001847673
Oyo,2024,RandomForest,T+2_R0,Heat,2.0,0.0,2.0064290904465896,1.9475061253561239,-0.058922965090465684,-2.9367080736130404
Plateau,2024,RandomForest,T+2_R0,Heat,2.0,0.0,2.262516705886705,2.3338082147482155,0.0712915088615107,3.150982650250566
Rivers,2024,RandomForest,T+2_R0,Heat,2.0,0.0,1.9099420239020226,1.9046194842194832,-0.005322539682539373,-0.2786754579945518
Sokoto,2024,RandomForest,T+2_R0,Heat,2.0,0.0,2.0728155444555436,2.060780815665815,-0.012034728789728444,-0.5805981541348171
Taraba,2024,RandomForest,T+2_R0,Heat,2.0,0.0,2.532413990268988,2.6011214872164863,0.06870749694749811,2.7131226257441474
Yobe,2024,RandomForest,T+2_R0,Heat,2.0,0.0,1.9694176791726787,1.976771734006734,0.007354054834055157,0.373412654503258
Zamfara,2024,RandomForest,T+2_R0,Heat,2.0,0.0,2.009601931586932,2.07457683103933,0.0649748994523982,3.233222382558578
Abia,2024,LightGBM,T+2_R0,Heat,2.0,0.0,1.8857182803461676,1.767223295028358,-0.11849498531780966,-6.2838116675655895
Adamawa,2024,LightGBM,T+2_R0,Heat,2.0,0.0,2.7029347260592815,2.9048194254839306,0.20188469942464904,7.469092667250051
Akwa Ibom,2024,LightGBM,T+2_R0,Heat,2.0,0.0,1.7518811138048203,1.76404580751311,0.012164693708289764,0.69437895142724
Anambra,2024,LightGBM,T+2_R0,Heat,2.0,0.0,1.9608427375996522,1.8188130992884943,-0.1420296383111579,-7.243295731355906
Bauchi,2024,LightGBM,T+2_R0,Heat,2.0,0.0,2.288970852812262,2.5891747880960643,0.3002039352838022,13.115236260652571
Bayelsa,2024,LightGBM,T+2_R0,Heat,2.0,0.0,1.9780597189458775,1.9867206544560985,0.008660935510220957,0.43785005211250305
Benue,2024,LightGBM,T+2_R0,Heat,2.0,0.0,2.6716814124765933,2.6706311476912297,-0.0010502647853636304,-0.03931100394152373
Borno,2024,LightGBM,T+2_R0,Heat,2.0,0.0,2.5538667935889894,2.5538667935889894,0.0,0.0
Cross River,2024,LightGBM,T+2_R0,Heat,2.0,0.0,1.7929998542711614,1.8051645479794511,0.012164693708289764,0.6784548074174052
Delta,2024,LightGBM,T+2_R0,Heat,2.0,0.0,1.9705492690557629,1.8285196307446043,-0.14202963831115856,-7.20761670573279
Ebonyi,2024,LightGBM,T+2_R0,Heat,2.0,0.0,1.8361117699485616,1.7842757619139475,-0.05183600803461408,-2.823140120498561
Edo,2024,LightGBM,T+2_R0,Heat,2.0,0.0,2.0208195123023867,1.8567787235606,-0.16404078874178674,-8.117537847548277
Ekiti,2024,LightGBM,T+2_R0,Heat,2.0,0.0,2.12982541303054,1.958975618498279,-0.1708497945322609,-8.02177462467019
Enugu,2024,LightGBM,T+2_R0,Heat,2.0,0.0,1.9718888257207303,1.8038367571564546,-0.16805206856427568,-8.522390632385283
FCT,2024,LightGBM,T+2_R0,Heat,2.0,0.0,2.675089302187353,2.7784554750980828,0.10336617291072958,3.8640270000036883
Gombe,2024,LightGBM,T+2_R0,Heat,2.0,0.0,2.757550720508127,2.7912379781587986,0.03368725765067149,1.221636918593614
Imo,2024,LightGBM,T+2_R0,Heat,2.0,0.0,1.9852379020439388,1.9938988375541598,0.008660935510220957,0.4362668827400449
Jigawa,2024,LightGBM,T+2_R0,Heat,2.0,0.0,2.1719872802994367,2.268570397135976,0.09658311683653942,4.446762543803856
Kaduna,2024,LightGBM,T+2_R0,Heat,2.0,0.0,2.150619625529219,2.3845607145107004,0.23394108898148147,10.877845910288011
Kano,2024,LightGBM,T+2_R0,Heat,2.0,0.0,2.1392041565082125,2.2446703270828934,0.10546617057468088,4.930159202141397
Katsina,2024,LightGBM,T+2_R0,Heat,2.0,0.0,1.9519067976449578,2.1769638553902184,0.22505705774526064,11.530112914038707
Kebbi,2024,LightGBM,T+2_R0,Heat,2.0,0.0,2.073716090789913,2.1980105821032123,0.12429449131329928,5.993804642078725
Kogi,2024,LightGBM,T+2_R0,Heat,2.0,0.0,2.777658283495822,2.7766080187104576,-0.0010502647853645186,-0.03781115883134148
Kwara,2024,LightGBM,T+2_R0,Heat,2.0,0.0,2.320563274323994,2.718838876464104,0.3982756021401097,17.16288482830238
Lagos,2024,LightGBM,T+2_R0,Heat,2.0,0.0,1.7457696534864193,2.029168672561725,0.2833990190753055,16.233471495471274
Nasarawa,2024,LightGBM,T+2_R0,Heat,2.0,0.0,2.8528243385884564,2.4870834609696177,-0.36574087761883867,-12.820308375516836
Niger,2024,LightGBM,T+2_R0,Heat,2.0,0.0,2.7142918549452477,2.1457624829459374,-0.5685293719993103,-20.945771581765978
Ogun,2024,LightGBM,T+2_R0,Heat,2.0,0.0,2.201893978512967,2.03291635450267,-0.16897762401029714,-7.674194382620317
Ondo,2024,LightGBM,T+2_R0,Heat,2.0,0.0,2.12982541303054,1.958975618498279,-0.1708497945322609,-8.02177462467019
Osun,2024,LightGBM,T+2_R0,Heat,2.0,0.0,1.6977145580657644,1.83450920743158,0.13679464936581565,8.05757650577422
Oyo,2024,LightGBM,T+2_R0,Heat,2.0,0.0,1.9520850306715005,1.879476361704337,-0.07260866896716345,-3.719544375696928
Plateau,2024,LightGBM,T+2_R0,Heat,2.0,0.0,2.117811946993451,2.345821429949318,0.22800948295586698,10.76627616911692
Rivers,2024,LightGBM,T+2_R0,Heat,2.0,0.0,1.824341303572406,1.8365059972806959,0.012164693708289764,0.6667992269028272
Sokoto,2024,LightGBM,T+2_R0,Heat,2.0,0.0,2.2195111565910786,2.3675929889419307,0.14808183235085215,6.671821942012192
Taraba,2024,LightGBM,T+2_R0,Heat,2.0,0.0,2.638245673999239,2.645240182190827,0.006994508191588089,0.2651196687450763
Yobe,2024,LightGBM,T+2_R0,Heat,2.0,0.0,1.8688686944973276,2.0790546495805655,0.2101859550832379,11.246694628793701
Zamfara,2024,LightGBM,T+2_R0,Heat,2.0,0.0,1.9801238613872905,2.1159626510321967,0.13583878964490625,6.8601157884000505
Abia,2024,Ridge,T+2_R-10,Compound,2.0,-10.0,2.1076467263764953,2.155541766064823,0.047895039688327756,2.2724415381827194
Adamawa,2024,Ridge,T+2_R-10,Compound,2.0,-10.0,2.228160901514542,2.3193481915160805,0.09118729000153847,4.09249125319253
Akwa Ibom,2024,Ridge,T+2_R-10,Compound,2.0,-10.0,1.872649060175104,1.9235171628366008,0.05086810266149677,2.71637135559934
Anambra,2024,Ridge,T+2_R-10,Compound,2.0,-10.0,1.995924798496167,2.044544706199753,0.04861990770358604,2.4359588968591797
Bauchi,2024,Ridge,T+2_R-10,Compound,2.0,-10.0,2.1911408567156014,2.291173115987423,0.10003225927182147,4.565304825804958
Bayelsa,2024,Ridge,T+2_R-10,Compound,2.0,-10.0,2.1283699370790585,2.182041431383423,0.053671494304364575,2.521718305137428
Benue,2024,Ridge,T+2_R-10,Compound,2.0,-10.0,2.19856824250258,2.2847110045824777,0.08614276207989757,3.918130009093702
Borno,2024,Ridge,T+2_R-10,Compound,2.0,-10.0,2.0703928745107003,2.167790151881815,0.09739727737111448,4.704289633634513
Cross River,2024,Ridge,T+2_R-10,Compound,2.0,-10.0,2.030445114502975,2.081313217164472,0.050868102661496994,2.50526853930493
Delta,2024,Ridge,T+2_R-10,Compound,2.0,-10.0,2.0305870274144278,2.0792069351180142,0.048619907703586485,2.3943769484972446
Ebonyi,2024,Ridge,T+2_R-10,Compound,2.0,-10.0,1.9564966462995055,2.001627381493104,0.04513073519359834,2.306711605100784
Edo,2024,Ridge,T+2_R-10,Compound,2.0,-10.0,2.111047715517973,2.160182462740659,0.04913474722268596,2.327505288559056
Ekiti,2024,Ridge,T+2_R-10,Compound,2.0,-10.0,2.0437113506512485,2.0848899003769445,0.04117854972569601,2.0148906895572147
Enugu,2024,Ridge,T+2_R-10,Compound,2.0,-10.0,2.0081454928192786,2.052309463870498,0.04416397105121961,2.1992415992337717
FCT,2024,Ridge,T+2_R-10,Compound,2.0,-10.0,2.242027472634796,2.3278107782967754,0.08578330566197945,3.8261487296214187
Gombe,2024,Ridge,T+2_R-10,Compound,2.0,-10.0,2.2229100314658363,2.321035365213426,0.09812533374758958,4.414273738415025
Imo,2024,Ridge,T+2_R-10,Compound,2.0,-10.0,2.0945526450593923,2.1453425354865105,0.050789890427118234,2.424856235861193
Jigawa,2024,Ridge,T+2_R-10,Compound,2.0,-10.0,2.1819739435208767,2.2802067453646053,0.09823280184372862,4.5020153487817645
Kaduna,2024,Ridge,T+2_R-10,Compound,2.0,-10.0,2.363204426464491,2.471815295563924,0.10861086909943296,4.595915100832896
Kano,2024,Ridge,T+2_R-10,Compound,2.0,-10.0,2.225563194098675,2.323490523137167,0.09792732903849188,4.400114510257761
Katsina,2024,Ridge,T+2_R-10,Compound,2.0,-10.0,2.2080260154060616,2.2905004024515154,0.08247438704545385,3.735209026977275
Kebbi,2024,Ridge,T+2_R-10,Compound,2.0,-10.0,2.632935313166963,2.693435887083477,0.06050057391651409,2.297837459733959
Kogi,2024,Ridge,T+2_R-10,Compound,2.0,-10.0,2.2536363147167684,2.336012371078863,0.08237605636209455,3.6552506641892384
Kwara,2024,Ridge,T+2_R-10,Compound,2.0,-10.0,2.3570629056563646,2.4368166316227224,0.07975372596635788,3.38360617253654
Lagos,2024,Ridge,T+2_R-10,Compound,2.0,-10.0,1.6751356367769583,1.7156822942880634,0.04054665751110509,2.4204999655501815
Nasarawa,2024,Ridge,T+2_R-10,Compound,2.0,-10.0,2.211695408595071,2.2973328641100865,0.08563745551501567,3.8720275487398563
Niger,2024,Ridge,T+2_R-10,Compound,2.0,-10.0,2.1097706256759228,2.193352195756512,0.08358157008058908,3.9616425152289456
Ogun,2024,Ridge,T+2_R-10,Compound,2.0,-10.0,2.0336178540548344,2.075595077333274,0.041977223278439446,2.064164768948157
Ondo,2024,Ridge,T+2_R-10,Compound,2.0,-10.0,2.0437113506512485,2.0848899003769445,0.04117854972569601,2.0148906895572147
Osun,2024,Ridge,T+2_R-10,Compound,2.0,-10.0,2.1491664004589888,2.191847878970305,0.04268147851131632,1.9859550429506532
Oyo,2024,Ridge,T+2_R-10,Compound,2.0,-10.0,2.1484217076763903,2.1882118991546644,0.03979019147827412,1.8520661626207877
Plateau,2024,Ridge,T+2_R-10,Compound,2.0,-10.0,2.2510678681752685,2.336073432870018,0.0850055646947494,3.776232866921756
Rivers,2024,Ridge,T+2_R-10,Compound,2.0,-10.0,2.26062565983569,2.312734565984308,0.05210890614861796,2.305065676039677
Sokoto,2024,Ridge,T+2_R-10,Compound,2.0,-10.0,2.2451522787394262,2.3342133208674287,0.08906104212800248,3.9668152121069986
Taraba,2024,Ridge,T+2_R-10,Compound,2.0,-10.0,2.420993047866713,2.5187066182860938,0.09771357041938078,4.0360946308987655
Yobe,2024,Ridge,T+2_R-10,Compound,2.0,-10.0,2.159000713191354,2.2518972988723442,0.09289658568099046,4.30275845271372
Zamfara,2024,Ridge,T+2_R-10,Compound,2.0,-10.0,2.1907240365142804,2.2900662067872775,0.09934217027299708,4.534672949088698
Abia,2024,RandomForest,T+2_R-10,Compound,2.0,-10.0,1.9242374470899457,1.84505274225774,-0.07918470483220563,-4.115121288797175
Adamawa,2024,RandomForest,T+2_R-10,Compound,2.0,-10.0,2.5210381298331286,2.7523151274651276,0.23127699763199905,9.173879398932678
Akwa Ibom,2024,RandomForest,T+2_R-10,Compound,2.0,-10.0,1.8684125926850914,1.8668944842194828,-0.0015181084656086252,-0.0812512435182721
Anambra,2024,RandomForest,T+2_R-10,Compound,2.0,-10.0,1.8766700360750341,1.8083180921855915,-0.06835194388944266,-3.642192957500269
Bauchi,2024,RandomForest,T+2_R-10,Compound,2.0,-10.0,2.347526554186554,2.461832127779628,0.1143055735930738,4.8691919326417175
Bayelsa,2024,RandomForest,T+2_R-10,Compound,2.0,-10.0,1.982855864690863,1.9030076720501703,-0.07984819264069265,-4.0269287376135825
Benue,2024,RandomForest,T+2_R-10,Compound,2.0,-10.0,2.7372636014911023,2.583736077441078,-0.15352752405002423,-5.6087957318539345
Borno,2024,RandomForest,T+2_R-10,Compound,2.0,-10.0,2.659030012025013,2.5736377861952873,-0.08539222582972572,-3.211405115532876
Cross River,2024,RandomForest,T+2_R-10,Compound,2.0,-10.0,1.9022551720501713,1.9007370635845624,-0.0015181084656088473,-0.07980572154116912
Delta,2024,RandomForest,T+2_R-10,Compound,2.0,-10.0,1.9366485942760934,1.861691332926331,-0.07495726134976244,-3.8704626937124322
Ebonyi,2024,RandomForest,T+2_R-10,Compound,2.0,-10.0,1.7944163329263327,1.7884135551485554,-0.006002777777777357,-0.33452536446700926
Edo,2024,RandomForest,T+2_R-10,Compound,2.0,-10.0,2.0688820586820573,1.9015984890109883,-0.16728356967106905,-8.085698697471132
Ekiti,2024,RandomForest,T+2_R-10,Compound,2.0,-10.0,2.1849544208569216,1.7995804995929987,-0.3853739212639229,-17.637618322160804
Enugu,2024,RandomForest,T+2_R-10,Compound,2.0,-10.0,1.8868568217893207,1.7964886080586078,-0.09036821373071291,-4.789351936360283
FCT,2024,RandomForest,T+2_R-10,Compound,2.0,-10.0,2.5084377397602404,2.7515679785954794,0.243130238835239,9.69249644834628
Gombe,2024,RandomForest,T+2_R-10,Compound,2.0,-10.0,2.5915788844488827,2.7459540407740413,0.15437515632515852,5.956799434179194
Imo,2024,RandomForest,T+2_R-10,Compound,2.0,-10.0,1.9377850873200857,1.8654232629407617,-0.07236182437932404,-3.7342543738634535
Jigawa,2024,RandomForest,T+2_R-10,Compound,2.0,-10.0,1.9830492814592822,1.991681451418951,0.008632169959668756,0.4352978032556272
Kaduna,2024,RandomForest,T+2_R-10,Compound,2.0,-10.0,2.2874002532652513,2.4325390606615587,0.14513880739630736,6.345142577872958
Kano,2024,RandomForest,T+2_R-10,Compound,2.0,-10.0,1.9585134601509617,1.9591111880711882,0.0005977279202264985,0.030519469607343204
Katsina,2024,RandomForest,T+2_R-10,Compound,2.0,-10.0,1.9979591144041133,2.0690834066859063,0.07112429228179296,3.559847234561935
Kebbi,2024,RandomForest,T+2_R-10,Compound,2.0,-10.0,2.0630674849224846,2.1105575144300137,0.04749002950752912,2.301913527046521
Kogi,2024,RandomForest,T+2_R-10,Compound,2.0,-10.0,2.7516167929292936,2.5893955844155845,-0.16222120851370914,-5.895486934465646
Kwara,2024,RandomForest,T+2_R-10,Compound,2.0,-10.0,2.33390232850483,2.6780137926887932,0.3441114641839631,14.744038770654619
Lagos,2024,RandomForest,T+2_R-10,Compound,2.0,-10.0,1.6620472915972913,1.8626737138787117,0.20062642228142047,12.07104173844601
Nasarawa,2024,RandomForest,T+2_R-10,Compound,2.0,-10.0,2.855585733525734,2.6072045250120253,-0.2483812085137087,-8.698082694475346
Niger,2024,RandomForest,T+2_R-10,Compound,2.0,-10.0,2.7895873544973533,2.4894226202501195,-0.3001647342472338,-10.76018407393876
Ogun,2024,RandomForest,T+2_R-10,Compound,2.0,-10.0,2.039880582935582,1.9336037006511992,-0.10627688228438292,-5.2099560716167215
Ondo,2024,RandomForest,T+2_R-10,Compound,2.0,-10.0,2.1849544208569216,1.7995804995929987,-0.3853739212639229,-17.637618322160804
Osun,2024,RandomForest,T+2_R-10,Compound,2.0,-10.0,1.9470981176231177,1.9351900313575299,-0.011908086265587814,-0.6115812119485986
Oyo,2024,RandomForest,T+2_R-10,Compound,2.0,-10.0,2.0064290904465896,1.9442660936285923,-0.06216299681799731,-3.0981905672111796
Plateau,2024,RandomForest,T+2_R-10,Compound,2.0,-10.0,2.262516705886705,2.339049306619308,0.07653260073260304,3.382631409238991
Rivers,2024,RandomForest,T+2_R-10,Compound,2.0,-10.0,1.9099420239020226,1.8956511112036099,-0.014290912698412761,-0.7482380365251268
Sokoto,2024,RandomForest,T+2_R-10,Compound,2.0,-10.0,2.0728155444555436,2.065490815665815,-0.007324728789728674,-0.35337098900677266
Taraba,2024,RandomForest,T+2_R-10,Compound,2.0,-10.0,2.532413990268988,2.5971285374810376,0.06471454721204939,2.5554489692728133
Yobe,2024,RandomForest,T+2_R-10,Compound,2.0,-10.0,1.9694176791726787,1.9537747655122648,-0.015642913660413926,-0.7942913189946211
Zamfara,2024,RandomForest,T+2_R-10,Compound,2.0,-10.0,2.009601931586932,2.069388735801235,0.059786804214303046,2.9750570635195857
Abia,2024,LightGBM,T+2_R-10,Compound,2.0,-10.0,1.8857182803461676,1.7988892899707596,-0.08682899037540803,-4.604557917287016
Adamawa,2024,LightGBM,T+2_R-10,Compound,2.0,-10.0,2.7029347260592815,2.932177895742811,0.2292431696835293,8.481269172850217
Akwa Ibom,2024,LightGBM,T+2_R-10,Compound,2.0,-10.0,1.7518811138048203,1.784880533434311,0.03299941962949071,1.8836563377192288
Anambra,2024,LightGBM,T+2_R-10,Compound,2.0,-10.0,1.9608427375996522,1.8003471594829887,-0.16049557811666348,-8.185030601338926
Bauchi,2024,LightGBM,T+2_R-10,Compound,2.0,-10.0,2.288970852812262,2.5927106558961435,0.3037398030838814,13.26971039018266
Bayelsa,2024,LightGBM,T+2_R-10,Compound,2.0,-10.0,1.9780597189458775,1.8531086249077409,-0.12495109403813665,-6.316851450001924
Benue,2024,LightGBM,T+2_R-10,Compound,2.0,-10.0,2.6716814124765933,2.596421660263403,-0.07525975221319037,-2.8169433623983684
Borno,2024,LightGBM,T+2_R-10,Compound,2.0,-10.0,2.5538667935889894,2.5601442292499033,0.006277435660913877,0.24580121706708505
Cross River,2024,LightGBM,T+2_R-10,Compound,2.0,-10.0,1.7929998542711614,1.8217671756064961,0.028767321335334772,1.604424075484849
Delta,2024,LightGBM,T+2_R-10,Compound,2.0,-10.0,1.9705492690557629,1.8100536909390987,-0.16049557811666415,-8.144712778157004
Ebonyi,2024,LightGBM,T+2_R-10,Compound,2.0,-10.0,1.8361117699485616,1.7842757619139475,-0.05183600803461408,-2.823140120498561
Edo,2024,LightGBM,T+2_R-10,Compound,2.0,-10.0,2.0208195123023867,1.8871258321437256,-0.133693680158661,-6.615814987175147
Ekiti,2024,LightGBM,T+2_R-10,Compound,2.0,-10.0,2.12982541303054,1.7935264573110434,-0.3362989557194964,-15.789977603890772
Enugu,2024,LightGBM,T+2_R-10,Compound,2.0,-10.0,1.9718888257207303,1.7849430795062786,-0.1869457462144517,-9.480541893436744
FCT,2024,LightGBM,T+2_R-10,Compound,2.0,-10.0,2.675089302187353,2.7476871354546635,0.07259783326731029,2.7138470931773706
Gombe,2024,LightGBM,T+2_R-10,Compound,2.0,-10.0,2.757550720508127,2.874331473033913,0.11678075252578601,4.234944860933224
Imo,2024,LightGBM,T+2_R-10,Compound,2.0,-10.0,1.9852379020439388,1.8074569861510377,-0.17778091589290113,-8.95514415223805
Jigawa,2024,LightGBM,T+2_R-10,Compound,2.0,-10.0,2.1719872802994367,2.1871561955927734,0.015168915293336749,0.6983887719289735
Kaduna,2024,LightGBM,T+2_R-10,Compound,2.0,-10.0,2.150619625529219,2.4076488665270253,0.25702924099780633,11.951404048707927
Kano,2024,LightGBM,T+2_R-10,Compound,2.0,-10.0,2.1392041565082125,2.144362447889514,0.005158291381301527,0.24113132753637317
Katsina,2024,LightGBM,T+2_R-10,Compound,2.0,-10.0,1.9519067976449578,2.190709124567533,0.23880232692257541,12.234309917394548
Kebbi,2024,LightGBM,T+2_R-10,Compound,2.0,-10.0,2.073716090789913,2.1934286470869777,0.11971255629706468,5.772851781820537
Kogi,2024,LightGBM,T+2_R-10,Compound,2.0,-10.0,2.777658283495822,2.718823407373193,-0.058834876122629165,-2.118146658723712
Kwara,2024,LightGBM,T+2_R-10,Compound,2.0,-10.0,2.320563274323994,2.789656612394761,0.4690933380707669,20.214632510178763
Lagos,2024,LightGBM,T+2_R-10,Compound,2.0,-10.0,1.7457696534864193,1.8555650175194407,0.10979536403302137,6.289224000070837
Nasarawa,2024,LightGBM,T+2_R-10,Compound,2.0,-10.0,2.8528243385884564,2.6132078919298642,-0.23961644665859216,-8.399270975693916
Niger,2024,LightGBM,T+2_R-10,Compound,2.0,-10.0,2.7142918549452477,2.126868805295761,-0.5874230496494866,-21.641852867783665
Ogun,2024,LightGBM,T+2_R-10,Compound,2.0,-10.0,2.201893978512967,1.975712981919334,-0.22618099659363322,-10.272111137084943
Ondo,2024,LightGBM,T+2_R-10,Compound,2.0,-10.0,2.12982541303054,1.7935264573110434,-0.3362989557194964,-15.789977603890772
Osun,2024,LightGBM,T+2_R-10,Compound,2.0,-10.0,1.6977145580657644,1.9431914007144222,0.24547684264865777,14.4592529693763
Oyo,2024,LightGBM,T+2_R-10,Compound,2.0,-10.0,1.9520850306715005,1.9552426284477376,0.003157597776237031,0.16175513497743715
Plateau,2024,LightGBM,T+2_R-10,Compound,2.0,-10.0,2.117811946993451,2.4726443968834557,0.35483244989000484,16.754672216942694
Rivers,2024,LightGBM,T+2_R-10,Compound,2.0,-10.0,1.824341303572406,1.8353764113885587,0.011035107816152578,0.6048817616826274
Sokoto,2024,LightGBM,T+2_R-10,Compound,2.0,-10.0,2.2195111565910786,2.423635019087342,0.20412386249626335,9.19679371243958
Taraba,2024,LightGBM,T+2_R-10,Compound,2.0,-10.0,2.638245673999239,2.6511344195945097,0.012888745595270645,0.48853470024772083
Yobe,2024,LightGBM,T+2_R-10,Compound,2.0,-10.0,1.8688686944973276,2.0643503687582503,0.19548167426092267,10.459893455141945
Zamfara,2024,LightGBM,T+2_R-10,Compound,2.0,-10.0,1.9801238613872905,2.1055722777745896,0.1254484163872991,6.33538228762159
Abia,2024,Ridge,T+2_R-20,Compound,2.0,-20.0,2.1076467263764953,2.161822357537622,0.05417563116112678,2.5704322495386367
Adamawa,2024,Ridge,T+2_R-20,Compound,2.0,-20.0,2.228160901514542,2.304059681696088,0.07589878018154605,3.406341980507582
Akwa Ibom,2024,Ridge,T+2_R-20,Compound,2.0,-20.0,1.872649060175104,1.9327708172825693,0.06012175710746526,3.2105191723345916
Anambra,2024,Ridge,T+2_R-20,Compound,2.0,-20.0,1.995924798496167,2.0515501656878112,0.05562536719164424,2.7869470449766074
Bauchi,2024,Ridge,T+2_R-20,Compound,2.0,-20.0,2.1911408567156014,2.2847295754377135,0.09358871872211205,4.271232423751906
Bayelsa,2024,Ridge,T+2_R-20,Compound,2.0,-20.0,2.1283699370790585,2.194098477472259,0.06572854039320042,3.0882103363762616
Benue,2024,Ridge,T+2_R-20,Compound,2.0,-20.0,2.19856824250258,2.285760830007659,0.08719258750507874,3.9658804225166744
Borno,2024,Ridge,T+2_R-20,Compound,2.0,-20.0,2.0703928745107003,2.158711629431399,0.08831875492069852,4.265796893334606
Cross River,2024,Ridge,T+2_R-20,Compound,2.0,-20.0,2.030445114502975,2.0905668716104406,0.0601217571074657,2.9610136554803
Delta,2024,Ridge,T+2_R-20,Compound,2.0,-20.0,2.0305870274144278,2.086212394606072,0.05562536719164424,2.739373710196146
Ebonyi,2024,Ridge,T+2_R-20,Compound,2.0,-20.0,1.9564966462995055,2.0051436684711743,0.04864702217166883,2.4864352445315574
Edo,2024,Ridge,T+2_R-20,Compound,2.0,-20.0,2.111047715517973,2.167702761747816,0.05665504622984319,2.6837406759392994
Ekiti,2024,Ridge,T+2_R-20,Compound,2.0,-20.0,2.0437113506512485,2.0844540018871123,0.040742651235863736,1.9935619197339531
Enugu,2024,Ridge,T+2_R-20,Compound,2.0,-20.0,2.0081454928192786,2.0548589867061886,0.04671349388691004,2.326200668923045
FCT,2024,Ridge,T+2_R-20,Compound,2.0,-20.0,2.242027472634796,2.328501147304038,0.08647367466924205,3.8569409039229807
Gombe,2024,Ridge,T+2_R-20,Compound,2.0,-20.0,2.2229100314658363,2.312684899139484,0.08977486767364784,4.038619035537318
Imo,2024,Ridge,T+2_R-20,Compound,2.0,-20.0,2.0945526450593923,2.1545179776981,0.059965332638707736,2.8629183792612376
Jigawa,2024,Ridge,T+2_R-20,Compound,2.0,-20.0,2.1819739435208767,2.2719637473868035,0.08998980386592681,4.124238244601467
Kaduna,2024,Ridge,T+2_R-20,Compound,2.0,-20.0,2.363204426464491,2.4739503648418264,0.11074593837733548,4.686261465031982
Kano,2024,Ridge,T+2_R-20,Compound,2.0,-20.0,2.225563194098675,2.3149420523541275,0.08937885825545244,4.0160108008817845
Katsina,2024,Ridge,T+2_R-20,Compound,2.0,-20.0,2.2080260154060616,2.2664989896754375,0.05847297426937592,2.6482013283082897
Kebbi,2024,Ridge,T+2_R-20,Compound,2.0,-20.0,2.632935313166963,2.64746066117846,0.014525348011497297,0.5516788786590366
Kogi,2024,Ridge,T+2_R-20,Compound,2.0,-20.0,2.2536363147167684,2.333295490786241,0.0796591760694727,3.534695263351934
Kwara,2024,Ridge,T+2_R-20,Compound,2.0,-20.0,2.3570629056563646,2.431477420934364,0.07441451527799936,3.157086520661924
Lagos,2024,Ridge,T+2_R-20,Compound,2.0,-20.0,1.6751356367769583,1.7146145035836402,0.03947886680668189,2.356756428550534
Nasarawa,2024,Ridge,T+2_R-20,Compound,2.0,-20.0,2.211695408595071,2.297877382970386,0.08618197437531494,3.896647523903849
Niger,2024,Ridge,T+2_R-20,Compound,2.0,-20.0,2.1097706256759228,2.1918408291823845,0.08207020350646177,3.890005980160442
Ogun,2024,Ridge,T+2_R-20,Compound,2.0,-20.0,2.0336178540548344,2.0759578523961846,0.04233999834135016,2.082003669319108
Ondo,2024,Ridge,T+2_R-20,Compound,2.0,-20.0,2.0437113506512485,2.0844540018871123,0.040742651235863736,1.9935619197339531
Osun,2024,Ridge,T+2_R-20,Compound,2.0,-20.0,2.1491664004589888,2.1929149092660927,0.0437485088071039,2.035603608811338
Oyo,2024,Ridge,T+2_R-20,Compound,2.0,-20.0,2.1484217076763903,2.18638764241741,0.0379659347410195,1.7671546794265673
Plateau,2024,Ridge,T+2_R-20,Compound,2.0,-20.0,2.2510678681752685,2.335986060910051,0.0849181927347824,3.7723515108239583
Rivers,2024,Ridge,T+2_R-20,Compound,2.0,-20.0,2.26062565983569,2.323229023917398,0.06260336408170764,2.7692937045692854
Sokoto,2024,Ridge,T+2_R-20,Compound,2.0,-20.0,2.2451522787394262,2.3167985631739008,0.07164628443447452,3.1911547877145057
Taraba,2024,Ridge,T+2_R-20,Compound,2.0,-20.0,2.420993047866713,2.509944388883944,0.08895134101723112,3.674167552674786
Yobe,2024,Ridge,T+2_R-20,Compound,2.0,-20.0,2.159000713191354,2.2383180847318034,0.0793173715404496,3.6738001546653334
Zamfara,2024,Ridge,T+2_R-20,Compound,2.0,-20.0,2.1907240365142804,2.282932577238744,0.09220854072446372,4.209044096269614
Abia,2024,RandomForest,T+2_R-20,Compound,2.0,-20.0,1.9242374470899457,1.8460314724164706,-0.07820597467347512,-4.064258015129434
Adamawa,2024,RandomForest,T+2_R-20,Compound,2.0,-20.0,2.5210381298331286,2.7507840957190957,0.22974596588596707,9.113149189107041
Akwa Ibom,2024,RandomForest,T+2_R-20,Compound,2.0,-20.0,1.8684125926850914,1.8479638136863124,-0.02044877899877906,-1.0944466483921609
Anambra,2024,RandomForest,T+2_R-20,Compound,2.0,-20.0,1.8766700360750341,1.8071472191697182,-0.06952281690531592,-3.7045839475712827
Bauchi,2024,RandomForest,T+2_R-20,Compound,2.0,-20.0,2.347526554186554,2.456218688626189,0.10869213443963499,4.630070498917023
Bayelsa,2024,RandomForest,T+2_R-20,Compound,2.0,-20.0,1.982855864690863,1.8854570015169998,-0.09739886317386315,-4.912049580015646
Benue,2024,RandomForest,T+2_R-20,Compound,2.0,-20.0,2.7372636014911023,2.573926672679173,-0.1633369288119293,-5.967161099243523
Borno,2024,RandomForest,T+2_R-20,Compound,2.0,-20.0,2.659030012025013,2.5739119925444935,-0.08511801948051945,-3.2010928457214707
Cross River,2024,RandomForest,T+2_R-20,Compound,2.0,-20.0,1.9022551720501713,1.882942504162503,-0.019312667887668278,-1.015251169844574
Delta,2024,RandomForest,T+2_R-20,Compound,2.0,-20.0,1.9366485942760934,1.8614728408628396,-0.07517575341325378,-3.8817446611347672
Ebonyi,2024,RandomForest,T+2_R-20,Compound,2.0,-20.0,1.7944163329263327,1.7884135551485554,-0.006002777777777357,-0.33452536446700926
Edo,2024,RandomForest,T+2_R-20,Compound,2.0,-20.0,2.0688820586820573,1.9020084096459091,-0.1668736490361482,-8.065885067535069
Ekiti,2024,RandomForest,T+2_R-20,Compound,2.0,-20.0,2.1849544208569216,1.7988179599104597,-0.3861364609464619,-17.67251789147264
Enugu,2024,RandomForest,T+2_R-20,Compound,2.0,-20.0,1.8868568217893207,1.7943286080586078,-0.09252821373071285,-4.90382803094554
FCT,2024,RandomForest,T+2_R-20,Compound,2.0,-20.0,2.5084377397602404,2.755042026214528,0.24660428645428745,9.830990920980888
Gombe,2024,RandomForest,T+2_R-20,Compound,2.0,-20.0,2.5915788844488827,2.7609516333666337,0.169372748917751,6.535504280193629
Imo,2024,RandomForest,T+2_R-20,Compound,2.0,-20.0,1.9377850873200857,1.8500865517815501,-0.08769853553853557,-4.5257101064711325
Jigawa,2024,RandomForest,T+2_R-20,Compound,2.0,-20.0,1.9830492814592822,1.9729781469456467,-0.010071134513635505,-0.5078610303736062
Kaduna,2024,RandomForest,T+2_R-20,Compound,2.0,-20.0,2.2874002532652513,2.42826149147149,0.14086123820623886,6.158136863242898
Kano,2024,RandomForest,T+2_R-20,Compound,2.0,-20.0,1.9585134601509617,1.954251794131795,-0.0042616660191667766,-0.2175969737189495
Katsina,2024,RandomForest,T+2_R-20,Compound,2.0,-20.0,1.9979591144041133,2.0613212109187105,0.06336209651459712,3.1713409978108946
Kebbi,2024,RandomForest,T+2_R-20,Compound,2.0,-20.0,2.0630674849224846,2.110557514430014,0.04749002950752956,2.3019135270465427
Kogi,2024,RandomForest,T+2_R-20,Compound,2.0,-20.0,2.7516167929292936,2.576562012987013,-0.1750547799422808,-6.361888050404084
Kwara,2024,RandomForest,T+2_R-20,Compound,2.0,-20.0,2.33390232850483,2.675979652477153,0.34207732397232293,14.656882586490594
Lagos,2024,RandomForest,T+2_R-20,Compound,2.0,-20.0,1.6620472915972913,1.8624552218152204,0.20040793021792913,12.057895778966039
Nasarawa,2024,RandomForest,T+2_R-20,Compound,2.0,-20.0,2.855585733525734,2.587856151996152,-0.26772958152958193,-9.375645016933937
Niger,2024,RandomForest,T+2_R-20,Compound,2.0,-20.0,2.7895873544973533,2.486609286916786,-0.30297806758056733,-10.861035310190527
Ogun,2024,RandomForest,T+2_R-20,Compound,2.0,-20.0,2.039880582935582,1.8634957905982894,-0.17638479233729276,-8.646819515457041
Ondo,2024,RandomForest,T+2_R-20,Compound,2.0,-20.0,2.1849544208569216,1.7988179599104597,-0.3861364609464619,-17.67251789147264
Osun,2024,RandomForest,T+2_R-20,Compound,2.0,-20.0,1.9470981176231177,1.8544120941095932,-0.09268602351352451,-4.7602132976569855
Oyo,2024,RandomForest,T+2_R-20,Compound,2.0,-20.0,2.0064290904465896,1.8646792105117094,-0.1417498799348802,-7.064783929310435
Plateau,2024,RandomForest,T+2_R-20,Compound,2.0,-20.0,2.262516705886705,2.3272552590002595,0.0647385531135547,2.8613513856103423
Rivers,2024,RandomForest,T+2_R-20,Compound,2.0,-20.0,1.9099420239020226,1.8880361681836666,-0.021905855718356015,-1.1469382548901785
Sokoto,2024,RandomForest,T+2_R-20,Compound,2.0,-20.0,2.0728155444555436,2.0668661066711063,-0.00594943778443735,-0.28702205559733296
Taraba,2024,RandomForest,T+2_R-20,Compound,2.0,-20.0,2.532413990268988,2.5972677306027303,0.06485374033374214,2.5609454292603044
Yobe,2024,RandomForest,T+2_R-20,Compound,2.0,-20.0,1.9694176791726787,1.9504142099567097,-0.01900346921596907,-0.9649283347528457
Zamfara,2024,RandomForest,T+2_R-20,Compound,2.0,-20.0,2.009601931586932,2.0344145711695707,0.024812639582638685,1.2347042064716156
Abia,2024,LightGBM,T+2_R-20,Compound,2.0,-20.0,1.8857182803461676,1.7988892899707596,-0.08682899037540803,-4.604557917287016
Adamawa,2024,LightGBM,T+2_R-20,Compound,2.0,-20.0,2.7029347260592815,2.868426205728712,0.16549147966943067,6.122659125797959
Akwa Ibom,2024,LightGBM,T+2_R-20,Compound,2.0,-20.0,1.7518811138048203,1.7627951903819572,0.010914076577136944,0.6229918509386304
Anambra,2024,LightGBM,T+2_R-20,Compound,2.0,-20.0,1.9608427375996522,1.8003471594829887,-0.16049557811666348,-8.185030601338926
Bauchi,2024,LightGBM,T+2_R-20,Compound,2.0,-20.0,2.288970852812262,2.591897289093691,0.302926436281429,13.234176219817273
Bayelsa,2024,LightGBM,T+2_R-20,Compound,2.0,-20.0,1.9780597189458775,1.79359845143732,-0.1844612675085575,-9.325363928186064
Benue,2024,LightGBM,T+2_R-20,Compound,2.0,-20.0,2.6716814124765933,2.596421660263403,-0.07525975221319037,-2.8169433623983684
Borno,2024,LightGBM,T+2_R-20,Compound,2.0,-20.0,2.5538667935889894,2.5572272614078777,0.003360467818888324,0.13158351983447836
Cross River,2024,LightGBM,T+2_R-20,Compound,2.0,-20.0,1.7929998542711614,1.79359845143732,0.0005985971661586209,0.03338523228168055
Delta,2024,LightGBM,T+2_R-20,Compound,2.0,-20.0,1.9705492690557629,1.8100536909390987,-0.16049557811666415,-8.144712778157004
Ebonyi,2024,LightGBM,T+2_R-20,Compound,2.0,-20.0,1.8361117699485616,1.7842757619139475,-0.05183600803461408,-2.823140120498561
Edo,2024,LightGBM,T+2_R-20,Compound,2.0,-20.0,2.0208195123023867,1.833598813556913,-0.18722069874547365,-9.264592785536147
Ekiti,2024,LightGBM,T+2_R-20,Compound,2.0,-20.0,2.12982541303054,1.7935264573110434,-0.3362989557194964,-15.789977603890772
Enugu,2024,LightGBM,T+2_R-20,Compound,2.0,-20.0,1.9718888257207303,1.7849430795062786,-0.1869457462144517,-9.480541893436744
FCT,2024,LightGBM,T+2_R-20,Compound,2.0,-20.0,2.675089302187353,2.765199170009508,0.09010986782215502,3.368480736268298
Gombe,2024,LightGBM,T+2_R-20,Compound,2.0,-20.0,2.757550720508127,2.8948733397022104,0.13732261919408328,4.9798764596714
Imo,2024,LightGBM,T+2_R-20,Compound,2.0,-20.0,1.9852379020439388,1.78225278948813,-0.20298511255580887,-10.224724822492142
Jigawa,2024,LightGBM,T+2_R-20,Compound,2.0,-20.0,2.1719872802994367,2.166172283870314,-0.005814996429122754,-0.2677270019887539
Kaduna,2024,LightGBM,T+2_R-20,Compound,2.0,-20.0,2.150619625529219,2.4917519365581664,0.3411323110289475,15.862047708459952
Kano,2024,LightGBM,T+2_R-20,Compound,2.0,-20.0,2.1392041565082125,2.1485518447173746,0.009347688209162097,0.4369703649239432
Katsina,2024,LightGBM,T+2_R-20,Compound,2.0,-20.0,1.9519067976449578,2.187376810056938,0.23547001241198018,12.063588932426631
Kebbi,2024,LightGBM,T+2_R-20,Compound,2.0,-20.0,2.073716090789913,2.19129210266831,0.11757601187839706,5.669822035937928
Kogi,2024,LightGBM,T+2_R-20,Compound,2.0,-20.0,2.777658283495822,2.668321252560044,-0.10933703093577796,-3.936302445316341
Kwara,2024,LightGBM,T+2_R-20,Compound,2.0,-20.0,2.320563274323994,2.729258971542379,0.40869569721838506,17.611917836519353
Lagos,2024,LightGBM,T+2_R-20,Compound,2.0,-20.0,1.7457696534864193,1.8448181800467747,0.09904852656035534,5.673630903283763
Nasarawa,2024,LightGBM,T+2_R-20,Compound,2.0,-20.0,2.8528243385884564,2.5664628424782943,-0.28636149611016215,-10.037824349600523
Niger,2024,LightGBM,T+2_R-20,Compound,2.0,-20.0,2.7142918549452477,2.126868805295761,-0.5874230496494866,-21.641852867783665
Ogun,2024,LightGBM,T+2_R-20,Compound,2.0,-20.0,2.201893978512967,1.7985526316321652,-0.40334134688080203,-18.317927693920833
Ondo,2024,LightGBM,T+2_R-20,Compound,2.0,-20.0,2.12982541303054,1.7935264573110434,-0.3362989557194964,-15.789977603890772
Osun,2024,LightGBM,T+2_R-20,Compound,2.0,-20.0,1.6977145580657644,1.7516683090969738,0.05395375103120936,3.1780225229781736
Oyo,2024,LightGBM,T+2_R-20,Compound,2.0,-20.0,1.9520850306715005,1.767223295028358,-0.18486173564314257,-9.46996328226295
Plateau,2024,LightGBM,T+2_R-20,Compound,2.0,-20.0,2.117811946993451,2.454266443933566,0.3364544969401151,15.886892007468479
Rivers,2024,LightGBM,T+2_R-20,Compound,2.0,-20.0,1.824341303572406,1.79359845143732,-0.030742852135086096,-1.6851480627493203
Sokoto,2024,LightGBM,T+2_R-20,Compound,2.0,-20.0,2.2195111565910786,2.4203027045767467,0.20079154798566812,9.046656395008238
Taraba,2024,LightGBM,T+2_R-20,Compound,2.0,-20.0,2.638245673999239,2.6808769045206486,0.0426312305214096,1.6158931270713002
Yobe,2024,LightGBM,T+2_R-20,Compound,2.0,-20.0,1.8688686944973276,2.02755646154852,0.15868776705119236,8.491113769438726
Zamfara,2024,LightGBM,T+2_R-20,Compound,2.0,-20.0,1.9801238613872905,2.0485802216044946,0.06845636021720414,3.457175662195347
Abia,2024,Ridge,T+2_R-30,Compound,2.0,-30.0,2.1076467263764953,2.168102949010421,0.060456222633925805,2.868422960894554
Adamawa,2024,Ridge,T+2_R-30,Compound,2.0,-30.0,2.228160901514542,2.2887711718760957,0.06061027036155364,2.7201927078226342
Akwa Ibom,2024,Ridge,T+2_R-30,Compound,2.0,-30.0,1.872649060175104,1.9420244717285378,0.06937541155343374,3.704666989069843
Anambra,2024,Ridge,T+2_R-30,Compound,2.0,-30.0,1.995924798496167,2.0585556251758694,0.06263082667970243,3.137935193094035
Bauchi,2024,Ridge,T+2_R-30,Compound,2.0,-30.0,2.1911408567156014,2.278286034888004,0.08714517817240264,3.977160021698853
Bayelsa,2024,Ridge,T+2_R-30,Compound,2.0,-30.0,2.1283699370790585,2.2061555235610952,0.0777855864820367,3.654702367615116
Benue,2024,Ridge,T+2_R-30,Compound,2.0,-30.0,2.19856824250258,2.28681065543284,0.08824241293025992,4.013630835939647
Borno,2024,Ridge,T+2_R-30,Compound,2.0,-30.0,2.0703928745107003,2.149633106980983,0.07924023247028256,3.827304153034701
Cross River,2024,Ridge,T+2_R-30,Compound,2.0,-30.0,2.030445114502975,2.099820526056409,0.06937541155343396,3.416758771655648
Delta,2024,Ridge,T+2_R-30,Compound,2.0,-30.0,2.0305870274144278,2.09321785409413,0.06263082667970243,3.0843704718950686
Ebonyi,2024,Ridge,T+2_R-30,Compound,2.0,-30.0,1.9564966462995055,2.0086599554492444,0.05216330914973888,2.666158883962308
Edo,2024,Ridge,T+2_R-30,Compound,2.0,-30.0,2.111047715517973,2.175223060754974,0.06417534523700086,3.0399760633195636
Ekiti,2024,Ridge,T+2_R-30,Compound,2.0,-30.0,2.0437113506512485,2.08401810339728,0.04030675274603146,1.9722331499106918
Enugu,2024,Ridge,T+2_R-30,Compound,2.0,-30.0,2.0081454928192786,2.0574085095418795,0.049263016722600916,2.4531597386123405
FCT,2024,Ridge,T+2_R-30,Compound,2.0,-30.0,2.242027472634796,2.329191516311301,0.0871640436765051,3.887733078224562
Gombe,2024,Ridge,T+2_R-30,Compound,2.0,-30.0,2.2229100314658363,2.304334433065543,0.08142440159970654,3.66296433265963
Imo,2024,Ridge,T+2_R-30,Compound,2.0,-30.0,2.0945526450593923,2.16369341990969,0.06914077485029768,3.300980522661303
Jigawa,2024,Ridge,T+2_R-30,Compound,2.0,-30.0,2.1819739435208767,2.2637207494090017,0.081746805888125,3.7464611404211694
Kaduna,2024,Ridge,T+2_R-30,Compound,2.0,-30.0,2.363204426464491,2.4760854341197285,0.11288100765523756,4.7766078292310485
Kano,2024,Ridge,T+2_R-30,Compound,2.0,-30.0,2.225563194098675,2.306393581571089,0.08083038747241389,3.6319070915058504
Katsina,2024,Ridge,T+2_R-30,Compound,2.0,-30.0,2.2080260154060616,2.2424975768993596,0.034471561493298,1.5611936296393043
Kebbi,2024,Ridge,T+2_R-30,Compound,2.0,-30.0,2.632935313166963,2.6014854352734433,-0.031449877893519496,-1.1944797024158853
Kogi,2024,Ridge,T+2_R-30,Compound,2.0,-30.0,2.2536363147167684,2.3305786104936193,0.07694229577685086,3.41413986251463
Kwara,2024,Ridge,T+2_R-30,Compound,2.0,-30.0,2.3570629056563646,2.426138210246005,0.0690753045896404,2.9305668687872886
Lagos,2024,Ridge,T+2_R-30,Compound,2.0,-30.0,1.6751356367769583,1.713546712879217,0.03841107610225869,2.293012891550887
Nasarawa,2024,Ridge,T+2_R-30,Compound,2.0,-30.0,2.211695408595071,2.2984219018306855,0.08672649323561465,3.921267499067861
Niger,2024,Ridge,T+2_R-30,Compound,2.0,-30.0,2.1097706256759228,2.1903294626082572,0.08055883693233445,3.818369445091939
Ogun,2024,Ridge,T+2_R-30,Compound,2.0,-30.0,2.0336178540548344,2.0763206274590957,0.04270277340426132,2.099842569690081
Ondo,2024,Ridge,T+2_R-30,Compound,2.0,-30.0,2.0437113506512485,2.08401810339728,0.04030675274603146,1.9722331499106918
Osun,2024,Ridge,T+2_R-30,Compound,2.0,-30.0,2.1491664004589888,2.1939819395618807,0.04481553910289193,2.085252174672043
Oyo,2024,Ridge,T+2_R-30,Compound,2.0,-30.0,2.1484217076763903,2.1845633856801556,0.03614167800376533,1.682243196232368
Plateau,2024,Ridge,T+2_R-30,Compound,2.0,-30.0,2.2510678681752685,2.335898688950084,0.08483082077481541,3.7684701547261596
Rivers,2024,Ridge,T+2_R-30,Compound,2.0,-30.0,2.26062565983569,2.333723481850488,0.07309782201479775,3.233521733098913
Sokoto,2024,Ridge,T+2_R-30,Compound,2.0,-30.0,2.2451522787394262,2.299383805480373,0.054231526740946556,2.4154943633220123
Taraba,2024,Ridge,T+2_R-30,Compound,2.0,-30.0,2.420993047866713,2.501182159481795,0.08018911161508191,3.3122404744508254
Yobe,2024,Ridge,T+2_R-30,Compound,2.0,-30.0,2.159000713191354,2.2247388705912634,0.06573815739990962,3.044841856616988
Zamfara,2024,Ridge,T+2_R-30,Compound,2.0,-30.0,2.1907240365142804,2.2757989476902107,0.08507491117593036,3.8834152434505316
Abia,2024,RandomForest,T+2_R-30,Compound,2.0,-30.0,1.9242374470899457,1.8460314724164706,-0.07820597467347512,-4.064258015129434
Adamawa,2024,RandomForest,T+2_R-30,Compound,2.0,-30.0,2.5210381298331286,2.7471121909571905,0.22607406112406192,8.9674986843228
Akwa Ibom,2024,RandomForest,T+2_R-30,Compound,2.0,-30.0,1.8684125926850914,1.8471504406704393,-0.02126215201465209,-1.137979485788859
Anambra,2024,RandomForest,T+2_R-30,Compound,2.0,-30.0,1.8766700360750341,1.8071472191697182,-0.06952281690531592,-3.7045839475712827
Bauchi,2024,RandomForest,T+2_R-30,Compound,2.0,-30.0,2.347526554186554,2.454493900266401,0.10696734607984659,4.556597917458363
Bayelsa,2024,RandomForest,T+2_R-30,Compound,2.0,-30.0,1.982855864690863,1.884643628501127,-0.09821223618973596,-4.953069859419546
Benue,2024,RandomForest,T+2_R-30,Compound,2.0,-30.0,2.7372636014911023,2.5678277837902845,-0.16943581770081773,-6.189970801808014
Borno,2024,RandomForest,T+2_R-30,Compound,2.0,-30.0,2.659030012025013,2.5802299290524298,-0.07880008297258323,-2.963489792000211
Cross River,2024,RandomForest,T+2_R-30,Compound,2.0,-30.0,1.9022551720501713,1.88212913114663,-0.02012604090354131,-1.0580095246554277
Delta,2024,RandomForest,T+2_R-30,Compound,2.0,-30.0,1.9366485942760934,1.8614728408628394,-0.075175753413254,-3.8817446611347792
Ebonyi,2024,RandomForest,T+2_R-30,Compound,2.0,-30.0,1.7944163329263327,1.7884135551485554,-0.006002777777777357,-0.33452536446700926
Edo,2024,RandomForest,T+2_R-30,Compound,2.0,-30.0,2.0688820586820573,1.9020084096459096,-0.16687364903614776,-8.06588506753505
Ekiti,2024,RandomForest,T+2_R-30,Compound,2.0,-30.0,2.1849544208569216,1.7988179599104597,-0.3861364609464619,-17.67251789147264
Enugu,2024,RandomForest,T+2_R-30,Compound,2.0,-30.0,1.8868568217893207,1.7943286080586078,-0.09252821373071285,-4.90382803094554
FCT,2024,RandomForest,T+2_R-30,Compound,2.0,-30.0,2.5084377397602404,2.7329836135161143,0.22454587375587387,8.951622366251604
Gombe,2024,RandomForest,T+2_R-30,Compound,2.0,-30.0,2.5915788844488827,2.7618434058534063,0.17026452140452353,6.56991467349185
Imo,2024,RandomForest,T+2_R-30,Compound,2.0,-30.0,1.9377850873200857,1.8528472660672644,-0.08493782125282134,-4.38324259014133
Jigawa,2024,RandomForest,T+2_R-30,Compound,2.0,-30.0,1.9830492814592822,1.9624477501202497,-0.02060153133903242,-1.0388814605692607
Kaduna,2024,RandomForest,T+2_R-30,Compound,2.0,-30.0,2.2874002532652513,2.427494507344506,0.14009425407925447,6.124606040384523
Kano,2024,RandomForest,T+2_R-30,Compound,2.0,-30.0,1.9585134601509617,1.9411775084175085,-0.01733595173345326,-0.8851586719305471
Katsina,2024,RandomForest,T+2_R-30,Compound,2.0,-30.0,1.9979591144041133,2.0494925468975462,0.051533432493432896,2.579303656511641
Kebbi,2024,RandomForest,T+2_R-30,Compound,2.0,-30.0,2.0630674849224846,2.110571800144299,0.04750431522181442,2.3026059772154905
Kogi,2024,RandomForest,T+2_R-30,Compound,2.0,-30.0,2.7516167929292936,2.574584235209235,-0.17703255772005866,-6.433764984098486
Kwara,2024,RandomForest,T+2_R-30,Compound,2.0,-30.0,2.33390232850483,2.663740287397788,0.32983795889295786,14.132466250387704
Lagos,2024,RandomForest,T+2_R-30,Compound,2.0,-30.0,1.6620472915972913,1.8624552218152202,0.2004079302179289,12.057895778966024
Nasarawa,2024,RandomForest,T+2_R-30,Compound,2.0,-30.0,2.855585733525734,2.578116601731601,-0.2774691317941329,-9.716715157122858
Niger,2024,RandomForest,T+2_R-30,Compound,2.0,-30.0,2.7895873544973533,2.483323731361231,-0.3062636231361222,-10.978814577803636
Ogun,2024,RandomForest,T+2_R-30,Compound,2.0,-30.0,2.039880582935582,1.8667942032967024,-0.17308637963887974,-8.485123153130463
Ondo,2024,RandomForest,T+2_R-30,Compound,2.0,-30.0,2.1849544208569216,1.7988179599104597,-0.3861364609464619,-17.67251789147264
Osun,2024,RandomForest,T+2_R-30,Compound,2.0,-30.0,1.9470981176231177,1.8534630068080056,-0.09363511081511211,-4.808956978984467
Oyo,2024,RandomForest,T+2_R-30,Compound,2.0,-30.0,2.0064290904465896,1.8665597660672646,-0.13986932437932498,-6.971057439572557
Plateau,2024,RandomForest,T+2_R-30,Compound,2.0,-30.0,2.262516705886705,2.333488847263848,0.07097214137714314,3.136867064560674
Rivers,2024,RandomForest,T+2_R-30,Compound,2.0,-30.0,1.9099420239020226,1.8911755729455717,-0.01876645095645091,-0.9825665240932779
Sokoto,2024,RandomForest,T+2_R-30,Compound,2.0,-30.0,2.0728155444555436,2.041723156935656,-0.03109238751988741,-1.5000074465407531
Taraba,2024,RandomForest,T+2_R-30,Compound,2.0,-30.0,2.532413990268988,2.5861139475339474,0.05369995726495924,2.120504683330048
Yobe,2024,RandomForest,T+2_R-30,Compound,2.0,-30.0,1.9694176791726787,1.9382172879897872,-0.03120039118289153,-1.584244495865312
Zamfara,2024,RandomForest,T+2_R-30,Compound,2.0,-30.0,2.009601931586932,2.043535814555814,0.03393388296888178,1.6885872985843047
Abia,2024,LightGBM,T+2_R-30,Compound,2.0,-30.0,1.8857182803461676,1.7988892899707596,-0.08682899037540803,-4.604557917287016
Adamawa,2024,LightGBM,T+2_R-30,Compound,2.0,-30.0,2.7029347260592815,2.78901479288193,0.08608006682264868,3.1846890712062557
Akwa Ibom,2024,LightGBM,T+2_R-30,Compound,2.0,-30.0,1.7518811138048203,1.7627951903819572,0.010914076577136944,0.6229918509386304
Anambra,2024,LightGBM,T+2_R-30,Compound,2.0,-30.0,1.9608427375996522,1.8003471594829887,-0.16049557811666348,-8.185030601338926
Bauchi,2024,LightGBM,T+2_R-30,Compound,2.0,-30.0,2.288970852812262,2.5736190545996114,0.2846482017873493,12.435641171997732
Bayelsa,2024,LightGBM,T+2_R-30,Compound,2.0,-30.0,1.9780597189458775,1.79359845143732,-0.1844612675085575,-9.325363928186064
Benue,2024,LightGBM,T+2_R-30,Compound,2.0,-30.0,2.6716814124765933,2.556374095924713,-0.11530731655188031,-4.3159081772775005
Borno,2024,LightGBM,T+2_R-30,Compound,2.0,-30.0,2.5538667935889894,2.5043176605042734,-0.04954913308471598,-1.9401612178481635
Cross River,2024,LightGBM,T+2_R-30,Compound,2.0,-30.0,1.7929998542711614,1.79359845143732,0.0005985971661586209,0.03338523228168055
Delta,2024,LightGBM,T+2_R-30,Compound,2.0,-30.0,1.9705492690557629,1.8100536909390987,-0.16049557811666415,-8.144712778157004
Ebonyi,2024,LightGBM,T+2_R-30,Compound,2.0,-30.0,1.8361117699485616,1.7842757619139475,-0.05183600803461408,-2.823140120498561
Edo,2024,LightGBM,T+2_R-30,Compound,2.0,-30.0,2.0208195123023867,1.833992543542244,-0.1868269687601427,-9.245109106616086
Ekiti,2024,LightGBM,T+2_R-30,Compound,2.0,-30.0,2.12982541303054,1.7827796198383774,-0.34704579319216244,-16.294565323002185
Enugu,2024,LightGBM,T+2_R-30,Compound,2.0,-30.0,1.9718888257207303,1.7849430795062786,-0.1869457462144517,-9.480541893436744
FCT,2024,LightGBM,T+2_R-30,Compound,2.0,-30.0,2.675089302187353,2.688520881022067,0.013431578834713687,0.5020983345763831
Gombe,2024,LightGBM,T+2_R-30,Compound,2.0,-30.0,2.757550720508127,2.905019268829109,0.14746854832098188,5.347809098278643
Imo,2024,LightGBM,T+2_R-30,Compound,2.0,-30.0,1.9852379020439388,1.7988892899707596,-0.1863486120731792,-9.386714402405904
Jigawa,2024,LightGBM,T+2_R-30,Compound,2.0,-30.0,2.1719872802994367,2.078051963918032,-0.09393531638140473,-4.324855731588563
Kaduna,2024,LightGBM,T+2_R-30,Compound,2.0,-30.0,2.150619625529219,2.421062406569407,0.27044278104018815,12.57510988135051
Kano,2024,LightGBM,T+2_R-30,Compound,2.0,-30.0,2.1392041565082125,2.0541518938649483,-0.08505226264326415,-3.975883385627558
Katsina,2024,LightGBM,T+2_R-30,Compound,2.0,-30.0,1.9519067976449578,2.1615593885710256,0.2096525909260678,10.740911972796079
Kebbi,2024,LightGBM,T+2_R-30,Compound,2.0,-30.0,2.073716090789913,2.157808233307701,0.08409214251778785,4.055142499557678
Kogi,2024,LightGBM,T+2_R-30,Compound,2.0,-30.0,2.777658283495822,2.668321252560044,-0.10933703093577796,-3.936302445316341
Kwara,2024,LightGBM,T+2_R-30,Compound,2.0,-30.0,2.320563274323994,2.6550494841145524,0.3344862097905583,14.414009455872211
Lagos,2024,LightGBM,T+2_R-30,Compound,2.0,-30.0,1.7457696534864193,1.8448181800467747,0.09904852656035534,5.673630903283763
Nasarawa,2024,LightGBM,T+2_R-30,Compound,2.0,-30.0,2.8528243385884564,2.3930660282596845,-0.4597583103287719,-16.1158997457325
Niger,2024,LightGBM,T+2_R-30,Compound,2.0,-30.0,2.7142918549452477,2.117732969584807,-0.5965588853604409,-21.978435527246372
Ogun,2024,LightGBM,T+2_R-30,Compound,2.0,-30.0,2.201893978512967,1.8151891321147948,-0.3867048463981724,-17.562373582552354
Ondo,2024,LightGBM,T+2_R-30,Compound,2.0,-30.0,2.12982541303054,1.7827796198383774,-0.34704579319216244,-16.294565323002185
Osun,2024,LightGBM,T+2_R-30,Compound,2.0,-30.0,1.6977145580657644,1.7876404831524135,0.0899259250866491,5.296881307839126
Oyo,2024,LightGBM,T+2_R-30,Compound,2.0,-30.0,1.9520850306715005,1.7988892899707596,-0.15319574070074093,-7.847800597499736
Plateau,2024,LightGBM,T+2_R-30,Compound,2.0,-30.0,2.117811946993451,2.464319815489011,0.34650786849556026,16.361597590734142
Rivers,2024,LightGBM,T+2_R-30,Compound,2.0,-30.0,1.824341303572406,1.8252644463797216,0.0009231428073155357,0.05060143107585445
Sokoto,2024,LightGBM,T+2_R-30,Compound,2.0,-30.0,2.2195111565910786,2.3273483059605944,0.10783714936951583,4.858599113110188
Taraba,2024,LightGBM,T+2_R-30,Compound,2.0,-30.0,2.638245673999239,2.6091426754041747,-0.029102998595064378,-1.1031193524501453
Yobe,2024,LightGBM,T+2_R-30,Compound,2.0,-30.0,1.8688686944973276,1.9396401870817686,0.07077149258444093,3.7868627578181164
Zamfara,2024,LightGBM,T+2_R-30,Compound,2.0,-30.0,1.9801238613872905,2.0485802216044946,0.06845636021720414,3.457175662195347
