State,Year,Model,Scenario,Scenario_Type,Temperature_Shift_C,Rainfall_Shift_pct,Predicted_Yield_Baseline,Predicted_Yield_Stress,Yield_Change_MT_Ha,Yield_Change_pct
Abia,2024,Ridge,T+0_R0,Baseline,0.0,0.0,2.1076467263764957,2.1076467263764957,0.0,0.0
Adamawa,2024,Ridge,T+0_R0,Baseline,0.0,0.0,2.228160901514541,2.228160901514541,0.0,0.0
Akwa Ibom,2024,Ridge,T+0_R0,Baseline,0.0,0.0,1.8726490601751038,1.8726490601751038,0.0,0.0
Anambra,2024,Ridge,T+0_R0,Baseline,0.0,0.0,1.995924798496167,1.995924798496167,0.0,0.0
Bauchi,2024,Ridge,T+0_R0,Baseline,0.0,0.0,2.1911408567156014,2.1911408567156014,0.0,0.0
Bayelsa,2024,Ridge,T+0_R0,Baseline,0.0,0.0,2.1283699370790585,2.1283699370790585,0.0,0.0
Benue,2024,Ridge,T+0_R0,Baseline,0.0,0.0,2.19856824250258,2.19856824250258,0.0,0.0
Borno,2024,Ridge,T+0_R0,Baseline,0.0,0.0,2.0703928745107003,2.0703928745107003,0.0,0.0
Cross River,2024,Ridge,T+0_R0,Baseline,0.0,0.0,2.0304451145029754,2.0304451145029754,0.0,0.0
Delta,2024,Ridge,T+0_R0,Baseline,0.0,0.0,2.0305870274144278,2.0305870274144278,0.0,0.0
Ebonyi,2024,Ridge,T+0_R0,Baseline,0.0,0.0,1.9564966462995064,1.9564966462995064,0.0,0.0
Edo,2024,Ridge,T+0_R0,Baseline,0.0,0.0,2.1110477155179725,2.1110477155179725,0.0,0.0
Ekiti,2024,Ridge,T+0_R0,Baseline,0.0,0.0,2.043711350651248,2.043711350651248,0.0,0.0
Enugu,2024,Ridge,T+0_R0,Baseline,0.0,0.0,2.0081454928192786,2.0081454928192786,0.0,0.0
FCT,2024,Ridge,T+0_R0,Baseline,0.0,0.0,2.242027472634797,2.242027472634797,0.0,0.0
Gombe,2024,Ridge,T+0_R0,Baseline,0.0,0.0,2.2229100314658368,2.2229100314658368,0.0,0.0
Imo,2024,Ridge,T+0_R0,Baseline,0.0,0.0,2.0945526450593936,2.0945526450593936,0.0,0.0
Jigawa,2024,Ridge,T+0_R0,Baseline,0.0,0.0,2.1819739435208776,2.1819739435208776,0.0,0.0
Kaduna,2024,Ridge,T+0_R0,Baseline,0.0,0.0,2.3632044264644927,2.3632044264644927,0.0,0.0
Kano,2024,Ridge,T+0_R0,Baseline,0.0,0.0,2.225563194098675,2.225563194098675,0.0,0.0
Katsina,2024,Ridge,T+0_R0,Baseline,0.0,0.0,2.2080260154060616,2.2080260154060616,0.0,0.0
Kebbi,2024,Ridge,T+0_R0,Baseline,0.0,0.0,2.632935313166964,2.632935313166964,0.0,0.0
Kogi,2024,Ridge,T+0_R0,Baseline,0.0,0.0,2.253636314716768,2.253636314716768,0.0,0.0
Kwara,2024,Ridge,T+0_R0,Baseline,0.0,0.0,2.3570629056563646,2.3570629056563646,0.0,0.0
Lagos,2024,Ridge,T+0_R0,Baseline,0.0,0.0,1.6751356367769583,1.6751356367769583,0.0,0.0
Nasarawa,2024,Ridge,T+0_R0,Baseline,0.0,0.0,2.2116954085950713,2.2116954085950713,0.0,0.0
Niger,2024,Ridge,T+0_R0,Baseline,0.0,0.0,2.1097706256759228,2.1097706256759228,0.0,0.0
Ogun,2024,Ridge,T+0_R0,Baseline,0.0,0.0,2.0336178540548344,2.0336178540548344,0.0,0.0
Ondo,2024,Ridge,T+0_R0,Baseline,0.0,0.0,2.043711350651248,2.043711350651248,0.0,0.0
Osun,2024,Ridge,T+0_R0,Baseline,0.0,0.0,2.1491664004589888,2.1491664004589888,0.0,0.0
Oyo,2024,Ridge,T+0_R0,Baseline,0.0,0.0,2.148421707676391,2.148421707676391,0.0,0.0
Plateau,2024,Ridge,T+0_R0,Baseline,0.0,0.0,2.2510678681752685,2.2510678681752685,0.0,0.0
Rivers,2024,Ridge,T+0_R0,Baseline,0.0,0.0,2.26062565983569,2.26062565983569,0.0,0.0
Sokoto,2024,Ridge,T+0_R0,Baseline,0.0,0.0,2.2451522787394262,2.2451522787394262,0.0,0.0
Taraba,2024,Ridge,T+0_R0,Baseline,0.0,0.0,2.420993047866713,2.420993047866713,0.0,0.0
Yobe,2024,Ridge,T+0_R0,Baseline,0.0,0.0,2.1590007131913542,2.1590007131913542,0.0,0.0
Zamfara,2024,Ridge,T+0_R0,Baseline,0.0,0.0,2.1907240365142804,2.1907240365142804,0.0,0.0
Abia,2024,RandomForest,T+0_R0,Baseline,0.0,0.0,1.9242374470899457,1.9242374470899453,-4.440892098500626e-16,-2.3078711544755853e-14
Adamawa,2024,RandomForest,T+0_R0,Baseline,0.0,0.0,2.5210381298331286,2.5210381298331286,0.0,0.0
Akwa Ibom,2024,RandomForest,T+0_R0,Baseline,0.0,0.0,1.868412592685091,1.8684125926850914,4.440892098500626e-16,2.3768262512717444e-14
Anambra,2024,RandomForest,T+0_R0,Baseline,0.0,0.0,1.8766700360750346,1.8766700360750341,-4.440892098500626e-16,-2.3663680951546172e-14
Bauchi,2024,RandomForest,T+0_R0,Baseline,0.0,0.0,2.3475265541865546,2.3475265541865546,0.0,0.0
Bayelsa,2024,RandomForest,T+0_R0,Baseline,0.0,0.0,1.9828558646908638,1.9828558646908634,-4.440892098500626e-16,-2.2396444328508875e-14
Benue,2024,RandomForest,T+0_R0,Baseline,0.0,0.0,2.737263601491102,2.7372636014911023,4.440892098500626e-16,1.6223837909076374e-14
Borno,2024,RandomForest,T+0_R0,Baseline,0.0,0.0,2.6590300120250134,2.659030012025013,-4.440892098500626e-16,-1.670117327904327e-14
Cross River,2024,RandomForest,T+0_R0,Baseline,0.0,0.0,1.9022551720501713,1.9022551720501708,-4.440892098500626e-16,-2.3345406882055778e-14
Delta,2024,RandomForest,T+0_R0,Baseline,0.0,0.0,1.9366485942760934,1.936648594276093,-4.440892098500626e-16,-2.293081001698505e-14
Ebonyi,2024,RandomForest,T+0_R0,Baseline,0.0,0.0,1.7944163329263332,1.7944163329263327,-4.440892098500626e-16,-2.4748393207380262e-14
Edo,2024,RandomForest,T+0_R0,Baseline,0.0,0.0,2.0688820586820573,2.068882058682058,8.881784197001252e-16,4.293035535655052e-14
Ekiti,2024,RandomForest,T+0_R0,Baseline,0.0,0.0,2.184954420856922,2.184954420856922,0.0,0.0
Enugu,2024,RandomForest,T+0_R0,Baseline,0.0,0.0,1.886856821789321,1.886856821789321,0.0,0.0
FCT,2024,RandomForest,T+0_R0,Baseline,0.0,0.0,2.5084377397602404,2.50843773976024,-4.440892098500626e-16,-1.7703816316067276e-14
Gombe,2024,RandomForest,T+0_R0,Baseline,0.0,0.0,2.5915788844488827,2.5915788844488827,0.0,0.0
Imo,2024,RandomForest,T+0_R0,Baseline,0.0,0.0,1.9377850873200857,1.9377850873200855,-2.220446049250313e-16,-1.1458680654422526e-14
Jigawa,2024,RandomForest,T+0_R0,Baseline,0.0,0.0,1.9830492814592822,1.9830492814592817,-4.440892098500626e-16,-2.239425989067035e-14
Kaduna,2024,RandomForest,T+0_R0,Baseline,0.0,0.0,2.2874002532652513,2.287400253265252,8.881784197001252e-16,3.8829165050246693e-14
Kano,2024,RandomForest,T+0_R0,Baseline,0.0,0.0,1.9585134601509608,1.9585134601509613,4.440892098500626e-16,2.2674810200989504e-14
Katsina,2024,RandomForest,T+0_R0,Baseline,0.0,0.0,1.9979591144041133,1.9979591144041142,8.881784197001252e-16,4.445428403899158e-14
Kebbi,2024,RandomForest,T+0_R0,Baseline,0.0,0.0,2.0630674849224846,2.0630674849224846,0.0,0.0
Kogi,2024,RandomForest,T+0_R0,Baseline,0.0,0.0,2.7516167929292936,2.7516167929292936,0.0,0.0
Kwara,2024,RandomForest,T+0_R0,Baseline,0.0,0.0,2.3339023285048293,2.3339023285048293,0.0,0.0
Lagos,2024,RandomForest,T+0_R0,Baseline,0.0,0.0,1.6620472915972915,1.6620472915972913,-2.220446049250313e-16,-1.3359704386728847e-14
Nasarawa,2024,RandomForest,T+0_R0,Baseline,0.0,0.0,2.8555857335257344,2.855585733525734,-4.440892098500626e-16,-1.5551597860861793e-14
Niger,2024,RandomForest,T+0_R0,Baseline,0.0,0.0,2.7895873544973537,2.7895873544973537,0.0,0.0
Ogun,2024,RandomForest,T+0_R0,Baseline,0.0,0.0,2.039880582935582,2.0398805829355826,4.440892098500626e-16,2.1770353302298508e-14
Ondo,2024,RandomForest,T+0_R0,Baseline,0.0,0.0,2.184954420856922,2.184954420856922,0.0,0.0
Osun,2024,RandomForest,T+0_R0,Baseline,0.0,0.0,1.947098117623118,1.9470981176231177,-2.220446049250313e-16,-1.1403873431714265e-14
Oyo,2024,RandomForest,T+0_R0,Baseline,0.0,0.0,2.0064290904465896,2.00642909044659,4.440892098500626e-16,2.2133311960265565e-14
Plateau,2024,RandomForest,T+0_R0,Baseline,0.0,0.0,2.262516705886705,2.262516705886705,0.0,0.0
Rivers,2024,RandomForest,T+0_R0,Baseline,0.0,0.0,1.9099420239020226,1.9099420239020224,-2.220446049250313e-16,-1.1625724872600735e-14
Sokoto,2024,RandomForest,T+0_R0,Baseline,0.0,0.0,2.072815544455544,2.0728155444555436,-4.440892098500626e-16,-2.142444420768319e-14
Taraba,2024,RandomForest,T+0_R0,Baseline,0.0,0.0,2.532413990268988,2.5324139902689886,4.440892098500626e-16,1.7536201093364373e-14
Yobe,2024,RandomForest,T+0_R0,Baseline,0.0,0.0,1.9694176791726783,1.9694176791726783,0.0,0.0
Zamfara,2024,RandomForest,T+0_R0,Baseline,0.0,0.0,2.009601931586932,2.009601931586932,0.0,0.0
Abia,2024,LightGBM,T+0_R0,Baseline,0.0,0.0,1.8857182803461676,1.8857182803461676,0.0,0.0
Adamawa,2024,LightGBM,T+0_R0,Baseline,0.0,0.0,2.7029347260592815,2.7029347260592815,0.0,0.0
Akwa Ibom,2024,LightGBM,T+0_R0,Baseline,0.0,0.0,1.7518811138048203,1.7518811138048203,0.0,0.0
Anambra,2024,LightGBM,T+0_R0,Baseline,0.0,0.0,1.9608427375996522,1.9608427375996522,0.0,0.0
Bauchi,2024,LightGBM,T+0_R0,Baseline,0.0,0.0,2.288970852812262,2.288970852812262,0.0,0.0
Bayelsa,2024,LightGBM,T+0_R0,Baseline,0.0,0.0,1.9780597189458775,1.9780597189458775,0.0,0.0
Benue,2024,LightGBM,T+0_R0,Baseline,0.0,0.0,2.6716814124765933,2.6716814124765933,0.0,0.0
Borno,2024,LightGBM,T+0_R0,Baseline,0.0,0.0,2.5538667935889894,2.5538667935889894,0.0,0.0
Cross River,2024,LightGBM,T+0_R0,Baseline,0.0,0.0,1.7929998542711614,1.7929998542711614,0.0,0.0
Delta,2024,LightGBM,T+0_R0,Baseline,0.0,0.0,1.9705492690557629,1.9705492690557629,0.0,0.0
Ebonyi,2024,LightGBM,T+0_R0,Baseline,0.0,0.0,1.8361117699485616,1.8361117699485616,0.0,0.0
Edo,2024,LightGBM,T+0_R0,Baseline,0.0,0.0,2.0208195123023867,2.0208195123023867,0.0,0.0
Ekiti,2024,LightGBM,T+0_R0,Baseline,0.0,0.0,2.12982541303054,2.12982541303054,0.0,0.0
Enugu,2024,LightGBM,T+0_R0,Baseline,0.0,0.0,1.9718888257207303,1.9718888257207303,0.0,0.0
FCT,2024,LightGBM,T+0_R0,Baseline,0.0,0.0,2.675089302187353,2.675089302187353,0.0,0.0
Gombe,2024,LightGBM,T+0_R0,Baseline,0.0,0.0,2.757550720508127,2.757550720508127,0.0,0.0
Imo,2024,LightGBM,T+0_R0,Baseline,0.0,0.0,1.9852379020439388,1.9852379020439388,0.0,0.0
Jigawa,2024,LightGBM,T+0_R0,Baseline,0.0,0.0,2.1719872802994367,2.1719872802994367,0.0,0.0
Kaduna,2024,LightGBM,T+0_R0,Baseline,0.0,0.0,2.150619625529219,2.150619625529219,0.0,0.0
Kano,2024,LightGBM,T+0_R0,Baseline,0.0,0.0,2.1392041565082125,2.1392041565082125,0.0,0.0
Katsina,2024,LightGBM,T+0_R0,Baseline,0.0,0.0,1.9519067976449578,1.9519067976449578,0.0,0.0
Kebbi,2024,LightGBM,T+0_R0,Baseline,0.0,0.0,2.073716090789913,2.073716090789913,0.0,0.0
Kogi,2024,LightGBM,T+0_R0,Baseline,0.0,0.0,2.777658283495822,2.777658283495822,0.0,0.0
Kwara,2024,LightGBM,T+0_R0,Baseline,0.0,0.0,2.320563274323994,2.320563274323994,0.0,0.0
Lagos,2024,LightGBM,T+0_R0,Baseline,0.0,0.0,1.7457696534864193,1.7457696534864193,0.0,0.0
Nasarawa,2024,LightGBM,T+0_R0,Baseline,0.0,0.0,2.8528243385884564,2.8528243385884564,0.0,0.0
Niger,2024,LightGBM,T+0_R0,Baseline,0.0,0.0,2.7142918549452477,2.7142918549452477,0.0,0.0
Ogun,2024,LightGBM,T+0_R0,Baseline,0.0,0.0,2.201893978512967,2.201893978512967,0.0,0.0
Ondo,2024,LightGBM,T+0_R0,Baseline,0.0,0.0,2.12982541303054,2.12982541303054,0.0,0.0
Osun,2024,LightGBM,T+0_R0,Baseline,0.0,0.0,1.6977145580657644,1.6977145580657644,0.0,0.0
Oyo,2024,LightGBM,T+0_R0,Baseline,0.0,0.0,1.9520850306715005,1.9520850306715005,0.0,0.0
Plateau,2024,LightGBM,T+0_R0,Baseline,0.0,0.0,2.117811946993451,2.117811946993451,0.0,0.0
Rivers,2024,LightGBM,T+0_R0,Baseline,0.0,0.0,1.824341303572406,1.824341303572406,0.0,0.0
Sokoto,2024,LightGBM,T+0_R0,Baseline,0.0,0.0,2.2195111565910786,2.2195111565910786,0.0,0.0
Taraba,2024,LightGBM,T+0_R0,Baseline,0.0,0.0,2.638245673999239,2.638245673999239,0.0,0.0
Yobe,2024,LightGBM,T+0_R0,Baseline,0.0,0.0,1.8688686944973276,1.8688686944973276,0.0,0.0
Zamfara,2024,LightGBM,T+0_R0,Baseline,0.0,0.0,1.9801238613872905,1.9801238613872905,0.0,0.0
Abia,2024,Ridge,T+0_R-10,Drought,0.0,-10.0,2.1076467263764957,2.1139273178492948,0.006280591472799024,0.2979907113559173
Adamawa,2024,Ridge,T+0_R-10,Drought,0.0,-10.0,2.228160901514541,2.2128723916945487,-0.015288509819992413,-0.6861492726849484
Akwa Ibom,2024,Ridge,T+0_R-10,Drought,0.0,-10.0,1.8726490601751038,1.9443842721712117,0.07173521199610788,3.830681013419579
Anambra,2024,Ridge,T+0_R-10,Drought,0.0,-10.0,1.995924798496167,2.0168150485509226,0.020890250054755644,1.0466451476776801
Bauchi,2024,Ridge,T+0_R-10,Drought,0.0,-10.0,2.1911408567156014,2.184697316165892,-0.0064435405497094145,-0.294072402053053
Bayelsa,2024,Ridge,T+0_R-10,Drought,0.0,-10.0,2.1283699370790585,2.1404269831678944,0.012057046088835843,0.5664920312388336
Benue,2024,Ridge,T+0_R-10,Drought,0.0,-10.0,2.19856824250258,2.1996180679277613,0.0010498254251811723,0.04775041342297294
Borno,2024,Ridge,T+0_R-10,Drought,0.0,-10.0,2.0703928745107003,2.0613143520602843,-0.00907852245041596,-0.4384927402999058
Cross River,2024,Ridge,T+0_R-10,Drought,0.0,-10.0,2.0304451145029754,2.102180326499083,0.07173521199610766,3.532979615342493
Delta,2024,Ridge,T+0_R-10,Drought,0.0,-10.0,2.0305870274144278,2.0514772774691834,0.020890250054755644,1.0287788591536244
Ebonyi,2024,Ridge,T+0_R-10,Drought,0.0,-10.0,1.9564966462995064,1.9600129332775764,0.003516286978070049,0.1797236394307504
Edo,2024,Ridge,T+0_R-10,Drought,0.0,-10.0,2.1110477155179725,2.11856801452513,0.007520299007157671,0.3562353873802644
Ekiti,2024,Ridge,T+0_R-10,Drought,0.0,-10.0,2.043711350651248,2.043275452161416,-0.00043589848983227597,-0.021328769823261626
Enugu,2024,Ridge,T+0_R-10,Drought,0.0,-10.0,2.0081454928192786,2.010695015654969,0.002549522835690432,0.12695906968927345
FCT,2024,Ridge,T+0_R-10,Drought,0.0,-10.0,2.242027472634797,2.2427178416420595,0.0006903690072626034,0.03079217430156162
Gombe,2024,Ridge,T+0_R-10,Drought,0.0,-10.0,2.2229100314658368,2.2145595653918955,-0.008350466073941298,-0.3756547028776875
Imo,2024,Ridge,T+0_R-10,Drought,0.0,-10.0,2.0945526450593936,2.1037280872709836,0.009175442211589946,0.4380621434000655
Jigawa,2024,Ridge,T+0_R-10,Drought,0.0,-10.0,2.1819739435208776,2.1737309455430753,-0.008242997977802258,-0.37777710418031796
Kaduna,2024,Ridge,T+0_R-10,Drought,0.0,-10.0,2.3632044264644927,2.3653394957423948,0.0021350692779020797,0.09034636419906686
Kano,2024,Ridge,T+0_R-10,Drought,0.0,-10.0,2.225563194098675,2.217014723315636,-0.008548470783038997,-0.384103709375955
Katsina,2024,Ridge,T+0_R-10,Drought,0.0,-10.0,2.2080260154060616,2.1840246026299837,-0.024001412776077924,-1.0870076986689852
Kebbi,2024,Ridge,T+0_R-10,Drought,0.0,-10.0,2.632935313166964,2.5869600872619474,-0.04597522590501679,-1.7461585810749212
Kogi,2024,Ridge,T+0_R-10,Drought,0.0,-10.0,2.253636314716768,2.250919434424146,-0.0027168802926218483,-0.12055540083730412
Kwara,2024,Ridge,T+0_R-10,Drought,0.0,-10.0,2.3570629056563646,2.3517236949680056,-0.005339210688358964,-0.22651965187463546
Lagos,2024,Ridge,T+0_R-10,Drought,0.0,-10.0,1.6751356367769583,1.6740678460725351,-0.0010677907044231993,-0.06374353699964738
Nasarawa,2024,Ridge,T+0_R-10,Drought,0.0,-10.0,2.2116954085950713,2.212239927455371,0.0005445188602997142,0.02461997516401263
Niger,2024,Ridge,T+0_R-10,Drought,0.0,-10.0,2.1097706256759228,2.1082592591017955,-0.0015113665741273152,-0.07163653506850336
Ogun,2024,Ridge,T+0_R-10,Drought,0.0,-10.0,2.0336178540548344,2.040923024401094,0.0073051703462594375,0.3592204076932962
Ondo,2024,Ridge,T+0_R-10,Drought,0.0,-10.0,2.043711350651248,2.043275452161416,-0.00043589848983227597,-0.021328769823261626
Osun,2024,Ridge,T+0_R-10,Drought,0.0,-10.0,2.1491664004589888,2.1502334307547764,0.0010670302957875855,0.0496485658606846
Oyo,2024,Ridge,T+0_R-10,Drought,0.0,-10.0,2.148421707676391,2.1465974509391366,-0.0018242567372546148,-0.08491148319422008
Plateau,2024,Ridge,T+0_R-10,Drought,0.0,-10.0,2.2510678681752685,2.2509804962153015,-8.737195996699754e-05,-0.003881356097798236
Rivers,2024,Ridge,T+0_R-10,Drought,0.0,-10.0,2.26062565983569,2.27112011776878,0.010494457933089674,0.4642280285296083
Sokoto,2024,Ridge,T+0_R-10,Drought,0.0,-10.0,2.2451522787394262,2.2277375210458983,-0.01741475769352796,-0.775660424392493
Taraba,2024,Ridge,T+0_R-10,Drought,0.0,-10.0,2.420993047866713,2.419173213747912,-0.0018198341188009337,-0.0751689113855367
Yobe,2024,Ridge,T+0_R-10,Drought,0.0,-10.0,2.1590007131913542,2.145421499050814,-0.013579214140540419,-0.6289582980483657
Zamfara,2024,Ridge,T+0_R-10,Drought,0.0,-10.0,2.1907240365142804,2.183590406965747,-0.00713362954853336,-0.325628852819083
Abia,2024,RandomForest,T+0_R-10,Drought,0.0,-10.0,1.9242374470899457,1.9242772486772473,3.9801587301546704e-05,0.002068434296491801
Adamawa,2024,RandomForest,T+0_R-10,Drought,0.0,-10.0,2.5210381298331286,2.507242256817256,-0.013795873015872484,-0.5472298436353145
Akwa Ibom,2024,RandomForest,T+0_R-10,Drought,0.0,-10.0,1.868412592685091,1.8712493916268904,0.0028367989417994455,0.15182936322018087
Anambra,2024,RandomForest,T+0_R-10,Drought,0.0,-10.0,1.8766700360750346,1.861283007455506,-0.015387028619528564,-0.8199112429859965
Bauchi,2024,RandomForest,T+0_R-10,Drought,0.0,-10.0,2.3475265541865546,2.345573802863803,-0.0019527513227517446,-0.08318335395479245
Bayelsa,2024,RandomForest,T+0_R-10,Drought,0.0,-10.0,1.9828558646908638,1.9051570239020226,-0.07769884078884126,-3.918531960514178
Benue,2024,RandomForest,T+0_R-10,Drought,0.0,-10.0,2.737263601491102,2.7369279930254935,-0.0003356084656083169,-0.012260728759389376
Borno,2024,RandomForest,T+0_R-10,Drought,0.0,-10.0,2.6590300120250134,2.6644277104377108,0.005397698412697327,0.20299501653938276
Cross River,2024,RandomForest,T+0_R-10,Drought,0.0,-10.0,1.9022551720501713,1.90509197099197,0.0028367989417987793,0.14912820232952217
Delta,2024,RandomForest,T+0_R-10,Drought,0.0,-10.0,1.9366485942760934,1.920978232323231,-0.01567036195286242,-0.8091484433044447
Ebonyi,2024,RandomForest,T+0_R-10,Drought,0.0,-10.0,1.7944163329263332,1.7915126292226295,-0.0029037037037036306,-0.16181884050109333
Edo,2024,RandomForest,T+0_R-10,Drought,0.0,-10.0,2.0688820586820573,2.011169889369888,-0.05771216931216916,-2.789534041826126
Ekiti,2024,RandomForest,T+0_R-10,Drought,0.0,-10.0,2.184954420856922,2.1869267885817893,0.0019723677248673077,0.09027042880344206
Enugu,2024,RandomForest,T+0_R-10,Drought,0.0,-10.0,1.886856821789321,1.886856821789321,0.0,0.0
FCT,2024,RandomForest,T+0_R-10,Drought,0.0,-10.0,2.5084377397602404,2.502562263569763,-0.005875476190477347,-0.23422850395477351
Gombe,2024,RandomForest,T+0_R-10,Drought,0.0,-10.0,2.5915788844488827,2.5902677985902973,-0.0013110858585854146,-0.05059023541412385
Imo,2024,RandomForest,T+0_R-10,Drought,0.0,-10.0,1.9377850873200857,1.8696741786916773,-0.0681109086284084,-3.5148845490706244
Jigawa,2024,RandomForest,T+0_R-10,Drought,0.0,-10.0,1.9830492814592822,1.9621699825174832,-0.020879298941798963,-1.052888555872618
Kaduna,2024,RandomForest,T+0_R-10,Drought,0.0,-10.0,2.2874002532652513,2.2910407330632316,0.0036404797979803227,0.15915359774851637
Kano,2024,RandomForest,T+0_R-10,Drought,0.0,-10.0,1.9585134601509608,1.9200158459133467,-0.03849761423761411,-1.9656548203986681
Katsina,2024,RandomForest,T+0_R-10,Drought,0.0,-10.0,1.9979591144041133,1.9960148124098123,-0.0019443019943010675,-0.09731440349723829
Kebbi,2024,RandomForest,T+0_R-10,Drought,0.0,-10.0,2.0630674849224846,2.0618005007955005,-0.0012669841269841164,-0.06141263609860637
Kogi,2024,RandomForest,T+0_R-10,Drought,0.0,-10.0,2.7516167929292936,2.7541650998076,0.0025483068783063167,0.09261125622050959
Kwara,2024,RandomForest,T+0_R-10,Drought,0.0,-10.0,2.3339023285048293,2.319128178673179,-0.014774149831650263,-0.6330234839396662
Lagos,2024,RandomForest,T+0_R-10,Drought,0.0,-10.0,1.6620472915972915,1.6499944741369739,-0.01205281746031761,-0.7251789718170045
Nasarawa,2024,RandomForest,T+0_R-10,Drought,0.0,-10.0,2.8555857335257344,2.858591170033671,0.0030054365079363876,0.10524763703121726
Niger,2024,RandomForest,T+0_R-10,Drought,0.0,-10.0,2.7895873544973537,2.7677029497354484,-0.02188440476190534,-0.7845032967554665
Ogun,2024,RandomForest,T+0_R-10,Drought,0.0,-10.0,2.039880582935582,2.0320482190957185,-0.007832363839863632,-0.3839618801896783
Ondo,2024,RandomForest,T+0_R-10,Drought,0.0,-10.0,2.184954420856922,2.1869267885817893,0.0019723677248673077,0.09027042880344206
Osun,2024,RandomForest,T+0_R-10,Drought,0.0,-10.0,1.947098117623118,1.9657348504273509,0.018636732804232947,0.9571542715568631
Oyo,2024,RandomForest,T+0_R-10,Drought,0.0,-10.0,2.0064290904465896,2.0089063299663295,0.002477239519739882,0.1234650918656936
Plateau,2024,RandomForest,T+0_R-10,Drought,0.0,-10.0,2.262516705886705,2.263201282606282,0.0006845767195771124,0.030257311152485807
Rivers,2024,RandomForest,T+0_R-10,Drought,0.0,-10.0,1.9099420239020226,1.9006347619972606,-0.009307261904762054,-0.48730599087752746
Sokoto,2024,RandomForest,T+0_R-10,Drought,0.0,-10.0,2.072815544455544,2.074923004773004,0.002107460317459786,0.10167138716693395
Taraba,2024,RandomForest,T+0_R-10,Drought,0.0,-10.0,2.532413990268988,2.529704625189624,-0.0027093650793643675,-0.10698744714629316
Yobe,2024,RandomForest,T+0_R-10,Drought,0.0,-10.0,1.9694176791726783,1.9442339514189506,-0.02518372775372768,-1.2787398031435857
Zamfara,2024,RandomForest,T+0_R-10,Drought,0.0,-10.0,2.009601931586932,2.0024216141266145,-0.0071803174603175535,-0.3573004856064921
Abia,2024,LightGBM,T+0_R-10,Drought,0.0,-10.0,1.8857182803461676,1.933178548507874,0.047460268161706454,2.516827070955372
Adamawa,2024,LightGBM,T+0_R-10,Drought,0.0,-10.0,2.7029347260592815,2.7194601809274497,0.016525454868168143,0.6113893431774164
Akwa Ibom,2024,LightGBM,T+0_R-10,Drought,0.0,-10.0,1.7518811138048203,1.7727158397260212,0.020834725921200947,1.1892773862919888
Anambra,2024,LightGBM,T+0_R-10,Drought,0.0,-10.0,1.9608427375996522,1.962491137796327,0.0016484001966747819,0.0840659051879222
Bauchi,2024,LightGBM,T+0_R-10,Drought,0.0,-10.0,2.288970852812262,2.3010761427543804,0.012105289942118347,0.5288529527252659
Bayelsa,2024,LightGBM,T+0_R-10,Drought,0.0,-10.0,1.9780597189458775,1.840943931199451,-0.1371157877464264,-6.931832564665763
Benue,2024,LightGBM,T+0_R-10,Drought,0.0,-10.0,2.6716814124765933,2.5974719250487674,-0.07420948742782585,-2.7776323584568114
Borno,2024,LightGBM,T+0_R-10,Drought,0.0,-10.0,2.5538667935889894,2.5601442292499033,0.006277435660913877,0.24580121706708505
Cross River,2024,LightGBM,T+0_R-10,Drought,0.0,-10.0,1.7929998542711614,1.8096024818982064,0.016602627627045008,0.9259692680674438
Delta,2024,LightGBM,T+0_R-10,Drought,0.0,-10.0,1.9705492690557629,1.9721976692524377,0.0016484001966747819,0.08365181335783871
Ebonyi,2024,LightGBM,T+0_R-10,Drought,0.0,-10.0,1.8361117699485616,1.8361117699485616,0.0,0.0
Edo,2024,LightGBM,T+0_R-10,Drought,0.0,-10.0,2.0208195123023867,2.0705007568362137,0.04968124453382705,2.4584701519050336
Ekiti,2024,LightGBM,T+0_R-10,Drought,0.0,-10.0,2.12982541303054,2.0887412412098953,-0.0410841718206445,-1.9289924690205296
Enugu,2024,LightGBM,T+0_R-10,Drought,0.0,-10.0,1.9718888257207303,1.9529951480705536,-0.018893677650176688,-0.9581512610514946
FCT,2024,LightGBM,T+0_R-10,Drought,0.0,-10.0,2.675089302187353,2.5963909556877347,-0.07869834649961849,-2.9418960494241757
Gombe,2024,LightGBM,T+0_R-10,Drought,0.0,-10.0,2.757550720508127,2.7658796104995087,0.008328889991381594,0.3020394123465787
Imo,2024,LightGBM,T+0_R-10,Drought,0.0,-10.0,1.9852379020439388,1.795292292442748,-0.1899456096011909,-9.56790163061207
Jigawa,2024,LightGBM,T+0_R-10,Drought,0.0,-10.0,2.1719872802994367,2.086661545627409,-0.08532573467202775,-3.928463828769038
Kaduna,2024,LightGBM,T+0_R-10,Drought,0.0,-10.0,2.150619625529219,2.1825417059770924,0.03192208044787348,1.484320149827433
Kano,2024,LightGBM,T+0_R-10,Drought,0.0,-10.0,2.1392041565082125,2.034984744186009,-0.10421941232220355,-4.8718777964754505
Katsina,2024,LightGBM,T+0_R-10,Drought,0.0,-10.0,1.9519067976449578,1.924530656726601,-0.02737614091835683,-1.4025332024760135
Kebbi,2024,LightGBM,T+0_R-10,Drought,0.0,-10.0,2.073716090789913,2.0691341557736784,-0.004581935016234606,-0.2209528602581885
Kogi,2024,LightGBM,T+0_R-10,Drought,0.0,-10.0,2.777658283495822,2.7198736721585575,-0.057784611337264646,-2.0803354998923704
Kwara,2024,LightGBM,T+0_R-10,Drought,0.0,-10.0,2.320563274323994,2.365466138585991,0.04490286426199708,1.9349984876011528
Lagos,2024,LightGBM,T+0_R-10,Drought,0.0,-10.0,1.7457696534864193,1.6589708229146203,-0.08679883057179905,-4.9719520784689974
Nasarawa,2024,LightGBM,T+0_R-10,Drought,0.0,-10.0,2.8528243385884564,2.9083415986426404,0.055517260054184,1.946045513676923
Niger,2024,LightGBM,T+0_R-10,Drought,0.0,-10.0,2.7142918549452477,2.695398177295072,-0.0188936776501758,-0.6960812860176718
Ogun,2024,LightGBM,T+0_R-10,Drought,0.0,-10.0,2.201893978512967,2.18807764739817,-0.013816331114797187,-0.6274748579914798
Ondo,2024,LightGBM,T+0_R-10,Drought,0.0,-10.0,2.12982541303054,2.0887412412098953,-0.0410841718206445,-1.9289924690205296
Osun,2024,LightGBM,T+0_R-10,Drought,0.0,-10.0,1.6977145580657644,1.8103014901905794,0.11258693212481496,6.631676190200501
Oyo,2024,LightGBM,T+0_R-10,Drought,0.0,-10.0,1.9520850306715005,2.0525891609852867,0.10050413031378613,5.148552892658246
Plateau,2024,LightGBM,T+0_R-10,Drought,0.0,-10.0,2.117811946993451,2.1488850186073254,0.031073071613874514,1.467225249058934
Rivers,2024,LightGBM,T+0_R-10,Drought,0.0,-10.0,1.824341303572406,1.823211717680269,-0.001129585892137186,-0.0619174652201999
Sokoto,2024,LightGBM,T+0_R-10,Drought,0.0,-10.0,2.2195111565910786,2.264046962887896,0.044535806296817526,2.0065592445689506
Taraba,2024,LightGBM,T+0_R-10,Drought,0.0,-10.0,2.638245673999239,2.63254706216097,-0.005698611838269141,-0.21600004481882779
Yobe,2024,LightGBM,T+0_R-10,Drought,0.0,-10.0,1.8688686944973276,1.8541644136750126,-0.014704280822315008,-0.7868011736517444
Zamfara,2024,LightGBM,T+0_R-10,Drought,0.0,-10.0,1.9801238613872905,1.950734373682137,-0.029389487705153483,-1.4842247133249016
Abia,2024,Ridge,T+0_R-20,Drought,0.0,-20.0,2.1076467263764957,2.120207909322094,0.012561182945598048,0.5959814227118346
Adamawa,2024,Ridge,T+0_R-20,Drought,0.0,-20.0,2.228160901514541,2.1975838818745563,-0.030577019639984826,-1.3722985453698968
Akwa Ibom,2024,Ridge,T+0_R-20,Drought,0.0,-20.0,1.8726490601751038,1.9536379266171802,0.08098886644207637,4.32482883015483
Anambra,2024,Ridge,T+0_R-20,Drought,0.0,-20.0,1.995924798496167,2.023820508038981,0.02789570954281384,1.3976332957951076
Bauchi,2024,Ridge,T+0_R-20,Drought,0.0,-20.0,2.1911408567156014,2.1782537756161826,-0.012887081099418829,-0.588144804106106
Bayelsa,2024,Ridge,T+0_R-20,Drought,0.0,-20.0,2.1283699370790585,2.1524840292567307,0.02411409217767213,1.1329840624776881
Benue,2024,Ridge,T+0_R-20,Drought,0.0,-20.0,2.19856824250258,2.2006678933529424,0.0020996508503623446,0.09550082684594588
Borno,2024,Ridge,T+0_R-20,Drought,0.0,-20.0,2.0703928745107003,2.0522358296098684,-0.01815704490083192,-0.8769854805998116
Cross River,2024,Ridge,T+0_R-20,Drought,0.0,-20.0,2.0304451145029754,2.1114339809450517,0.08098886644207637,3.9887247315178627
Delta,2024,Ridge,T+0_R-20,Drought,0.0,-20.0,2.0305870274144278,2.0584827369572416,0.02789570954281384,1.3737756208525473
Ebonyi,2024,Ridge,T+0_R-20,Drought,0.0,-20.0,1.9564966462995064,1.9635292202556467,0.00703257395614032,0.3594472788615122
Edo,2024,Ridge,T+0_R-20,Drought,0.0,-20.0,2.1110477155179725,2.1260883135322874,0.015040598014314899,0.7124707747605078
Ekiti,2024,Ridge,T+0_R-20,Drought,0.0,-20.0,2.043711350651248,2.0428395536715835,-0.0008717969796645519,-0.04265753964652325
Enugu,2024,Ridge,T+0_R-20,Drought,0.0,-20.0,2.0081454928192786,2.01324453849066,0.005099045671381308,0.25391813937856905
FCT,2024,Ridge,T+0_R-20,Drought,0.0,-20.0,2.242027472634797,2.2434082106493225,0.001380738014525651,0.06158434860314305
Gombe,2024,Ridge,T+0_R-20,Drought,0.0,-20.0,2.2229100314658368,2.2895178427181397,0.06660781125230297,2.996424070675514
Imo,2024,Ridge,T+0_R-20,Drought,0.0,-20.0,2.0945526450593936,2.1129035294825735,0.018350884423179892,0.876124286800131
Jigawa,2024,Ridge,T+0_R-20,Drought,0.0,-20.0,2.1819739435208776,2.1654879475652735,-0.01648599595560407,-0.7555542083606155
Kaduna,2024,Ridge,T+0_R-20,Drought,0.0,-20.0,2.3632044264644927,2.367474565020297,0.004270138555804159,0.18069272839813372
Kano,2024,Ridge,T+0_R-20,Drought,0.0,-20.0,2.225563194098675,2.208466252532597,-0.017096941566077994,-0.76820741875191
Katsina,2024,Ridge,T+0_R-20,Drought,0.0,-20.0,2.2080260154060616,2.1600231898539057,-0.04800282555215585,-2.1740153973379703
Kebbi,2024,Ridge,T+0_R-20,Drought,0.0,-20.0,2.632935313166964,2.5409848613569306,-0.09195045181003358,-3.4923171621498423
Kogi,2024,Ridge,T+0_R-20,Drought,0.0,-20.0,2.253636314716768,2.2482025541315243,-0.0054337605852436965,-0.24111080167460824
Kwara,2024,Ridge,T+0_R-20,Drought,0.0,-20.0,2.3570629056563646,2.346384484279647,-0.010678421376717484,-0.4530393037492521
Lagos,2024,Ridge,T+0_R-20,Drought,0.0,-20.0,1.6751356367769583,1.673000055368112,-0.0021355814088463987,-0.12748707399929476
Nasarawa,2024,Ridge,T+0_R-20,Drought,0.0,-20.0,2.2116954085950713,2.2127844463156703,0.0010890377205989843,0.049239950328005176
Niger,2024,Ridge,T+0_R-20,Drought,0.0,-20.0,2.1097706256759228,2.106747892527668,-0.0030227331482546305,-0.14327307013700671
Ogun,2024,Ridge,T+0_R-20,Drought,0.0,-20.0,2.0336178540548344,2.041285799464005,0.007667945409170596,0.37705930806426907
Ondo,2024,Ridge,T+0_R-20,Drought,0.0,-20.0,2.043711350651248,2.0428395536715835,-0.0008717969796645519,-0.04265753964652325
Osun,2024,Ridge,T+0_R-20,Drought,0.0,-20.0,2.1491664004589888,2.1513004610505644,0.002134060591575615,0.09929713172138985
Oyo,2024,Ridge,T+0_R-20,Drought,0.0,-20.0,2.148421707676391,2.1447731942018824,-0.0036485134745087855,-0.16982296638841946
Plateau,2024,Ridge,T+0_R-20,Drought,0.0,-20.0,2.2510678681752685,2.2508931242553345,-0.00017474391993399507,-0.007762712195596472
Rivers,2024,Ridge,T+0_R-20,Drought,0.0,-20.0,2.26062565983569,2.2816145757018695,0.020988915866179347,0.9284560570592166
Sokoto,2024,Ridge,T+0_R-20,Drought,0.0,-20.0,2.2451522787394262,2.2103227633523703,-0.03482951538705592,-1.551320848784986
Taraba,2024,Ridge,T+0_R-20,Drought,0.0,-20.0,2.420993047866713,2.410410984345763,-0.010582063520950147,-0.4370959896094976
Yobe,2024,Ridge,T+0_R-20,Drought,0.0,-20.0,2.1590007131913542,2.1318422849102734,-0.027158428281080838,-1.2579165960967313
Zamfara,2024,Ridge,T+0_R-20,Drought,0.0,-20.0,2.1907240365142804,2.1764567774172137,-0.01426725909706672,-0.651257705638166
Abia,2024,RandomForest,T+0_R-20,Drought,0.0,-20.0,1.9242374470899457,1.9231785978835962,-0.0010588492063494659,-0.05502695147892377
Adamawa,2024,RandomForest,T+0_R-20,Drought,0.0,-20.0,2.5210381298331286,2.5026769658119643,-0.018361164021164278,-0.7283175848823688
Akwa Ibom,2024,RandomForest,T+0_R-20,Drought,0.0,-20.0,1.868412592685091,1.8516381655381642,-0.016774427146926785,-0.8977903067341404
Anambra,2024,RandomForest,T+0_R-20,Drought,0.0,-20.0,1.8766700360750346,1.858034753487252,-0.018635282587782465,-0.9929972893240873
Bauchi,2024,RandomForest,T+0_R-20,Drought,0.0,-20.0,2.3475265541865546,2.3272510779960784,-0.020275476190476205,-0.8636952861860978
Bayelsa,2024,RandomForest,T+0_R-20,Drought,0.0,-20.0,1.9828558646908638,1.8869257978132965,-0.09593006687756733,-4.83797479109876
Benue,2024,RandomForest,T+0_R-20,Drought,0.0,-20.0,2.737263601491102,2.7216443290043295,-0.015619272486772307,-0.5706163074050974
Borno,2024,RandomForest,T+0_R-20,Drought,0.0,-20.0,2.6590300120250134,2.6651924723424725,0.00616246031745904,0.23175595196708404
Cross River,2024,RandomForest,T+0_R-20,Drought,0.0,-20.0,1.9022551720501713,1.886616856014355,-0.015638316035816224,-0.822093495425322
Delta,2024,RandomForest,T+0_R-20,Drought,0.0,-20.0,1.9366485942760934,1.9186823593073579,-0.017966234968735506,-0.9276972095937295
Ebonyi,2024,RandomForest,T+0_R-20,Drought,0.0,-20.0,1.7944163329263332,1.791512629222629,-0.0029037037037040747,-0.16181884050111806
Edo,2024,RandomForest,T+0_R-20,Drought,0.0,-20.0,2.0688820586820573,2.008685762385762,-0.060196296296295415,-2.9096050228519235
Ekiti,2024,RandomForest,T+0_R-20,Drought,0.0,-20.0,2.184954420856922,2.1837063123913123,-0.001248108465609743,-0.057122860490620424
Enugu,2024,RandomForest,T+0_R-20,Drought,0.0,-20.0,1.886856821789321,1.886856821789321,0.0,0.0
FCT,2024,RandomForest,T+0_R-20,Drought,0.0,-20.0,2.5084377397602404,2.4957632159507157,-0.012674523809524718,-0.5052755987771164
Gombe,2024,RandomForest,T+0_R-20,Drought,0.0,-20.0,2.5915788844488827,2.585674081659081,-0.005904802789801877,-0.22784576712036203
Imo,2024,RandomForest,T+0_R-20,Drought,0.0,-20.0,1.9377850873200857,1.8543374675324658,-0.08344761978761994,-4.306340281678303
Jigawa,2024,RandomForest,T+0_R-20,Drought,0.0,-20.0,1.9830492814592822,1.9369066383616387,-0.04614264309764349,-2.3268530706250594
Kaduna,2024,RandomForest,T+0_R-20,Drought,0.0,-20.0,2.2874002532652513,2.2895716986716974,0.002171445406446093,0.09493071461133078
Kano,2024,RandomForest,T+0_R-20,Drought,0.0,-20.0,1.9585134601509608,1.9159942297517303,-0.042519230399230556,-2.1709950564216802
Katsina,2024,RandomForest,T+0_R-20,Drought,0.0,-20.0,1.9979591144041133,1.9903018025493031,-0.007657311854810223,-0.3832566842637317
Kebbi,2024,RandomForest,T+0_R-20,Drought,0.0,-20.0,2.0630674849224846,2.0618005007955005,-0.0012669841269841164,-0.06141263609860637
Kogi,2024,RandomForest,T+0_R-20,Drought,0.0,-20.0,2.7516167929292936,2.7395843061568064,-0.01203248677248725,-0.4372878811979412
Kwara,2024,RandomForest,T+0_R-20,Drought,0.0,-20.0,2.3339023285048293,2.3092127421652426,-0.024689586339586622,-1.0578671625647482
Lagos,2024,RandomForest,T+0_R-20,Drought,0.0,-20.0,1.6620472915972915,1.6520718550893552,-0.009975436507936308,-0.6001896912541839
Nasarawa,2024,RandomForest,T+0_R-20,Drought,0.0,-20.0,2.8555857335257344,2.8445914478114482,-0.010994285714286178,-0.38500982776348847
Niger,2024,RandomForest,T+0_R-20,Drought,0.0,-20.0,2.7895873544973537,2.7648896164021153,-0.024697738095238453,-0.885354533007218
Ogun,2024,RandomForest,T+0_R-20,Drought,0.0,-20.0,2.039880582935582,1.9558925709475696,-0.08398801198801253,-4.117300428790091
Ondo,2024,RandomForest,T+0_R-20,Drought,0.0,-20.0,2.184954420856922,2.1837063123913123,-0.001248108465609743,-0.057122860490620424
Osun,2024,RandomForest,T+0_R-20,Drought,0.0,-20.0,1.947098117623118,1.9054822486772485,-0.04161586894586944,-2.137327778667425
Oyo,2024,RandomForest,T+0_R-20,Drought,0.0,-20.0,2.0064290904465896,1.9494845574795567,-0.056944532967032835,-2.8381034365066027
Plateau,2024,RandomForest,T+0_R-20,Drought,0.0,-20.0,2.262516705886705,2.2527239942464923,-0.009792711640212559,-0.43282383792939505
Rivers,2024,RandomForest,T+0_R-20,Drought,0.0,-20.0,1.9099420239020226,1.8930198189773175,-0.016922204924705087,-0.8860062092425677
Sokoto,2024,RandomForest,T+0_R-20,Drought,0.0,-20.0,2.072815544455544,2.069466734931734,-0.0033488095238101145,-0.16155849143295234
Taraba,2024,RandomForest,T+0_R-20,Drought,0.0,-20.0,2.532413990268988,2.517470154290153,-0.014943835978835196,-0.5901024096477958
Yobe,2024,RandomForest,T+0_R-20,Drought,0.0,-20.0,1.9694176791726783,1.9419006180856173,-0.02751706108706098,-1.3972181410811986
Zamfara,2024,RandomForest,T+0_R-20,Drought,0.0,-20.0,2.009601931586932,1.9554264442039448,-0.054175487382987164,-2.69583177302214
Abia,2024,LightGBM,T+0_R-20,Drought,0.0,-20.0,1.8857182803461676,1.933178548507874,0.047460268161706454,2.516827070955372
Adamawa,2024,LightGBM,T+0_R-20,Drought,0.0,-20.0,2.7029347260592815,2.6769402616311138,-0.025994464428167774,-0.9617126221196678
Akwa Ibom,2024,LightGBM,T+0_R-20,Drought,0.0,-20.0,1.7518811138048203,1.7506304966736674,-0.0012506171311528202,-0.0713871004886096
Anambra,2024,LightGBM,T+0_R-20,Drought,0.0,-20.0,1.9608427375996522,1.962491137796327,0.0016484001966747819,0.0840659051879222
Bauchi,2024,LightGBM,T+0_R-20,Drought,0.0,-20.0,2.288970852812262,2.3224966549412107,0.03352580212894862,1.4646670615206108
Bayelsa,2024,LightGBM,T+0_R-20,Drought,0.0,-20.0,1.9780597189458775,1.7814337577290302,-0.19662596121684728,-9.940345042849904
Benue,2024,LightGBM,T+0_R-20,Drought,0.0,-20.0,2.6716814124765933,2.5974719250487674,-0.07420948742782585,-2.7776323584568114
Borno,2024,LightGBM,T+0_R-20,Drought,0.0,-20.0,2.5538667935889894,2.5572272614078777,0.003360467818888324,0.13158351983447836
Cross River,2024,LightGBM,T+0_R-20,Drought,0.0,-20.0,1.7929998542711614,1.7814337577290302,-0.011566096542131143,-0.6450695751357247
Delta,2024,LightGBM,T+0_R-20,Drought,0.0,-20.0,1.9705492690557629,1.9721976692524377,0.0016484001966747819,0.08365181335783871
Ebonyi,2024,LightGBM,T+0_R-20,Drought,0.0,-20.0,1.8361117699485616,1.8361117699485616,0.0,0.0
Edo,2024,LightGBM,T+0_R-20,Drought,0.0,-20.0,2.0208195123023867,2.0212938050322764,0.000474292729889747,0.023470316225785527
Ekiti,2024,LightGBM,T+0_R-20,Drought,0.0,-20.0,2.12982541303054,2.0887412412098953,-0.0410841718206445,-1.9289924690205296
Enugu,2024,LightGBM,T+0_R-20,Drought,0.0,-20.0,1.9718888257207303,1.9529951480705536,-0.018893677650176688,-0.9581512610514946
FCT,2024,LightGBM,T+0_R-20,Drought,0.0,-20.0,2.675089302187353,2.58537349248515,-0.08971580970220305,-3.353750083365243
Gombe,2024,LightGBM,T+0_R-20,Drought,0.0,-20.0,2.757550720508127,2.720483072005738,-0.03706764850238908,-1.3442236339195501
Imo,2024,LightGBM,T+0_R-20,Drought,0.0,-20.0,1.9852379020439388,1.7743942748928783,-0.21084362715106053,-10.620572322036697
Jigawa,2024,LightGBM,T+0_R-20,Drought,0.0,-20.0,2.1719872802994367,2.0656776339049494,-0.10630964639448726,-4.8945796026867665
Kaduna,2024,LightGBM,T+0_R-20,Drought,0.0,-20.0,2.150619625529219,2.2225297737051823,0.07191014817596342,3.3436944089203107
Kano,2024,LightGBM,T+0_R-20,Drought,0.0,-20.0,2.1392041565082125,2.0414145772080885,-0.097789579300124,-4.571306530169814
Katsina,2024,LightGBM,T+0_R-20,Drought,0.0,-20.0,1.9519067976449578,1.9114252381347296,-0.04048155951022814,-2.073949409831992
Kebbi,2024,LightGBM,T+0_R-20,Drought,0.0,-20.0,2.073716090789913,2.066997611355011,-0.006718479434902225,-0.32398260614079744
Kogi,2024,LightGBM,T+0_R-20,Drought,0.0,-20.0,2.777658283495822,2.6551845378793835,-0.12247374561643865,-4.409244518814578
Kwara,2024,LightGBM,T+0_R-20,Drought,0.0,-20.0,2.320563274323994,2.2565146752561502,-0.06404859906784388,-2.7600453638352933
Lagos,2024,LightGBM,T+0_R-20,Drought,0.0,-20.0,1.7457696534864193,1.6517790829209815,-0.0939905705654378,-5.383904478906041
Nasarawa,2024,LightGBM,T+0_R-20,Drought,0.0,-20.0,2.8528243385884564,2.861596549191071,0.00877221060261446,0.3074921397703318
Niger,2024,LightGBM,T+0_R-20,Drought,0.0,-20.0,2.7142918549452477,2.695398177295072,-0.0188936776501758,-0.6960812860176718
Ogun,2024,LightGBM,T+0_R-20,Drought,0.0,-20.0,2.201893978512967,2.0077357354984833,-0.19415824301448392,-8.817783458657136
Ondo,2024,LightGBM,T+0_R-20,Drought,0.0,-20.0,2.12982541303054,2.0887412412098953,-0.0410841718206445,-1.9289924690205296
Osun,2024,LightGBM,T+0_R-20,Drought,0.0,-20.0,1.6977145580657644,1.6607435066837004,-0.036971051382064024,-2.1776953732543696
Oyo,2024,LightGBM,T+0_R-20,Drought,0.0,-20.0,1.9520850306715005,1.8637937799820201,-0.0882912506894804,-4.522920328891051
Plateau,2024,LightGBM,T+0_R-20,Drought,0.0,-20.0,2.117811946993451,2.13233730403572,0.014525357042268983,0.6858662339160891
Rivers,2024,LightGBM,T+0_R-20,Drought,0.0,-20.0,1.824341303572406,1.7814337577290302,-0.04290754584337586,-2.3519472896521476
Sokoto,2024,LightGBM,T+0_R-20,Drought,0.0,-20.0,2.2195111565910786,2.260714648377301,0.04120349178622229,1.856421927137607
Taraba,2024,LightGBM,T+0_R-20,Drought,0.0,-20.0,2.638245673999239,2.6811789193492417,0.04293324535000265,1.6273406898047293
Yobe,2024,LightGBM,T+0_R-20,Drought,0.0,-20.0,1.8688686944973276,1.8155475315535718,-0.05332116294375577,-2.8531251607324744
Zamfara,2024,LightGBM,T+0_R-20,Drought,0.0,-20.0,1.9801238613872905,1.9016295739238944,-0.07849428746339604,-3.9641099728176763
Abia,2024,Ridge,T+0_R-30,Drought,0.0,-30.0,2.1076467263764957,2.126488500794893,0.018841774418397073,0.893972134067752
Adamawa,2024,Ridge,T+0_R-30,Drought,0.0,-30.0,2.228160901514541,2.182295372054564,-0.04586552945997724,-2.058447818054845
Akwa Ibom,2024,Ridge,T+0_R-30,Drought,0.0,-30.0,1.8726490601751038,1.9698339763464976,0.0971849161713938,5.189702557632792
Anambra,2024,Ridge,T+0_R-30,Drought,0.0,-30.0,1.995924798496167,2.0308259675270386,0.03490116903087159,1.7486214439125132
Bauchi,2024,Ridge,T+0_R-30,Drought,0.0,-30.0,2.1911408567156014,2.1718102350664736,-0.0193306216491278,-0.882217206159139
Bayelsa,2024,Ridge,T+0_R-30,Drought,0.0,-30.0,2.1283699370790585,2.1645410753455665,0.036171138266507974,1.6994760937165219
Benue,2024,Ridge,T+0_R-30,Drought,0.0,-30.0,2.19856824250258,2.215602509344821,0.017034266842240964,0.7747890883228281
Borno,2024,Ridge,T+0_R-30,Drought,0.0,-30.0,2.0703928745107003,2.0431573071594524,-0.02723556735124788,-1.3154782208997173
Cross River,2024,Ridge,T+0_R-30,Drought,0.0,-30.0,2.0304451145029754,2.1276300306743687,0.09718491617139335,4.786384792045111
Delta,2024,Ridge,T+0_R-30,Drought,0.0,-30.0,2.0305870274144278,2.0654881964453,0.03490116903087204,1.7187723825514705
Ebonyi,2024,Ridge,T+0_R-30,Drought,0.0,-30.0,1.9564966462995064,1.967045507233717,0.010548860934210591,0.5391709182922739
Edo,2024,Ridge,T+0_R-30,Drought,0.0,-30.0,2.1110477155179725,2.133608612539445,0.02256089702147257,1.068706162140772
Ekiti,2024,Ridge,T+0_R-30,Drought,0.0,-30.0,2.043711350651248,2.0424036551817513,-0.001307695469496828,-0.06398630946978487
Enugu,2024,Ridge,T+0_R-30,Drought,0.0,-30.0,2.0081454928192786,2.036621247176397,0.028475754357118355,1.4180125124868632
FCT,2024,Ridge,T+0_R-30,Drought,0.0,-30.0,2.242027472634797,2.244098579656585,0.0020711070217882543,0.09237652290470467
Gombe,2024,Ridge,T+0_R-30,Drought,0.0,-30.0,2.2229100314658368,2.2811673766441984,0.058257345178361675,2.6207693677978265
Imo,2024,Ridge,T+0_R-30,Drought,0.0,-30.0,2.0945526450593936,2.122078971694163,0.027526326634769394,1.3141864302001753
Jigawa,2024,Ridge,T+0_R-30,Drought,0.0,-30.0,2.1819739435208776,2.1572449495874717,-0.024728993933405885,-1.1333313125409132
Kaduna,2024,Ridge,T+0_R-30,Drought,0.0,-30.0,2.3632044264644927,2.3696096342981994,0.006405207833706683,0.27103909259721937
Kano,2024,Ridge,T+0_R-30,Drought,0.0,-30.0,2.225563194098675,2.199917781749558,-0.02564541234911699,-1.152311128127865
Katsina,2024,Ridge,T+0_R-30,Drought,0.0,-30.0,2.2080260154060616,2.1360217770778283,-0.07200423832823333,-3.2610230960069355
Kebbi,2024,Ridge,T+0_R-30,Drought,0.0,-30.0,2.632935313166964,2.495009635451914,-0.13792567771505038,-5.238475743224763
Kogi,2024,Ridge,T+0_R-30,Drought,0.0,-30.0,2.253636314716768,2.2454856738389024,-0.008150640877865545,-0.3616662025119124
Kwara,2024,Ridge,T+0_R-30,Drought,0.0,-30.0,2.3570629056563646,2.3410452735912886,-0.016017632065076004,-0.6795589556238687
Lagos,2024,Ridge,T+0_R-30,Drought,0.0,-30.0,1.6751356367769583,1.6719322646636887,-0.003203372113269598,-0.19123061099894217
Nasarawa,2024,Ridge,T+0_R-30,Drought,0.0,-30.0,2.2116954085950713,2.21332896517597,0.0016335565808986985,0.07385992549201781
Niger,2024,Ridge,T+0_R-30,Drought,0.0,-30.0,2.1097706256759228,2.105236525953541,-0.004534099722381946,-0.21490960520551008
Ogun,2024,Ridge,T+0_R-30,Drought,0.0,-30.0,2.0336178540548344,2.041648574526916,0.008030720472081754,0.3948982084352419
Ondo,2024,Ridge,T+0_R-30,Drought,0.0,-30.0,2.043711350651248,2.0424036551817513,-0.001307695469496828,-0.06398630946978487
Osun,2024,Ridge,T+0_R-30,Drought,0.0,-30.0,2.1491664004589888,2.152367491346352,0.0032010908873632005,0.14894569758207443
Oyo,2024,Ridge,T+0_R-30,Drought,0.0,-30.0,2.148421707676391,2.1498913327479765,0.0014696250715853232,0.06840486978577333
Plateau,2024,Ridge,T+0_R-30,Drought,0.0,-30.0,2.2510678681752685,2.2508057522953675,-0.0002621158799009926,-0.011644068293394708
Rivers,2024,Ridge,T+0_R-30,Drought,0.0,-30.0,2.26062565983569,2.2921090336349597,0.031483373799269465,1.3926840855888445
Sokoto,2024,Ridge,T+0_R-30,Drought,0.0,-30.0,2.2451522787394262,2.1929080056588424,-0.05224427308058388,-2.326981273177479
Taraba,2024,Ridge,T+0_R-30,Drought,0.0,-30.0,2.420993047866713,2.401648754943613,-0.019344292923099804,-0.7990230678334768
Yobe,2024,Ridge,T+0_R-30,Drought,0.0,-30.0,2.1590007131913542,2.118263070769733,-0.040737642421621256,-1.886874894145097
Zamfara,2024,Ridge,T+0_R-30,Drought,0.0,-30.0,2.1907240365142804,2.224862310135471,0.034138273621190596,1.5583100861717352
Abia,2024,RandomForest,T+0_R-30,Drought,0.0,-30.0,1.9242374470899457,1.9231785978835962,-0.0010588492063494659,-0.05502695147892377
Adamawa,2024,RandomForest,T+0_R-30,Drought,0.0,-30.0,2.5210381298331286,2.4970178388278375,-0.024020291005291128,-0.9527936416765369
Akwa Ibom,2024,RandomForest,T+0_R-30,Drought,0.0,-30.0,1.868412592685091,1.850824792522291,-0.017587800162800038,-0.9413231441308505
Anambra,2024,RandomForest,T+0_R-30,Drought,0.0,-30.0,1.8766700360750346,1.8580347534872517,-0.01863528258778291,-0.992997289324111
Bauchi,2024,RandomForest,T+0_R-30,Drought,0.0,-30.0,2.3475265541865546,2.3253270965145965,-0.02219945767195819,-0.945653101660039
Bayelsa,2024,RandomForest,T+0_R-30,Drought,0.0,-30.0,1.9828558646908638,1.8861124247974232,-0.09674343989344059,-4.8789950705026826
Benue,2024,RandomForest,T+0_R-30,Drought,0.0,-30.0,2.737263601491102,2.7306436544011548,-0.006619947089947065,-0.24184543594343283
Borno,2024,RandomForest,T+0_R-30,Drought,0.0,-30.0,2.6590300120250134,2.674663107263107,0.01563309523809364,0.5879247382464888
Cross River,2024,RandomForest,T+0_R-30,Drought,0.0,-30.0,1.9022551720501713,1.8858034829984816,-0.0164516890516897,-0.8648518502361991
Delta,2024,RandomForest,T+0_R-30,Drought,0.0,-30.0,1.9366485942760934,1.9186823593073572,-0.017966234968736172,-0.9276972095937639
Ebonyi,2024,RandomForest,T+0_R-30,Drought,0.0,-30.0,1.7944163329263332,1.791512629222629,-0.0029037037037040747,-0.16181884050111806
Edo,2024,RandomForest,T+0_R-30,Drought,0.0,-30.0,2.0688820586820573,2.0086857623857615,-0.06019629629629586,-2.9096050228519448
Ekiti,2024,RandomForest,T+0_R-30,Drought,0.0,-30.0,2.184954420856922,2.186205201280202,0.0012507804232799735,0.05724514943380042
Enugu,2024,RandomForest,T+0_R-30,Drought,0.0,-30.0,1.886856821789321,1.8868568217893207,-2.220446049250313e-16,-1.176796259053004e-14
FCT,2024,RandomForest,T+0_R-30,Drought,0.0,-30.0,2.5084377397602404,2.492058771506272,-0.016378968253968562,-0.6529549445996649
Gombe,2024,RandomForest,T+0_R-30,Drought,0.0,-30.0,2.5915788844488827,2.580284280071779,-0.011294604377103834,-0.43581943211833624
Imo,2024,RandomForest,T+0_R-30,Drought,0.0,-30.0,1.9377850873200857,1.85709818181818,-0.08068690550190571,-4.163872765348501
Jigawa,2024,RandomForest,T+0_R-30,Drought,0.0,-30.0,1.9830492814592822,1.9233373526473532,-0.059711928811928994,-3.011116736745357
Kaduna,2024,RandomForest,T+0_R-30,Drought,0.0,-30.0,2.2874002532652513,2.2870622277722266,-0.0003380254930247517,-0.014777715117510463
Kano,2024,RandomForest,T+0_R-30,Drought,0.0,-30.0,1.9585134601509608,1.8998810551485557,-0.058632405002405186,-2.9937197877560586
Katsina,2024,RandomForest,T+0_R-30,Drought,0.0,-30.0,1.9979591144041133,1.9681957046657048,-0.02976340973840852,-1.4896906309959894
Kebbi,2024,RandomForest,T+0_R-30,Drought,0.0,-30.0,2.0630674849224846,2.0622376436526437,-0.0008298412698408697,-0.04022366092750714
Kogi,2024,RandomForest,T+0_R-30,Drought,0.0,-30.0,2.7516167929292936,2.734000972823473,-0.017615820105820745,-0.6401988878352295
Kwara,2024,RandomForest,T+0_R-30,Drought,0.0,-30.0,2.3339023285048293,2.3178344088319096,-0.01606791967291965,-0.6884572450473222
Lagos,2024,RandomForest,T+0_R-30,Drought,0.0,-30.0,1.6620472915972915,1.6520718550893547,-0.009975436507936752,-0.6001896912542106
Nasarawa,2024,RandomForest,T+0_R-30,Drought,0.0,-30.0,2.8555857335257344,2.8425306012506013,-0.013055132275133108,-0.45717878899101366
Niger,2024,RandomForest,T+0_R-30,Drought,0.0,-30.0,2.7895873544973537,2.76160406084656,-0.027983293650793772,-1.0031338006203425
Ogun,2024,RandomForest,T+0_R-30,Drought,0.0,-30.0,2.039880582935582,1.956524713804713,-0.08335586913086912,-4.086311219792685
Ondo,2024,RandomForest,T+0_R-30,Drought,0.0,-30.0,2.184954420856922,2.186205201280202,0.0012507804232799735,0.05724514943380042
Osun,2024,RandomForest,T+0_R-30,Drought,0.0,-30.0,1.947098117623118,1.9075776058201048,-0.03952051180301308,-2.029713420464757
Oyo,2024,RandomForest,T+0_R-30,Drought,0.0,-30.0,2.0064290904465896,1.9507762241462232,-0.055652866300366366,-2.77372704399831
Plateau,2024,RandomForest,T+0_R-30,Drought,0.0,-30.0,2.262516705886705,2.247803481980981,-0.014713223905723716,-0.6503034372052269
Rivers,2024,RandomForest,T+0_R-30,Drought,0.0,-30.0,1.9099420239020226,1.8961592237392222,-0.013782800162800424,-0.7216344784456904
Sokoto,2024,RandomForest,T+0_R-30,Drought,0.0,-30.0,2.072815544455544,2.037421192603692,-0.035394351851852246,-1.7075495186499627
Taraba,2024,RandomForest,T+0_R-30,Drought,0.0,-30.0,2.532413990268988,2.505549334184333,-0.02686465608465527,-1.0608319251072278
Yobe,2024,RandomForest,T+0_R-30,Drought,0.0,-30.0,1.9694176791726783,1.925409037999037,-0.04400864117364134,-2.2346017119196717
Zamfara,2024,RandomForest,T+0_R-30,Drought,0.0,-30.0,2.009601931586932,1.9804975685425692,-0.029104363044362813,-1.4482650811038895
Abia,2024,LightGBM,T+0_R-30,Drought,0.0,-30.0,1.8857182803461676,1.922431711035208,0.03671343068904043,1.946920230433404
Adamawa,2024,LightGBM,T+0_R-30,Drought,0.0,-30.0,2.7029347260592815,2.583341869318306,-0.11959285674097542,-4.424555857304579
Akwa Ibom,2024,LightGBM,T+0_R-30,Drought,0.0,-30.0,1.7518811138048203,1.7506304966736674,-0.0012506171311528202,-0.0713871004886096
Anambra,2024,LightGBM,T+0_R-30,Drought,0.0,-30.0,1.9608427375996522,1.951744300323661,-0.009098437275991245,-0.4640064754570279
Bauchi,2024,LightGBM,T+0_R-30,Drought,0.0,-30.0,2.288970852812262,2.2998489035458407,0.010878050733578615,0.47523762568726846
Bayelsa,2024,LightGBM,T+0_R-30,Drought,0.0,-30.0,1.9780597189458775,1.7814337577290302,-0.19662596121684728,-9.940345042849904
Benue,2024,LightGBM,T+0_R-30,Drought,0.0,-30.0,2.6716814124765933,2.5615735658416603,-0.110107846634933,-4.121294033066065
Borno,2024,LightGBM,T+0_R-30,Drought,0.0,-30.0,2.5538667935889894,2.5043176605042734,-0.04954913308471598,-1.9401612178481635
Cross River,2024,LightGBM,T+0_R-30,Drought,0.0,-30.0,1.7929998542711614,1.7814337577290302,-0.011566096542131143,-0.6450695751357247
Delta,2024,LightGBM,T+0_R-30,Drought,0.0,-30.0,1.9705492690557629,1.9614508317797716,-0.009098437275991245,-0.46172087239163445
Ebonyi,2024,LightGBM,T+0_R-30,Drought,0.0,-30.0,1.8361117699485616,1.8361117699485616,0.0,0.0
Edo,2024,LightGBM,T+0_R-30,Drought,0.0,-30.0,2.0208195123023867,2.0117555414988932,-0.009063970803493415,-0.4485294578913944
Ekiti,2024,LightGBM,T+0_R-30,Drought,0.0,-30.0,2.12982541303054,2.081549501216257,-0.048275911814283035,-2.2666605215115254
Enugu,2024,LightGBM,T+0_R-30,Drought,0.0,-30.0,1.9718888257207303,1.9529951480705536,-0.018893677650176688,-0.9581512610514946
FCT,2024,LightGBM,T+0_R-30,Drought,0.0,-30.0,2.675089302187353,2.550321267640878,-0.124768034546475,-4.664069885235432
Gombe,2024,LightGBM,T+0_R-30,Drought,0.0,-30.0,2.757550720508127,2.730417111694751,-0.02713360881337623,-0.9839749677705434
Imo,2024,LightGBM,T+0_R-30,Drought,0.0,-30.0,1.9852379020439388,1.791030775375508,-0.19420712666843087,-9.782561901950457
Jigawa,2024,LightGBM,T+0_R-30,Drought,0.0,-30.0,2.1719872802994367,1.9797977501468866,-0.19218953015255003,-8.848556890538244
Kaduna,2024,LightGBM,T+0_R-30,Drought,0.0,-30.0,2.150619625529219,2.1558686873423847,0.005249061813165756,0.24407206885197472
Kano,2024,LightGBM,T+0_R-30,Drought,0.0,-30.0,2.1392041565082125,1.9497033357988305,-0.189500820709382,-8.858472910724943
Katsina,2024,LightGBM,T+0_R-30,Drought,0.0,-30.0,1.9519067976449578,1.901359701509892,-0.050547096135065805,-2.589626522949385
Kebbi,2024,LightGBM,T+0_R-30,Drought,0.0,-30.0,2.073716090789913,2.0611905040536027,-0.012525586736310323,-0.6040164703326925
Kogi,2024,LightGBM,T+0_R-30,Drought,0.0,-30.0,2.777658283495822,2.6551845378793835,-0.12247374561643865,-4.409244518814578
Kwara,2024,LightGBM,T+0_R-30,Drought,0.0,-30.0,2.320563274323994,2.2282513187543675,-0.09231195556962657,-3.9779977814445964
Lagos,2024,LightGBM,T+0_R-30,Drought,0.0,-30.0,1.7457696534864193,1.6517790829209815,-0.0939905705654378,-5.383904478906041
Nasarawa,2024,LightGBM,T+0_R-30,Drought,0.0,-30.0,2.8528243385884564,2.7167365121779343,-0.13608782641052208,-4.77028412053778
Niger,2024,LightGBM,T+0_R-30,Drought,0.0,-30.0,2.7142918549452477,2.630709043015898,-0.0835828119293498,-3.0793597887076083
Ogun,2024,LightGBM,T+0_R-30,Drought,0.0,-30.0,2.201893978512967,2.0585569284055056,-0.14333705010746156,-6.5097162491112845
Ondo,2024,LightGBM,T+0_R-30,Drought,0.0,-30.0,2.12982541303054,2.081549501216257,-0.048275911814283035,-2.2666605215115254
Osun,2024,LightGBM,T+0_R-30,Drought,0.0,-30.0,1.6977145580657644,1.7455417057959712,0.0478271477302068,2.8171489431472563
Oyo,2024,LightGBM,T+0_R-30,Drought,0.0,-30.0,1.9520850306715005,1.9491846058996043,-0.002900424771896226,-0.1485808623253724
Plateau,2024,LightGBM,T+0_R-30,Drought,0.0,-30.0,2.117811946993451,2.1572300909255,0.03941814393204934,1.8612674268841132
Rivers,2024,LightGBM,T+0_R-30,Drought,0.0,-30.0,1.824341303572406,1.81740593178447,-0.006935371787936129,-0.380157582046482
Sokoto,2024,LightGBM,T+0_R-30,Drought,0.0,-30.0,2.2195111565910786,2.164748039054239,-0.05476311753683971,-2.467350406156541
Taraba,2024,LightGBM,T+0_R-30,Drought,0.0,-30.0,2.638245673999239,2.6107998711219684,-0.02744580287727061,-1.040305046181174
Yobe,2024,LightGBM,T+0_R-30,Drought,0.0,-30.0,1.8688686944973276,1.7178264077730614,-0.15104228672426623,-8.082017060320672
Zamfara,2024,LightGBM,T+0_R-30,Drought,0.0,-30.0,1.9801238613872905,1.9016295739238944,-0.07849428746339604,-3.9641099728176763
Abia,2024,Ridge,T+1_R0,Heat,1.0,0.0,2.1076467263764957,2.1284539504842597,0.020807224107763922,0.9872254134133797
Adamawa,2024,Ridge,T+1_R0,Heat,1.0,0.0,2.228160901514541,2.2813988014253064,0.05323789991076522,2.38932026293873
Akwa Ibom,2024,Ridge,T+1_R0,Heat,1.0,0.0,1.8726490601751038,1.8934562842828684,0.020807224107764588,1.111111769432068
Anambra,2024,Ridge,T+1_R0,Heat,1.0,0.0,1.995924798496167,2.016732022603931,0.020807224107763922,1.0424853743708762
Bauchi,2024,Ridge,T+1_R0,Heat,1.0,0.0,2.1911408567156014,2.244378756626367,0.05323789991076566,2.429688613929016
Bayelsa,2024,Ridge,T+1_R0,Heat,1.0,0.0,2.1283699370790585,2.149177161186823,0.020807224107764366,0.9776131369492971
Benue,2024,Ridge,T+1_R0,Heat,1.0,0.0,2.19856824250258,2.241114710829939,0.042546468327358866,1.9351897978353947
Borno,2024,Ridge,T+1_R0,Heat,1.0,0.0,2.0703928745107003,2.123630774421465,0.053237899910764774,2.5713911869671877
Cross River,2024,Ridge,T+1_R0,Heat,1.0,0.0,2.0304451145029754,2.0512523386107397,0.020807224107764366,1.024761711564791
Delta,2024,Ridge,T+1_R0,Heat,1.0,0.0,2.0305870274144278,2.051394251522192,0.020807224107764366,1.0246900933991718
Ebonyi,2024,Ridge,T+1_R0,Heat,1.0,0.0,1.9564966462995064,1.9773038704072698,0.020807224107763478,1.0634939828349823
Edo,2024,Ridge,T+1_R0,Heat,1.0,0.0,2.1110477155179725,2.131854939625736,0.020807224107763478,0.9856349505893645
Ekiti,2024,Ridge,T+1_R0,Heat,1.0,0.0,2.043711350651248,2.0645185747590125,0.020807224107764366,1.0181097296902495
Enugu,2024,Ridge,T+1_R0,Heat,1.0,0.0,2.0081454928192786,2.0289527169270425,0.020807224107763922,1.036141264772216
FCT,2024,Ridge,T+1_R0,Heat,1.0,0.0,2.242027472634797,2.2845739409621553,0.04254646832735842,1.897678277659928
Gombe,2024,Ridge,T+1_R0,Heat,1.0,0.0,2.2229100314658368,2.2761479313766024,0.05323789991076566,2.394964220646366
Imo,2024,Ridge,T+1_R0,Heat,1.0,0.0,2.0945526450593936,2.115359869167158,0.020807224107764366,0.9933970462305736
Jigawa,2024,Ridge,T+1_R0,Heat,1.0,0.0,2.1819739435208776,2.2352118434316424,0.053237899910764774,2.4398962264810096
Kaduna,2024,Ridge,T+1_R0,Heat,1.0,0.0,2.3632044264644927,2.416442326375258,0.05323789991076522,2.2527843683169033
Kano,2024,Ridge,T+1_R0,Heat,1.0,0.0,2.225563194098675,2.2788010940094403,0.05323789991076522,2.3921091098168477
Katsina,2024,Ridge,T+1_R0,Heat,1.0,0.0,2.2080260154060616,2.2612639153168264,0.053237899910764774,2.41110836282308
Kebbi,2024,Ridge,T+1_R0,Heat,1.0,0.0,2.632935313166964,2.6861732130777294,0.05323789991076522,2.021998020404431
Kogi,2024,Ridge,T+1_R0,Heat,1.0,0.0,2.253636314716768,2.2961827830441264,0.04254646832735842,1.8879030325132815
Kwara,2024,Ridge,T+1_R0,Heat,1.0,0.0,2.3570629056563646,2.399609373983723,0.04254646832735842,1.805062912205588
Lagos,2024,Ridge,T+1_R0,Heat,1.0,0.0,1.6751356367769583,1.6959428608847225,0.020807224107764144,1.2421217512749143
Nasarawa,2024,Ridge,T+1_R0,Heat,1.0,0.0,2.2116954085950713,2.254241876922429,0.042546468327357534,1.9237037867879014
Niger,2024,Ridge,T+1_R0,Heat,1.0,0.0,2.1097706256759228,2.15231709400328,0.04254646832735709,2.0166395251486717
Ogun,2024,Ridge,T+1_R0,Heat,1.0,0.0,2.0336178540548344,2.0544250781625983,0.020807224107763922,1.0231629342885813
Ondo,2024,Ridge,T+1_R0,Heat,1.0,0.0,2.043711350651248,2.0645185747590125,0.020807224107764366,1.0181097296902495
Osun,2024,Ridge,T+1_R0,Heat,1.0,0.0,2.1491664004589888,2.1699736245667527,0.020807224107763922,0.9681532385449637
Oyo,2024,Ridge,T+1_R0,Heat,1.0,0.0,2.148421707676391,2.169228931784156,0.02080722410776481,0.968488822907524
Plateau,2024,Ridge,T+1_R0,Heat,1.0,0.0,2.2510678681752685,2.2936143365026265,0.04254646832735798,1.8900571115097673
Rivers,2024,Ridge,T+1_R0,Heat,1.0,0.0,2.26062565983569,2.281432883943454,0.020807224107763922,0.9204188237550246
Sokoto,2024,Ridge,T+1_R0,Heat,1.0,0.0,2.2451522787394262,2.2983901786501915,0.05323789991076522,2.3712378182497456
Taraba,2024,Ridge,T+1_R0,Heat,1.0,0.0,2.420993047866713,2.474230947777478,0.05323789991076522,2.1990108545613722
Yobe,2024,Ridge,T+1_R0,Heat,1.0,0.0,2.1590007131913542,2.2122386131021194,0.05323789991076522,2.465858375381032
Zamfara,2024,Ridge,T+1_R0,Heat,1.0,0.0,2.1907240365142804,2.2439619364250456,0.05323789991076522,2.4301509009538904
Abia,2024,RandomForest,T+1_R0,Heat,1.0,0.0,1.9242374470899457,1.8450129406704385,-0.07922450641950718,-4.117189723093667
Adamawa,2024,RandomForest,T+1_R0,Heat,1.0,0.0,2.5210381298331286,2.5154141086691078,-0.0056240211640208315,-0.22308354234979755
Akwa Ibom,2024,RandomForest,T+1_R0,Heat,1.0,0.0,1.868412592685091,1.8640576852776838,-0.0043549074074071825,-0.2330806067384055
Anambra,2024,RandomForest,T+1_R0,Heat,1.0,0.0,1.8766700360750346,1.823090120805119,-0.05357991526991568,-2.855052526014403
Bauchi,2024,RandomForest,T+1_R0,Heat,1.0,0.0,2.3475265541865546,2.396087471694971,0.04856091750841651,2.068599284715799
Bayelsa,2024,RandomForest,T+1_R0,Heat,1.0,0.0,1.9828558646908638,1.9807065128390116,-0.002149351851852277,-0.10839677709944745
Benue,2024,RandomForest,T+1_R0,Heat,1.0,0.0,2.737263601491102,2.686529219576721,-0.050734381914380844,-1.8534708124838144
Borno,2024,RandomForest,T+1_R0,Heat,1.0,0.0,2.6590300120250134,2.6569569167869176,-0.0020730952380958456,-0.0779643414598791
Cross River,2024,RandomForest,T+1_R0,Heat,1.0,0.0,1.9022551720501713,1.897900264642764,-0.0043549074074071825,-0.22893392387066794
Delta,2024,RandomForest,T+1_R0,Heat,1.0,0.0,1.9366485942760934,1.8767466948791935,-0.05990189939689983,-3.0930701405481753
Ebonyi,2024,RandomForest,T+1_R0,Heat,1.0,0.0,1.7944163329263332,1.790573555148555,-0.0038427777777780836,-0.2141519616861313
Edo,2024,RandomForest,T+1_R0,Heat,1.0,0.0,2.0688820586820573,1.957529586894586,-0.11135247178747143,-5.382253247360386
Ekiti,2024,RandomForest,T+1_R0,Heat,1.0,0.0,2.184954420856922,1.9723653583453586,-0.2125890625115634,-9.729679506457972
Enugu,2024,RandomForest,T+1_R0,Heat,1.0,0.0,1.886856821789321,1.7964886080586076,-0.09036821373071335,-4.789351936360306
FCT,2024,RandomForest,T+1_R0,Heat,1.0,0.0,2.5084377397602404,2.821585693843194,0.3131479540829534,12.483784194415941
Gombe,2024,RandomForest,T+1_R0,Heat,1.0,0.0,2.5915788844488827,2.587710052632551,-0.003868831816331575,-0.149284740647758
Imo,2024,RandomForest,T+1_R0,Heat,1.0,0.0,1.9377850873200857,1.9317514334739314,-0.0060336538461542855,-0.31136857671346296
Jigawa,2024,RandomForest,T+1_R0,Heat,1.0,0.0,1.9830492814592822,2.0096388455988454,0.02658956413956326,1.3408423274280197
Kaduna,2024,RandomForest,T+1_R0,Heat,1.0,0.0,2.2874002532652513,2.157309434084432,-0.13009081918081922,-5.68727834121358
Kano,2024,RandomForest,T+1_R0,Heat,1.0,0.0,1.9585134601509608,1.9866090668590672,0.028095606708106402,1.434537330468018
Katsina,2024,RandomForest,T+1_R0,Heat,1.0,0.0,1.9979591144041133,2.060556528379028,0.0625974139749148,3.133067815233263
Kebbi,2024,RandomForest,T+1_R0,Heat,1.0,0.0,2.0630674849224846,2.090369618159618,0.027302133237133486,1.323375674167988
Kogi,2024,RandomForest,T+1_R0,Heat,1.0,0.0,2.7516167929292936,2.699571934824436,-0.052044858104857816,-1.8914282773166364
Kwara,2024,RandomForest,T+1_R0,Heat,1.0,0.0,2.3339023285048293,2.6973014147889147,0.36339908628408546,15.570449621895285
Lagos,2024,RandomForest,T+1_R0,Heat,1.0,0.0,1.6620472915972915,1.9146192742442731,0.25257198264698166,15.196437786330993
Nasarawa,2024,RandomForest,T+1_R0,Heat,1.0,0.0,2.8555857335257344,2.79639957912458,-0.05918615440115449,-2.072644981598172
Niger,2024,RandomForest,T+1_R0,Heat,1.0,0.0,2.7895873544973537,2.667890333092832,-0.12169702140452188,-4.362545636304336
Ogun,2024,RandomForest,T+1_R0,Heat,1.0,0.0,2.039880582935582,1.9394630486180473,-0.10041753431753486,-4.922716317688778
Ondo,2024,RandomForest,T+1_R0,Heat,1.0,0.0,2.184954420856922,1.9723653583453586,-0.2125890625115634,-9.729679506457972
Osun,2024,RandomForest,T+1_R0,Heat,1.0,0.0,1.947098117623118,2.0324276859251835,0.08532956830206562,4.382396938795772
Oyo,2024,RandomForest,T+1_R0,Heat,1.0,0.0,2.0064290904465896,1.9534217633292614,-0.05300732711732814,-2.641873932635706
Plateau,2024,RandomForest,T+1_R0,Heat,1.0,0.0,2.262516705886705,2.2670334867909854,0.004516780904280537,0.199635250980848
Rivers,2024,RandomForest,T+1_R0,Heat,1.0,0.0,1.9099420239020226,1.9046194842194828,-0.0053225396825398175,-0.27867545799457505
Sokoto,2024,RandomForest,T+1_R0,Heat,1.0,0.0,2.072815544455544,2.0620773530173526,-0.010738191438191436,-0.5180485773041605
Taraba,2024,RandomForest,T+1_R0,Heat,1.0,0.0,2.532413990268988,2.5318347411847393,-0.0005792490842488895,-0.02287339615381618
Yobe,2024,RandomForest,T+1_R0,Heat,1.0,0.0,1.9694176791726783,1.992749279701779,0.02333160052910066,1.1846953937623785
Zamfara,2024,RandomForest,T+1_R0,Heat,1.0,0.0,2.009601931586932,2.0415860714285716,0.031984139841639614,1.5915659384534202
Abia,2024,LightGBM,T+1_R0,Heat,1.0,0.0,1.8857182803461676,1.7560964137433746,-0.12962186660279307,-6.873872303926436
Adamawa,2024,LightGBM,T+1_R0,Heat,1.0,0.0,2.7029347260592815,2.724401433362718,0.021466707303436472,0.7941999892366494
Akwa Ibom,2024,LightGBM,T+1_R0,Heat,1.0,0.0,1.7518811138048203,1.7529189262281266,0.0010378124233063613,0.05923988877603629
Anambra,2024,LightGBM,T+1_R0,Heat,1.0,0.0,1.9608427375996522,1.807686218003511,-0.1531565195961413,-7.810749768929784
Bauchi,2024,LightGBM,T+1_R0,Heat,1.0,0.0,2.288970852812262,2.5634487388285514,0.2744778860162893,11.991322898632015
Bayelsa,2024,LightGBM,T+1_R0,Heat,1.0,0.0,1.9780597189458775,1.9790975313691839,0.0010378124233063613,0.05246618256092992
Benue,2024,LightGBM,T+1_R0,Heat,1.0,0.0,2.6716814124765933,2.689248952121205,0.017567539644611774,0.6575462015258409
Borno,2024,LightGBM,T+1_R0,Heat,1.0,0.0,2.5538667935889894,2.5538667935889894,0.0,0.0
Cross River,2024,LightGBM,T+1_R0,Heat,1.0,0.0,1.7929998542711614,1.7940376666944677,0.0010378124233063613,0.05788134454301017
Delta,2024,LightGBM,T+1_R0,Heat,1.0,0.0,1.9705492690557629,1.817392749459621,-0.15315651959614196,-7.772275578246804
Ebonyi,2024,LightGBM,T+1_R0,Heat,1.0,0.0,1.8361117699485616,1.7872350116394997,-0.04887675830906191,-2.6619707530348866
Edo,2024,LightGBM,T+1_R0,Heat,1.0,0.0,2.0208195123023867,1.844836998321665,-0.17598251398072162,-8.708472622585623
Ekiti,2024,LightGBM,T+1_R0,Heat,1.0,0.0,2.12982541303054,2.164630802685904,0.03480538965536395,1.6341897998972215
Enugu,2024,LightGBM,T+1_R0,Heat,1.0,0.0,1.9718888257207303,1.8106332755141645,-0.1612555502065658,-8.1777201687639
FCT,2024,LightGBM,T+1_R0,Heat,1.0,0.0,2.675089302187353,2.8584316651008224,0.18334236291346917,6.853691305316602
Gombe,2024,LightGBM,T+1_R0,Heat,1.0,0.0,2.757550720508127,2.7016385659677464,-0.055912154540380676,-2.02760203555124
Imo,2024,LightGBM,T+1_R0,Heat,1.0,0.0,1.9852379020439388,1.9862757144672452,0.0010378124233063613,0.05227647639801064
Jigawa,2024,LightGBM,T+1_R0,Heat,1.0,0.0,2.1719872802994367,2.268570397135976,0.09658311683653942,4.446762543803856
Kaduna,2024,LightGBM,T+1_R0,Heat,1.0,0.0,2.150619625529219,1.9843443253109714,-0.16627530021824755,-7.731506689721152
Kano,2024,LightGBM,T+1_R0,Heat,1.0,0.0,2.1392041565082125,2.232832909874934,0.09362875336672172,4.376803077998426
Katsina,2024,LightGBM,T+1_R0,Heat,1.0,0.0,1.9519067976449578,2.1987596224722328,0.246852824827275,12.646752658739208
Kebbi,2024,LightGBM,T+1_R0,Heat,1.0,0.0,2.073716090789913,2.1260116392642674,0.05229554847435436,2.521827780891362
Kogi,2024,LightGBM,T+1_R0,Heat,1.0,0.0,2.777658283495822,2.795225823140434,0.017567539644611774,0.6324586342745568
Kwara,2024,LightGBM,T+1_R0,Heat,1.0,0.0,2.320563274323994,2.748286101555674,0.42772282723167976,18.43185367812391
Lagos,2024,LightGBM,T+1_R0,Heat,1.0,0.0,1.7457696534864193,2.0238107933555445,0.27804113986912515,15.92656507196458
Nasarawa,2024,LightGBM,T+1_R0,Heat,1.0,0.0,2.8528243385884564,2.831840840764722,-0.02098349782373443,-0.7355341701170713
Niger,2024,LightGBM,T+1_R0,Heat,1.0,0.0,2.7142918549452477,2.6997306003190253,-0.014561254626222375,-0.5364660620298735
Ogun,2024,LightGBM,T+1_R0,Heat,1.0,0.0,2.201893978512967,2.0242554189924484,-0.17763855952051877,-8.067534643084208
Ondo,2024,LightGBM,T+1_R0,Heat,1.0,0.0,2.12982541303054,2.164630802685904,0.03480538965536395,1.6341897998972215
Osun,2024,LightGBM,T+1_R0,Heat,1.0,0.0,1.6977145580657644,1.954361789969012,0.25664723190324756,15.117219245363026
Oyo,2024,LightGBM,T+1_R0,Heat,1.0,0.0,1.9520850306715005,1.8678652409898007,-0.08421978968169985,-4.314350469289187
Plateau,2024,LightGBM,T+1_R0,Heat,1.0,0.0,2.117811946993451,2.2193415139792774,0.10152956698582649,4.794078488883908
Rivers,2024,LightGBM,T+1_R0,Heat,1.0,0.0,1.824341303572406,1.8253791159957125,0.0010378124233063613,0.056886966340899466
Sokoto,2024,LightGBM,T+1_R0,Heat,1.0,0.0,2.2195111565910786,2.218402224486442,-0.001108932104636473,-0.0499628984221764
Taraba,2024,LightGBM,T+1_R0,Heat,1.0,0.0,2.638245673999239,2.598679175672269,-0.03956649832697012,-1.4997275923508835
Yobe,2024,LightGBM,T+1_R0,Heat,1.0,0.0,1.8688686944973276,2.0672172323726064,0.19834853787527873,10.613294473779435
Zamfara,2024,LightGBM,T+1_R0,Heat,1.0,0.0,1.9801238613872905,2.0476638298941245,0.06753996850683408,3.410896147653867
Abia,2024,Ridge,T+1_R-10,Compound,1.0,-10.0,2.1076467263764957,2.1347345419570587,0.027087815580562946,1.285216124769297
Adamawa,2024,Ridge,T+1_R-10,Compound,1.0,-10.0,2.228160901514541,2.266110291605314,0.037949390090772805,1.7031709902537817
Akwa Ibom,2024,Ridge,T+1_R-10,Compound,1.0,-10.0,1.8726490601751038,1.965191496278976,0.09254243610387225,4.941792782851635
Anambra,2024,Ridge,T+1_R-10,Compound,1.0,-10.0,1.995924798496167,2.0376222726586866,0.041697474162519566,2.0891305220485563
Bauchi,2024,Ridge,T+1_R-10,Compound,1.0,-10.0,2.1911408567156014,2.237935216076658,0.04679435936105669,2.135616211875983
Bayelsa,2024,Ridge,T+1_R-10,Compound,1.0,-10.0,2.1283699370790585,2.1612342072756587,0.03286427019660021,1.5441051681881308
Benue,2024,Ridge,T+1_R-10,Compound,1.0,-10.0,2.19856824250258,2.24216453625512,0.04359629375254004,1.9829402112583674
Borno,2024,Ridge,T+1_R-10,Compound,1.0,-10.0,2.0703928745107003,2.114552251971049,0.044159377460348814,2.1328984466672822
Cross River,2024,Ridge,T+1_R-10,Compound,1.0,-10.0,2.0304451145029754,2.1229875506068474,0.09254243610387203,4.5577413269072835
Delta,2024,Ridge,T+1_R-10,Compound,1.0,-10.0,2.0305870274144278,2.0722845015769478,0.04169747416252001,2.0534689525527963
Ebonyi,2024,Ridge,T+1_R-10,Compound,1.0,-10.0,1.9564966462995064,1.98082015738534,0.024323511085833527,1.2432176222657327
Edo,2024,Ridge,T+1_R-10,Compound,1.0,-10.0,2.1110477155179725,2.1393752386328937,0.02832752311492115,1.3418703379696288
Ekiti,2024,Ridge,T+1_R-10,Compound,1.0,-10.0,2.043711350651248,2.06408267626918,0.02037132561793209,0.9967809598669877
Enugu,2024,Ridge,T+1_R-10,Compound,1.0,-10.0,2.0081454928192786,2.0315022397627334,0.023356746943454798,1.1631003344615114
FCT,2024,Ridge,T+1_R-10,Compound,1.0,-10.0,2.242027472634797,2.285264309969418,0.043236837334621026,1.9284704519614897
Gombe,2024,Ridge,T+1_R-10,Compound,1.0,-10.0,2.2229100314658368,2.267797465302661,0.044887433836824364,2.0193095177686784
Imo,2024,Ridge,T+1_R-10,Compound,1.0,-10.0,2.0945526450593936,2.1245353113787475,0.029982666319353868,1.431459189630618
Jigawa,2024,Ridge,T+1_R-10,Compound,1.0,-10.0,2.1819739435208776,2.2269688454538406,0.04499490193296296,2.0621191223007123
Kaduna,2024,Ridge,T+1_R-10,Compound,1.0,-10.0,2.3632044264644927,2.41857739565316,0.0553729691886673,2.34313073251597
Kano,2024,Ridge,T+1_R-10,Compound,1.0,-10.0,2.225563194098675,2.2702526232264013,0.04468942912772622,2.0080054004408923
Katsina,2024,Ridge,T+1_R-10,Compound,1.0,-10.0,2.2080260154060616,2.237262502540748,0.029236487134686406,1.3241006641540745
Kebbi,2024,Ridge,T+1_R-10,Compound,1.0,-10.0,2.632935313166964,2.6401979871727126,0.007262674005748426,0.2758394393295098
Kogi,2024,Ridge,T+1_R-10,Compound,1.0,-10.0,2.253636314716768,2.2934659027515045,0.039829588034736574,1.7673476316759775
Kwara,2024,Ridge,T+1_R-10,Compound,1.0,-10.0,2.3570629056563646,2.394270163295364,0.03720725763899946,1.5785432603309522
Lagos,2024,Ridge,T+1_R-10,Compound,1.0,-10.0,1.6751356367769583,1.6948750701802995,0.019739433403341167,1.1783782142752801
Nasarawa,2024,Ridge,T+1_R-10,Compound,1.0,-10.0,2.2116954085950713,2.2547863957827285,0.04309098718765725,1.948323761951914
Niger,2024,Ridge,T+1_R-10,Compound,1.0,-10.0,2.1097706256759228,2.1508057274291525,0.041035101753229775,1.9450029900801684
Ogun,2024,Ridge,T+1_R-10,Compound,1.0,-10.0,2.0336178540548344,2.061730248508858,0.028112394454023804,1.3823833419818992
Ondo,2024,Ridge,T+1_R-10,Compound,1.0,-10.0,2.043711350651248,2.06408267626918,0.02037132561793209,0.9967809598669877
Osun,2024,Ridge,T+1_R-10,Compound,1.0,-10.0,2.1491664004589888,2.1710406548625407,0.02187425440355195,1.017801804405669
Oyo,2024,Ridge,T+1_R-10,Compound,1.0,-10.0,2.148421707676391,2.1674046750469014,0.018982967370510195,0.883577339713304
Plateau,2024,Ridge,T+1_R-10,Compound,1.0,-10.0,2.2510678681752685,2.2935269645426595,0.04245909636739098,1.8861757554119691
Rivers,2024,Ridge,T+1_R-10,Compound,1.0,-10.0,2.26062565983569,2.291927341876544,0.031301682040853596,1.3846468522846327
Sokoto,2024,Ridge,T+1_R-10,Compound,1.0,-10.0,2.2451522787394262,2.2809754209566635,0.03582314221723726,1.5955773938572528
Taraba,2024,Ridge,T+1_R-10,Compound,1.0,-10.0,2.420993047866713,2.4724111136586773,0.051418065791964285,2.1238419431758357
Yobe,2024,Ridge,T+1_R-10,Compound,1.0,-10.0,2.1590007131913542,2.198659398961579,0.0396586857702248,1.8369000773326662
Zamfara,2024,Ridge,T+1_R-10,Compound,1.0,-10.0,2.1907240365142804,2.2368283068765122,0.04610427036223186,2.104522048134807
Abia,2024,RandomForest,T+1_R-10,Compound,1.0,-10.0,1.9242374470899457,1.84505274225774,-0.07918470483220563,-4.115121288797175
Adamawa,2024,RandomForest,T+1_R-10,Compound,1.0,-10.0,2.5210381298331286,2.5037680107855094,-0.017270119047619215,-0.6850399779063377
Akwa Ibom,2024,RandomForest,T+1_R-10,Compound,1.0,-10.0,1.868412592685091,1.8668944842194828,-0.0015181084656081811,-0.08125124351824836
Anambra,2024,RandomForest,T+1_R-10,Compound,1.0,-10.0,1.8766700360750346,1.808318092185591,-0.06835194388944354,-3.6421929575003156
Bauchi,2024,RandomForest,T+1_R-10,Compound,1.0,-10.0,2.3475265541865546,2.389390514023013,0.04186395983645852,1.783322099671195
Bayelsa,2024,RandomForest,T+1_R-10,Compound,1.0,-10.0,1.9828558646908638,1.9030076720501712,-0.07984819264069265,-4.026928737613581
Benue,2024,RandomForest,T+1_R-10,Compound,1.0,-10.0,2.737263601491102,2.6831362037037056,-0.05412739778739617,-1.9774273021389213
Borno,2024,RandomForest,T+1_R-10,Compound,1.0,-10.0,2.6590300120250134,2.663711758056759,0.004681746031745426,0.17606969498550307
Cross River,2024,RandomForest,T+1_R-10,Compound,1.0,-10.0,1.9022551720501713,1.9007370635845628,-0.0015181084656084032,-0.07980572154114578
Delta,2024,RandomForest,T+1_R-10,Compound,1.0,-10.0,1.9366485942760934,1.8616913329263314,-0.074957261349762,-3.870462693712409
Ebonyi,2024,RandomForest,T+1_R-10,Compound,1.0,-10.0,1.7944163329263332,1.788413555148555,-0.006002777777778245,-0.33452536446705866
Edo,2024,RandomForest,T+1_R-10,Compound,1.0,-10.0,2.0688820586820573,1.9015984890109887,-0.1672835696710686,-8.085698697471111
Ekiti,2024,RandomForest,T+1_R-10,Compound,1.0,-10.0,2.184954420856922,1.908463329725829,-0.27649109113109294,-12.654318483341875
Enugu,2024,RandomForest,T+1_R-10,Compound,1.0,-10.0,1.886856821789321,1.7964886080586076,-0.09036821373071335,-4.789351936360306
FCT,2024,RandomForest,T+1_R-10,Compound,1.0,-10.0,2.5084377397602404,2.8176918314093315,0.3092540916490911,12.328553615153709
Gombe,2024,RandomForest,T+1_R-10,Compound,1.0,-10.0,2.5915788844488827,2.5864611889961875,-0.005117695452695248,-0.1974740372907291
Imo,2024,RandomForest,T+1_R-10,Compound,1.0,-10.0,1.9377850873200857,1.8654232629407614,-0.07236182437932426,-3.7342543738634646
Jigawa,2024,RandomForest,T+1_R-10,Compound,1.0,-10.0,1.9830492814592822,1.9962815307840296,0.013232249324747425,0.6672678005768018
Kaduna,2024,RandomForest,T+1_R-10,Compound,1.0,-10.0,2.2874002532652513,2.1727714398564384,-0.11462881340881292,-5.011314187151152
Kano,2024,RandomForest,T+1_R-10,Compound,1.0,-10.0,1.9585134601509608,1.958184971139971,-0.00032848901098980754,-0.016772364227942954
Katsina,2024,RandomForest,T+1_R-10,Compound,1.0,-10.0,1.9979591144041133,2.061146210918711,0.06318709651459753,3.1625820598157204
Kebbi,2024,RandomForest,T+1_R-10,Compound,1.0,-10.0,2.0630674849224846,2.0887948562548564,0.025727371332371796,1.24704458387305
Kogi,2024,RandomForest,T+1_R-10,Compound,1.0,-10.0,2.7516167929292936,2.699806537999039,-0.05181025493025482,-1.882902265438607
Kwara,2024,RandomForest,T+1_R-10,Compound,1.0,-10.0,2.3339023285048293,2.7058591366041367,0.3719568080993074,15.937119713899705
Lagos,2024,RandomForest,T+1_R-10,Compound,1.0,-10.0,1.6620472915972915,1.8604255657305637,0.19837827413327225,11.935777949051202
Nasarawa,2024,RandomForest,T+1_R-10,Compound,1.0,-10.0,2.8555857335257344,2.7994050156325168,-0.05618071789321766,-1.9673973445669395
Niger,2024,RandomForest,T+1_R-10,Compound,1.0,-10.0,2.7895873544973537,2.6507364838864835,-0.1388508706108702,-4.9774698894808145
Ogun,2024,RandomForest,T+1_R-10,Compound,1.0,-10.0,2.039880582935582,1.9336037006511997,-0.10627688228438248,-5.209956071616699
Ondo,2024,RandomForest,T+1_R-10,Compound,1.0,-10.0,2.184954420856922,1.908463329725829,-0.27649109113109294,-12.654318483341875
Osun,2024,RandomForest,T+1_R-10,Compound,1.0,-10.0,1.947098117623118,2.0215582270507255,0.07446010942760761,3.824158051084931
Oyo,2024,RandomForest,T+1_R-10,Compound,1.0,-10.0,2.0064290904465896,1.9490969696969678,-0.057332120749621795,-2.8574207293246956
Plateau,2024,RandomForest,T+1_R-10,Compound,1.0,-10.0,2.262516705886705,2.270726119066119,0.008209413179414149,0.3628443121792018
Rivers,2024,RandomForest,T+1_R-10,Compound,1.0,-10.0,1.9099420239020226,1.8956511112036105,-0.014290912698412095,-0.7482380365250918
Sokoto,2024,RandomForest,T+1_R-10,Compound,1.0,-10.0,2.072815544455544,2.066787353017353,-0.006028191438191222,-0.2908214121760948
Taraba,2024,RandomForest,T+1_R-10,Compound,1.0,-10.0,2.532413990268988,2.5314449792799776,-0.000969010989010588,-0.03826431984399444
Yobe,2024,RandomForest,T+1_R-10,Compound,1.0,-10.0,1.9694176791726783,1.9697523112073108,0.00033463203463246494,0.01699142026454432
Zamfara,2024,RandomForest,T+1_R-10,Compound,1.0,-10.0,2.009601931586932,2.0353663095238095,0.02576437793687747,1.28206375262249
Abia,2024,LightGBM,T+1_R-10,Compound,1.0,-10.0,1.8857182803461676,1.7920685877988143,-0.09364969254735334,-4.966261054125314
Adamawa,2024,LightGBM,T+1_R-10,Compound,1.0,-10.0,2.7029347260592815,2.728240003577467,0.025305277518185676,0.9362148953955417
Akwa Ibom,2024,LightGBM,T+1_R-10,Compound,1.0,-10.0,1.7518811138048203,1.7737536521493276,0.02187253834450731,1.248517275068025
Anambra,2024,LightGBM,T+1_R-10,Compound,1.0,-10.0,1.9608427375996522,1.7935264573110434,-0.1673162802886088,-8.53287604764406
Bauchi,2024,LightGBM,T+1_R-10,Compound,1.0,-10.0,2.288970852812262,2.5669846066286306,0.2780137538163685,12.145797028162104
Bayelsa,2024,LightGBM,T+1_R-10,Compound,1.0,-10.0,1.9780597189458775,1.8419817436227575,-0.13607797532312005,-6.879366382104833
Benue,2024,LightGBM,T+1_R-10,Compound,1.0,-10.0,2.6716814124765933,2.6150394646933792,-0.056641947783214075,-2.1200861569309706
Borno,2024,LightGBM,T+1_R-10,Compound,1.0,-10.0,2.5538667935889894,2.5601442292499033,0.006277435660913877,0.24580121706708505
Cross River,2024,LightGBM,T+1_R-10,Compound,1.0,-10.0,1.7929998542711614,1.8106402943215127,0.01764044005035137,0.983850612610454
Delta,2024,LightGBM,T+1_R-10,Compound,1.0,-10.0,1.9705492690557629,1.8032329887671534,-0.16731628028860945,-8.490844807386276
Ebonyi,2024,LightGBM,T+1_R-10,Compound,1.0,-10.0,1.8361117699485616,1.7872350116394997,-0.04887675830906191,-2.6619707530348866
Edo,2024,LightGBM,T+1_R-10,Compound,1.0,-10.0,2.0208195123023867,1.8794902860178289,-0.1413292262845578,-6.993659029130055
Ekiti,2024,LightGBM,T+1_R-10,Compound,1.0,-10.0,2.12982541303054,2.013964469073441,-0.11586094395709878,-5.439926824435794
Enugu,2024,LightGBM,T+1_R-10,Compound,1.0,-10.0,1.9718888257207303,1.7917395978639885,-0.1801492278567418,-9.13587142981536
FCT,2024,LightGBM,T+1_R-10,Compound,1.0,-10.0,2.675089302187353,2.8225722402577658,0.14748293807041257,5.513196809909093
Gombe,2024,LightGBM,T+1_R-10,Compound,1.0,-10.0,2.757550720508127,2.7099674559591276,-0.047583264548999527,-1.7255626232046777
Imo,2024,LightGBM,T+1_R-10,Compound,1.0,-10.0,1.9852379020439388,1.7963301048660543,-0.18890779717788453,-9.51562515421406
Jigawa,2024,LightGBM,T+1_R-10,Compound,1.0,-10.0,2.1719872802994367,2.1871561955927734,0.015168915293336749,0.6983887719289735
Kaduna,2024,LightGBM,T+1_R-10,Compound,1.0,-10.0,2.150619625529219,2.0344801794769922,-0.1161394460522267,-5.400278351112294
Kano,2024,LightGBM,T+1_R-10,Compound,1.0,-10.0,2.1392041565082125,2.132525030681555,-0.006679125826657639,-0.3122247966065972
Katsina,2024,LightGBM,T+1_R-10,Compound,1.0,-10.0,1.9519067976449578,2.1961638067587295,0.24425700911377168,12.51376394654069
Kebbi,2024,LightGBM,T+1_R-10,Compound,1.0,-10.0,2.073716090789913,2.121429704248033,0.04771361345811975,2.300874920633173
Kogi,2024,LightGBM,T+1_R-10,Compound,1.0,-10.0,2.777658283495822,2.7374412118031692,-0.04021707169265287,-1.4478768656178136
Kwara,2024,LightGBM,T+1_R-10,Compound,1.0,-10.0,2.320563274323994,2.8337870056645458,0.5132237313405517,22.11634291635764
Lagos,2024,LightGBM,T+1_R-10,Compound,1.0,-10.0,1.7457696534864193,1.8545272050961343,0.10875755160971501,6.2297767287063825
Nasarawa,2024,LightGBM,T+1_R-10,Compound,1.0,-10.0,2.8528243385884564,2.887358100818906,0.03453376223044957,1.2105113435598513
Niger,2024,LightGBM,T+1_R-10,Compound,1.0,-10.0,2.7142918549452477,2.6808369226688487,-0.03345493227639906,-1.2325473480475782
Ogun,2024,LightGBM,T+1_R-10,Compound,1.0,-10.0,2.201893978512967,2.0122488710753323,-0.18964510743763485,-8.612817387588764
Ondo,2024,LightGBM,T+1_R-10,Compound,1.0,-10.0,2.12982541303054,2.013964469073441,-0.11586094395709878,-5.439926824435794
Osun,2024,LightGBM,T+1_R-10,Compound,1.0,-10.0,1.6977145580657644,2.068755077400437,0.37104051933467264,21.85529467081943
Oyo,2024,LightGBM,T+1_R-10,Compound,1.0,-10.0,1.9520850306715005,1.947619505360823,-0.004465525310677565,-0.2287567006823193
Plateau,2024,LightGBM,T+1_R-10,Compound,1.0,-10.0,2.117811946993451,2.300097979895982,0.18228603290253131,8.607281357597092
Rivers,2024,LightGBM,T+1_R-10,Compound,1.0,-10.0,1.824341303572406,1.8242495301035753,-9.177346883082471e-05,-0.005030498879300428
Sokoto,2024,LightGBM,T+1_R-10,Compound,1.0,-10.0,2.2195111565910786,2.2629380307832596,0.04342687419218105,1.9565963461467741
Taraba,2024,LightGBM,T+1_R-10,Compound,1.0,-10.0,2.638245673999239,2.6045987067601426,-0.03364696723909644,-1.2753538296565077
Yobe,2024,LightGBM,T+1_R-10,Compound,1.0,-10.0,1.8688686944973276,2.052512951550291,0.1836442570529635,9.826493300127678
Zamfara,2024,LightGBM,T+1_R-10,Compound,1.0,-10.0,1.9801238613872905,2.0265955413174233,0.04647167993013279,2.346907728164761
Abia,2024,Ridge,T+1_R-20,Compound,1.0,-20.0,2.1076467263764957,2.1410151334298577,0.03336840705336197,1.5832068361252145
Adamawa,2024,Ridge,T+1_R-20,Compound,1.0,-20.0,2.228160901514541,2.2508217817853216,0.022660880270780392,1.0170217175688336
Akwa Ibom,2024,Ridge,T+1_R-20,Compound,1.0,-20.0,1.8726490601751038,1.9744451507249448,0.10179609054984096,5.435940599586899
Anambra,2024,Ridge,T+1_R-20,Compound,1.0,-20.0,1.995924798496167,2.0446277321467448,0.04870293365057776,2.440118670165984
Bauchi,2024,Ridge,T+1_R-20,Compound,1.0,-20.0,2.1911408567156014,2.2314916755269487,0.04035081881134728,1.8415438098229302
Bayelsa,2024,Ridge,T+1_R-20,Compound,1.0,-20.0,2.1283699370790585,2.1732912533644946,0.04492131628543605,2.1105971994269646
Benue,2024,Ridge,T+1_R-20,Compound,1.0,-20.0,2.19856824250258,2.2432143616803013,0.04464611917772121,2.0306906246813403
Borno,2024,Ridge,T+1_R-20,Compound,1.0,-20.0,2.0703928745107003,2.105473729520633,0.035080855009932854,1.6944057063673763
Cross River,2024,Ridge,T+1_R-20,Compound,1.0,-20.0,2.0304451145029754,2.132241205052816,0.10179609054984073,5.013486443082654
Delta,2024,Ridge,T+1_R-20,Compound,1.0,-20.0,2.0305870274144278,2.0792899610650055,0.04870293365057776,2.398465714251697
Ebonyi,2024,Ridge,T+1_R-20,Compound,1.0,-20.0,1.9564966462995064,1.9843364443634102,0.027839798063903798,1.4229412616964945
Edo,2024,Ridge,T+1_R-20,Compound,1.0,-20.0,2.1110477155179725,2.146895537640051,0.03584782212207838,1.6981057253498724
Ekiti,2024,Ridge,T+1_R-20,Compound,1.0,-20.0,2.043711350651248,2.063646777779348,0.019935427128099814,0.9754521900437262
Enugu,2024,Ridge,T+1_R-20,Compound,1.0,-20.0,2.0081454928192786,2.034051762598424,0.02590626977914523,1.2900594041507851
FCT,2024,Ridge,T+1_R-20,Compound,1.0,-20.0,2.242027472634797,2.285954678976681,0.04392720634188407,1.9592626262630708
Gombe,2024,Ridge,T+1_R-20,Compound,1.0,-20.0,2.2229100314658368,2.3427557426289054,0.11984571116306864,5.39138829132188
Imo,2024,Ridge,T+1_R-20,Compound,1.0,-20.0,2.0945526450593936,2.1337107535903375,0.039158108530943814,1.8695213330306832
Jigawa,2024,Ridge,T+1_R-20,Compound,1.0,-20.0,2.1819739435208776,2.2187258474760387,0.03675190395516115,1.6843420181204147
Kaduna,2024,Ridge,T+1_R-20,Compound,1.0,-20.0,2.3632044264644927,2.4207124649310625,0.05750803846656982,2.4334770967150554
Kano,2024,Ridge,T+1_R-20,Compound,1.0,-20.0,2.225563194098675,2.2617041524433623,0.036140958344687224,1.6239016910649378
Katsina,2024,Ridge,T+1_R-20,Compound,1.0,-20.0,2.2080260154060616,2.2132610897646705,0.0052350743586089266,0.23709296548510925
Kebbi,2024,Ridge,T+1_R-20,Compound,1.0,-20.0,2.632935313166964,2.594222761267696,-0.038712551899268366,-1.4703191417454113
Kogi,2024,Ridge,T+1_R-20,Compound,1.0,-20.0,2.253636314716768,2.2907490224588827,0.037112707742114726,1.6467922308386733
Kwara,2024,Ridge,T+1_R-20,Compound,1.0,-20.0,2.3570629056563646,2.3889309526070055,0.03186804695064094,1.3520236084563357
Lagos,2024,Ridge,T+1_R-20,Compound,1.0,-20.0,1.6751356367769583,1.693807279475876,0.018671642698917745,1.1146346772756195
Nasarawa,2024,Ridge,T+1_R-20,Compound,1.0,-20.0,2.2116954085950713,2.255330914643028,0.04363550604795652,1.9729437371159064
Niger,2024,Ridge,T+1_R-20,Compound,1.0,-20.0,2.1097706256759228,2.149294360855025,0.039523735179102015,1.873366455011644
Ogun,2024,Ridge,T+1_R-20,Compound,1.0,-20.0,2.0336178540548344,2.0620930235717694,0.02847516951693496,1.4002222423528723
Ondo,2024,Ridge,T+1_R-20,Compound,1.0,-20.0,2.043711350651248,2.063646777779348,0.019935427128099814,0.9754521900437262
Osun,2024,Ridge,T+1_R-20,Compound,1.0,-20.0,2.1491664004589888,2.1721076851583283,0.022941284699339537,1.0674503702663536
Oyo,2024,Ridge,T+1_R-20,Compound,1.0,-20.0,2.148421707676391,2.165580418309647,0.017158710633256025,0.7986658565191047
Plateau,2024,Ridge,T+1_R-20,Compound,1.0,-20.0,2.2510678681752685,2.2934395925826925,0.04237172440742398,1.882294399314171
Rivers,2024,Ridge,T+1_R-20,Compound,1.0,-20.0,2.26062565983569,2.3024217998096335,0.04179613997394327,1.848874880814241
Sokoto,2024,Ridge,T+1_R-20,Compound,1.0,-20.0,2.2451522787394262,2.2635606632631355,0.018408384523709298,0.8199169694647598
Taraba,2024,Ridge,T+1_R-20,Compound,1.0,-20.0,2.420993047866713,2.463648884256528,0.04265583638981507,1.7619148649518745
Yobe,2024,Ridge,T+1_R-20,Compound,1.0,-20.0,2.1590007131913542,2.1850801848210386,0.02607947162968438,1.2079417792843006
Zamfara,2024,Ridge,T+1_R-20,Compound,1.0,-20.0,2.1907240365142804,2.229694677327979,0.0389706408136985,1.7788931953157245
Abia,2024,RandomForest,T+1_R-20,Compound,1.0,-20.0,1.9242374470899457,1.8460314724164706,-0.07820597467347512,-4.064258015129434
Adamawa,2024,RandomForest,T+1_R-20,Compound,1.0,-20.0,2.5210381298331286,2.5027521906796886,-0.018285939153440012,-0.7253337003137825
Akwa Ibom,2024,RandomForest,T+1_R-20,Compound,1.0,-20.0,1.868412592685091,1.847963813686312,-0.02044877899877906,-1.094446648392161
Anambra,2024,RandomForest,T+1_R-20,Compound,1.0,-20.0,1.8766700360750346,1.8071472191697182,-0.06952281690531636,-3.704583947571306
Bauchi,2024,RandomForest,T+1_R-20,Compound,1.0,-20.0,2.3475265541865546,2.3824106992081986,0.03488414502164394,1.4859957583624313
Bayelsa,2024,RandomForest,T+1_R-20,Compound,1.0,-20.0,1.9828558646908638,1.8854570015169998,-0.09739886317386404,-4.912049580015689
Benue,2024,RandomForest,T+1_R-20,Compound,1.0,-20.0,2.737263601491102,2.668596243386245,-0.06866735810485691,-2.5086132759538007
Borno,2024,RandomForest,T+1_R-20,Compound,1.0,-20.0,2.6590300120250134,2.6658054088504097,0.006775396825396296,0.25480708358896703
Cross River,2024,RandomForest,T+1_R-20,Compound,1.0,-20.0,1.9022551720501713,1.882942504162503,-0.019312667887668278,-1.015251169844574
Delta,2024,RandomForest,T+1_R-20,Compound,1.0,-20.0,1.9366485942760934,1.8614728408628394,-0.075175753413254,-3.8817446611347792
Ebonyi,2024,RandomForest,T+1_R-20,Compound,1.0,-20.0,1.7944163329263332,1.788413555148555,-0.006002777777778245,-0.33452536446705866
Edo,2024,RandomForest,T+1_R-20,Compound,1.0,-20.0,2.0688820586820573,1.9020084096459091,-0.1668736490361482,-8.065885067535069
Ekiti,2024,RandomForest,T+1_R-20,Compound,1.0,-20.0,2.184954420856922,1.9056234090909083,-0.2793310117660137,-12.784294679083615
Enugu,2024,RandomForest,T+1_R-20,Compound,1.0,-20.0,1.886856821789321,1.7943286080586074,-0.09252821373071352,-4.903828030945575
FCT,2024,RandomForest,T+1_R-20,Compound,1.0,-20.0,2.5084377397602404,2.8213007202982205,0.3128629805379801,12.472423595727115
Gombe,2024,RandomForest,T+1_R-20,Compound,1.0,-20.0,2.5915788844488827,2.5747286259111255,-0.016850258537757234,-0.6501927700858142
Imo,2024,RandomForest,T+1_R-20,Compound,1.0,-20.0,1.9377850873200857,1.85008655178155,-0.0876985355385358,-4.525710106471144
Jigawa,2024,RandomForest,T+1_R-20,Compound,1.0,-20.0,1.9830492814592822,1.977578226310726,-0.00547105514855617,-0.27589103305239804
Kaduna,2024,RandomForest,T+1_R-20,Compound,1.0,-20.0,2.2874002532652513,2.171895950438449,-0.11550430282680235,-5.049588617554824
Kano,2024,RandomForest,T+1_R-20,Compound,1.0,-20.0,1.9585134601509608,1.9533255772005775,-0.005187882950383305,-0.2648888075542471
Katsina,2024,RandomForest,T+1_R-20,Compound,1.0,-20.0,1.9979591144041133,2.050736647426647,0.05277753302253374,2.6415722244784035
Kebbi,2024,RandomForest,T+1_R-20,Compound,1.0,-20.0,2.0630674849224846,2.088794856254856,0.02572737133237135,1.2470445838730284
Kogi,2024,RandomForest,T+1_R-20,Compound,1.0,-20.0,2.7516167929292936,2.6869729665704676,-0.06464382635882604,-2.3493033813770285
Kwara,2024,RandomForest,T+1_R-20,Compound,1.0,-20.0,2.3339023285048293,2.7056131709956714,0.3717108424908422,15.926580900622852
Lagos,2024,RandomForest,T+1_R-20,Compound,1.0,-20.0,1.6620472915972915,1.8602070736670722,0.1981597820697807,11.922631989571217
Nasarawa,2024,RandomForest,T+1_R-20,Compound,1.0,-20.0,2.8555857335257344,2.783040293410294,-0.0725454401154404,-2.540474945778287
Niger,2024,RandomForest,T+1_R-20,Compound,1.0,-20.0,2.7895873544973537,2.6479231505531504,-0.14166420394420332,-5.0783211257325656
Ogun,2024,RandomForest,T+1_R-20,Compound,1.0,-20.0,2.039880582935582,1.8634957905982894,-0.17638479233729276,-8.646819515457041
Ondo,2024,RandomForest,T+1_R-20,Compound,1.0,-20.0,2.184954420856922,1.9056234090909083,-0.2793310117660137,-12.784294679083615
Osun,2024,RandomForest,T+1_R-20,Compound,1.0,-20.0,1.947098117623118,1.9242086363636348,-0.02288948125948309,-1.1755689686262436
Oyo,2024,RandomForest,T+1_R-20,Compound,1.0,-20.0,2.0064290904465896,1.8677273484848471,-0.13870174196174245,-6.912865379701523
Plateau,2024,RandomForest,T+1_R-20,Compound,1.0,-20.0,2.262516705886705,2.258742838642837,-0.0037738672438676346,-0.16679953054263152
Rivers,2024,RandomForest,T+1_R-20,Compound,1.0,-20.0,1.9099420239020226,1.8880361681836666,-0.021905855718356015,-1.1469382548901785
Sokoto,2024,RandomForest,T+1_R-20,Compound,1.0,-20.0,2.072815544455544,2.0652711360861353,-0.007544408369408728,-0.3639691138745479
Taraba,2024,RandomForest,T+1_R-20,Compound,1.0,-20.0,2.532413990268988,2.520136143301142,-0.012277846967846173,-0.4848277973121624
Yobe,2024,RandomForest,T+1_R-20,Compound,1.0,-20.0,1.9694176791726783,1.9663917556517554,-0.003025923520922902,-0.15364559549369158
Zamfara,2024,RandomForest,T+1_R-20,Compound,1.0,-20.0,2.009601931586932,1.9979624358974362,-0.011639495689495849,-0.5791940934443884
Abia,2024,LightGBM,T+1_R-20,Compound,1.0,-20.0,1.8857182803461676,1.7920685877988143,-0.09364969254735334,-4.966261054125314
Adamawa,2024,LightGBM,T+1_R-20,Compound,1.0,-20.0,2.7029347260592815,2.6857200842811313,-0.01721464177815024,-0.6368870699015425
Akwa Ibom,2024,LightGBM,T+1_R-20,Compound,1.0,-20.0,1.7518811138048203,1.7516683090969738,-0.000212804707846459,-0.012147211712573316
Anambra,2024,LightGBM,T+1_R-20,Compound,1.0,-20.0,1.9608427375996522,1.7935264573110434,-0.1673162802886088,-8.53287604764406
Bauchi,2024,LightGBM,T+1_R-20,Compound,1.0,-20.0,2.288970852812262,2.5661712398261782,0.27720038701391614,12.110262857796718
Bayelsa,2024,LightGBM,T+1_R-20,Compound,1.0,-20.0,1.9780597189458775,1.7824715701523366,-0.19558814879354092,-9.887878860288975
Benue,2024,LightGBM,T+1_R-20,Compound,1.0,-20.0,2.6716814124765933,2.6150394646933792,-0.056641947783214075,-2.1200861569309706
Borno,2024,LightGBM,T+1_R-20,Compound,1.0,-20.0,2.5538667935889894,2.5572272614078777,0.003360467818888324,0.13158351983447836
Cross River,2024,LightGBM,T+1_R-20,Compound,1.0,-20.0,1.7929998542711614,1.7824715701523366,-0.010528284118824782,-0.5871882305927145
Delta,2024,LightGBM,T+1_R-20,Compound,1.0,-20.0,1.9705492690557629,1.8032329887671534,-0.16731628028860945,-8.490844807386276
Ebonyi,2024,LightGBM,T+1_R-20,Compound,1.0,-20.0,1.8361117699485616,1.7872350116394997,-0.04887675830906191,-2.6619707530348866
Edo,2024,LightGBM,T+1_R-20,Compound,1.0,-20.0,2.0208195123023867,1.8259632674310162,-0.19485624487137043,-9.642436827491053
Ekiti,2024,LightGBM,T+1_R-20,Compound,1.0,-20.0,2.12982541303054,2.013964469073441,-0.11586094395709878,-5.439926824435794
Enugu,2024,LightGBM,T+1_R-20,Compound,1.0,-20.0,1.9718888257207303,1.7917395978639885,-0.1801492278567418,-9.13587142981536
FCT,2024,LightGBM,T+1_R-20,Compound,1.0,-20.0,2.675089302187353,2.8400842748126105,0.1649949726252573,6.16783045300002
Gombe,2024,LightGBM,T+1_R-20,Compound,1.0,-20.0,2.757550720508127,2.6696122429013496,-0.08793847760677753,-3.1890067135582303
Imo,2024,LightGBM,T+1_R-20,Compound,1.0,-20.0,1.9852379020439388,1.7754320873161846,-0.20980581472775417,-10.568295845638685
Jigawa,2024,LightGBM,T+1_R-20,Compound,1.0,-20.0,2.1719872802994367,2.166172283870314,-0.005814996429122754,-0.2677270019887539
Kaduna,2024,LightGBM,T+1_R-20,Compound,1.0,-20.0,2.150619625529219,2.1120399251511053,-0.038579700378113646,-1.7938876740520793
Kano,2024,LightGBM,T+1_R-20,Compound,1.0,-20.0,2.1392041565082125,2.1367144275094154,-0.0024897289987970694,-0.11638575921902718
Katsina,2024,LightGBM,T+1_R-20,Compound,1.0,-20.0,1.9519067976449578,2.1928314922481342,0.24092469460317645,12.343042961572772
Kebbi,2024,LightGBM,T+1_R-20,Compound,1.0,-20.0,2.073716090789913,2.119293159829365,0.045577069039452134,2.1978451747505643
Kogi,2024,LightGBM,T+1_R-20,Compound,1.0,-20.0,2.777658283495822,2.6727520775239952,-0.10490620597182687,-3.7767858845400215
Kwara,2024,LightGBM,T+1_R-20,Compound,1.0,-20.0,2.320563274323994,2.7567545609751782,0.4361912866511841,18.796784878802818
Lagos,2024,LightGBM,T+1_R-20,Compound,1.0,-20.0,1.7457696534864193,1.8437803676234683,0.09801071413704898,5.614183631919309
Nasarawa,2024,LightGBM,T+1_R-20,Compound,1.0,-20.0,2.8528243385884564,2.8406130513673356,-0.012211287221120859,-0.4280420303467706
Niger,2024,LightGBM,T+1_R-20,Compound,1.0,-20.0,2.7142918549452477,2.6808369226688487,-0.03345493227639906,-1.2325473480475782
Ogun,2024,LightGBM,T+1_R-20,Compound,1.0,-20.0,2.201893978512967,1.8319069591756456,-0.3699870193373216,-16.80312598825442
Ondo,2024,LightGBM,T+1_R-20,Compound,1.0,-20.0,2.12982541303054,2.013964469073441,-0.11586094395709878,-5.439926824435794
Osun,2024,LightGBM,T+1_R-20,Compound,1.0,-20.0,1.6977145580657644,1.8772319857829898,0.17951742771722534,10.574064224421369
Oyo,2024,LightGBM,T+1_R-20,Compound,1.0,-20.0,1.9520850306715005,1.7560964137433746,-0.19598861692812597,-10.039963108610467
Plateau,2024,LightGBM,T+1_R-20,Compound,1.0,-20.0,2.117811946993451,2.2765789918708186,0.1587670448773677,7.496748948968824
Rivers,2024,LightGBM,T+1_R-20,Compound,1.0,-20.0,1.824341303572406,1.7824715701523366,-0.0418697334200695,-2.295060323311248
Sokoto,2024,LightGBM,T+1_R-20,Compound,1.0,-20.0,2.2195111565910786,2.2596057162726644,0.04009455968158582,1.8064590287154305
Taraba,2024,LightGBM,T+1_R-20,Compound,1.0,-20.0,2.638245673999239,2.639799213766387,0.0015535397671477824,0.05888533363129966
Yobe,2024,LightGBM,T+1_R-20,Compound,1.0,-20.0,1.8688686944973276,2.015719044340561,0.1468503498432332,7.857713614424461
Zamfara,2024,LightGBM,T+1_R-20,Compound,1.0,-20.0,1.9801238613872905,1.9985196042948312,0.018395742907540757,0.9290198086221008
Abia,2024,Ridge,T+1_R-30,Compound,1.0,-30.0,2.1076467263764957,2.1472957249026567,0.039648998526160995,1.8811975474811318
Adamawa,2024,Ridge,T+1_R-30,Compound,1.0,-30.0,2.228160901514541,2.235533271965329,0.0073723704507879795,0.3308724448838852
Akwa Ibom,2024,Ridge,T+1_R-30,Compound,1.0,-30.0,1.8726490601751038,1.990641200454262,0.11799214027915816,6.300814327064848
Anambra,2024,Ridge,T+1_R-30,Compound,1.0,-30.0,1.995924798496167,2.051633191634803,0.05570839313863596,2.791106818283412
Bauchi,2024,Ridge,T+1_R-30,Compound,1.0,-30.0,2.1911408567156014,2.2250481349772393,0.03390727826163786,1.5474714077698772
Bayelsa,2024,Ridge,T+1_R-30,Compound,1.0,-30.0,2.1283699370790585,2.185348299453331,0.05697836237427234,2.677089230665819
Benue,2024,Ridge,T+1_R-30,Compound,1.0,-30.0,2.19856824250258,2.25814897767218,0.05958073516959983,2.7099788861582224
Borno,2024,Ridge,T+1_R-30,Compound,1.0,-30.0,2.0703928745107003,2.096395207070217,0.026002332559516894,1.2559129660674704
Cross River,2024,Ridge,T+1_R-30,Compound,1.0,-30.0,2.0304451145029754,2.1484372547821335,0.11799214027915816,5.8111465036099235
Delta,2024,Ridge,T+1_R-30,Compound,1.0,-30.0,2.0305870274144278,2.0862954205530637,0.05570839313863596,2.7434624759506203
Ebonyi,2024,Ridge,T+1_R-30,Compound,1.0,-30.0,1.9564966462995064,1.9878527313414802,0.03135608504197385,1.602664901127245
Edo,2024,Ridge,T+1_R-30,Compound,1.0,-30.0,2.1110477155179725,2.1544158366472086,0.04336812112923605,2.0543411127301368
Ekiti,2024,Ridge,T+1_R-30,Compound,1.0,-30.0,2.043711350651248,2.0632108792895156,0.019499528638267538,0.9541234202204645
Enugu,2024,Ridge,T+1_R-30,Compound,1.0,-30.0,2.0081454928192786,2.057428471284161,0.04928297846488228,2.454153777259079
FCT,2024,Ridge,T+1_R-30,Compound,1.0,-30.0,2.242027472634797,2.2866450479839435,0.044617575349146676,1.9900548005646324
Gombe,2024,Ridge,T+1_R-30,Compound,1.0,-30.0,2.2229100314658368,2.3344052765549637,0.1114952450891269,5.0157335884441725
Imo,2024,Ridge,T+1_R-30,Compound,1.0,-30.0,2.0945526450593936,2.1428861958019274,0.04833355074253376,2.307583476430749
Jigawa,2024,Ridge,T+1_R-30,Compound,1.0,-30.0,2.1819739435208776,2.210482849498237,0.028508905977359333,1.3065649139401172
Kaduna,2024,Ridge,T+1_R-30,Compound,1.0,-30.0,2.3632044264644927,2.4228475342089646,0.0596431077444719,2.5238234609141226
Kano,2024,Ridge,T+1_R-30,Compound,1.0,-30.0,2.225563194098675,2.2531556816603233,0.027592487561648227,1.2397979816889826
Katsina,2024,Ridge,T+1_R-30,Compound,1.0,-30.0,2.2080260154060616,2.1892596769885926,-0.018766338417468997,-0.849914733183876
Kebbi,2024,Ridge,T+1_R-30,Compound,1.0,-30.0,2.632935313166964,2.548247535362679,-0.08468777780428516,-3.2164777228203323
Kogi,2024,Ridge,T+1_R-30,Compound,1.0,-30.0,2.253636314716768,2.288032142166261,0.03439582744949288,1.5262368300013691
Kwara,2024,Ridge,T+1_R-30,Compound,1.0,-30.0,2.3570629056563646,2.3835917419186465,0.026528836262281974,1.1255039565817004
Lagos,2024,Ridge,T+1_R-30,Compound,1.0,-30.0,1.6751356367769583,1.6927394887714529,0.017603851994494546,1.0508911402759722
Nasarawa,2024,Ridge,T+1_R-30,Compound,1.0,-30.0,2.2116954085950713,2.255875433503327,0.04418002490825579,1.997563712279899
Niger,2024,Ridge,T+1_R-30,Compound,1.0,-30.0,2.1097706256759228,2.1477829942808975,0.0380123686049747,1.8017299199431407
Ogun,2024,Ridge,T+1_R-30,Compound,1.0,-30.0,2.0336178540548344,2.06245579863468,0.028837944579845676,1.4180611427238232
Ondo,2024,Ridge,T+1_R-30,Compound,1.0,-30.0,2.043711350651248,2.0632108792895156,0.019499528638267538,0.9541234202204645
Osun,2024,Ridge,T+1_R-30,Compound,1.0,-30.0,2.1491664004589888,2.1731747154541163,0.024008314995127567,1.1170989361270587
Oyo,2024,Ridge,T+1_R-30,Compound,1.0,-30.0,2.148421707676391,2.1706985568557413,0.022276849179350133,1.0368936926932975
Plateau,2024,Ridge,T+1_R-30,Compound,1.0,-30.0,2.2510678681752685,2.2933522206227255,0.042284352447456985,1.8784130432163728
Rivers,2024,Ridge,T+1_R-30,Compound,1.0,-30.0,2.26062565983569,2.3129162577427236,0.05229059790703339,2.3131029093438693
Sokoto,2024,Ridge,T+1_R-30,Compound,1.0,-30.0,2.2451522787394262,2.2461459055696076,0.0009936268301813378,0.04425654507226673
Taraba,2024,Ridge,T+1_R-30,Compound,1.0,-30.0,2.420993047866713,2.4548866548543784,0.033893606987665414,1.3999877867278954
Yobe,2024,Ridge,T+1_R-30,Compound,1.0,-30.0,2.1590007131913542,2.171500970680498,0.012500257489143962,0.5789834812359348
Zamfara,2024,Ridge,T+1_R-30,Compound,1.0,-30.0,2.1907240365142804,2.2781002100462358,0.08737617353195537,3.9884609871256056
Abia,2024,RandomForest,T+1_R-30,Compound,1.0,-30.0,1.9242374470899457,1.8460314724164706,-0.07820597467347512,-4.064258015129434
Adamawa,2024,RandomForest,T+1_R-30,Compound,1.0,-30.0,2.5210381298331286,2.4979525081400067,-0.023085621693121894,-0.91571886279443
Akwa Ibom,2024,RandomForest,T+1_R-30,Compound,1.0,-30.0,1.868412592685091,1.8471504406704393,-0.021262152014651647,-1.1379794857888355
Anambra,2024,RandomForest,T+1_R-30,Compound,1.0,-30.0,1.8766700360750346,1.8071472191697187,-0.06952281690531592,-3.704583947571282
Bauchi,2024,RandomForest,T+1_R-30,Compound,1.0,-30.0,2.3475265541865546,2.3798438738113727,0.0323173196248181,1.3766540602994979
Bayelsa,2024,RandomForest,T+1_R-30,Compound,1.0,-30.0,1.9828558646908638,1.8846436285011274,-0.0982122361897364,-4.953069859419566
Benue,2024,RandomForest,T+1_R-30,Compound,1.0,-30.0,2.737263601491102,2.680766124338626,-0.056497477152475994,-2.0640130209490772
Borno,2024,RandomForest,T+1_R-30,Compound,1.0,-30.0,2.6590300120250134,2.6726744564694567,0.013644444444443238,0.5131361580252403
Cross River,2024,RandomForest,T+1_R-30,Compound,1.0,-30.0,1.9022551720501713,1.8821291311466306,-0.020126040903540643,-1.0580095246553929
Delta,2024,RandomForest,T+1_R-30,Compound,1.0,-30.0,1.9366485942760934,1.8614728408628394,-0.075175753413254,-3.8817446611347792
Ebonyi,2024,RandomForest,T+1_R-30,Compound,1.0,-30.0,1.7944163329263332,1.7884135551485558,-0.006002777777777357,-0.3345253644670092
Edo,2024,RandomForest,T+1_R-30,Compound,1.0,-30.0,2.0688820586820573,1.9020084096459091,-0.1668736490361482,-8.065885067535069
Ekiti,2024,RandomForest,T+1_R-30,Compound,1.0,-30.0,2.184954420856922,1.9056234090909092,-0.2793310117660128,-12.784294679083574
Enugu,2024,RandomForest,T+1_R-30,Compound,1.0,-30.0,1.886856821789321,1.7943286080586078,-0.09252821373071307,-4.903828030945552
FCT,2024,RandomForest,T+1_R-30,Compound,1.0,-30.0,2.5084377397602404,2.801556011303511,0.29311827154327075,11.685291880965217
Gombe,2024,RandomForest,T+1_R-30,Compound,1.0,-30.0,2.5915788844488827,2.5694285200910185,-0.022150364357864216,-0.8547053879309039
Imo,2024,RandomForest,T+1_R-30,Compound,1.0,-30.0,1.9377850873200857,1.8528472660672644,-0.08493782125282134,-4.38324259014133
Jigawa,2024,RandomForest,T+1_R-30,Compound,1.0,-30.0,1.9830492814592822,1.9670478294853289,-0.016001451973953307,-0.8069114632480637
Kaduna,2024,RandomForest,T+1_R-30,Compound,1.0,-30.0,2.2874002532652513,2.1713708313908295,-0.11602942187442178,-5.072545642538529
Kano,2024,RandomForest,T+1_R-30,Compound,1.0,-30.0,1.9585134601509608,1.9402512914862917,-0.01826216866466912,-0.9324505057658111
Katsina,2024,RandomForest,T+1_R-30,Compound,1.0,-30.0,1.9979591144041133,2.0403509463684455,0.04239183196433216,2.1217567295903064
Kebbi,2024,RandomForest,T+1_R-30,Compound,1.0,-30.0,2.0630674849224846,2.0888091419691417,0.025741657046657096,1.2477370340420195
Kogi,2024,RandomForest,T+1_R-30,Compound,1.0,-30.0,2.7516167929292936,2.681389633237134,-0.07022715969215954,-2.552214388014317
Kwara,2024,RandomForest,T+1_R-30,Compound,1.0,-30.0,2.3339023285048293,2.6950625096200103,0.361160181115181,15.474519936168516
Lagos,2024,RandomForest,T+1_R-30,Compound,1.0,-30.0,1.6620472915972915,1.8602070736670722,0.1981597820697807,11.922631989571217
Nasarawa,2024,RandomForest,T+1_R-30,Compound,1.0,-30.0,2.8555857335257344,2.775320452140453,-0.08026528138528155,-2.810816724671741
Niger,2024,RandomForest,T+1_R-30,Compound,1.0,-30.0,2.7895873544973537,2.6446375949975947,-0.14494975949975908,-5.196100393345706
Ogun,2024,RandomForest,T+1_R-30,Compound,1.0,-30.0,2.039880582935582,1.866794203296702,-0.17308637963888018,-8.485123153130484
Ondo,2024,RandomForest,T+1_R-30,Compound,1.0,-30.0,2.184954420856922,1.9056234090909092,-0.2793310117660128,-12.784294679083574
Osun,2024,RandomForest,T+1_R-30,Compound,1.0,-30.0,1.947098117623118,1.9232595490620479,-0.023838568561070028,-1.224312649953691
Oyo,2024,RandomForest,T+1_R-30,Compound,1.0,-30.0,2.0064290904465896,1.8696079040404028,-0.1368211864061868,-6.819138889963623
Plateau,2024,RandomForest,T+1_R-30,Compound,1.0,-30.0,2.262516705886705,2.256267141192141,-0.006249564694563947,-0.2762218143319598
Rivers,2024,RandomForest,T+1_R-30,Compound,1.0,-30.0,1.9099420239020226,1.8911755729455717,-0.01876645095645091,-0.9825665240932779
Sokoto,2024,RandomForest,T+1_R-30,Compound,1.0,-30.0,2.072815544455544,2.035592392699892,-0.03722315175565205,-1.7957773355771156
Taraba,2024,RandomForest,T+1_R-30,Compound,1.0,-30.0,2.532413990268988,2.5099906935656926,-0.02242329670329557,-0.8854514621013372
Yobe,2024,RandomForest,T+1_R-30,Compound,1.0,-30.0,1.9694176791726783,1.9558015003515001,-0.01361617882117816,-0.6913809581976589
Zamfara,2024,RandomForest,T+1_R-30,Compound,1.0,-30.0,2.009601931586932,2.0115327665852667,0.001930834998334685,0.09608047086270231
Abia,2024,LightGBM,T+1_R-30,Compound,1.0,-30.0,1.8857182803461676,1.7813217503261483,-0.10439653002001936,-5.536167894647282
Adamawa,2024,LightGBM,T+1_R-30,Compound,1.0,-30.0,2.7029347260592815,2.606308671434349,-0.09662605462493268,-3.574857124493263
Akwa Ibom,2024,LightGBM,T+1_R-30,Compound,1.0,-30.0,1.7518811138048203,1.7516683090969738,-0.000212804707846459,-0.012147211712573316
Anambra,2024,LightGBM,T+1_R-30,Compound,1.0,-30.0,1.9608427375996522,1.7827796198383774,-0.17806311776127481,-9.080948428289009
Bauchi,2024,LightGBM,T+1_R-30,Compound,1.0,-30.0,2.288970852812262,2.535442548373625,0.24647169556136284,10.767795284878538
Bayelsa,2024,LightGBM,T+1_R-30,Compound,1.0,-30.0,1.9780597189458775,1.7824715701523366,-0.19558814879354092,-9.887878860288975
Benue,2024,LightGBM,T+1_R-30,Compound,1.0,-30.0,2.6716814124765933,2.579141105486272,-0.09254030699032123,-3.463747831540224
Borno,2024,LightGBM,T+1_R-30,Compound,1.0,-30.0,2.5538667935889894,2.5043176605042734,-0.04954913308471598,-1.9401612178481635
Cross River,2024,LightGBM,T+1_R-30,Compound,1.0,-30.0,1.7929998542711614,1.7824715701523366,-0.010528284118824782,-0.5871882305927145
Delta,2024,LightGBM,T+1_R-30,Compound,1.0,-30.0,1.9705492690557629,1.7924861512944874,-0.17806311776127548,-9.03621749313575
Ebonyi,2024,LightGBM,T+1_R-30,Compound,1.0,-30.0,1.8361117699485616,1.7872350116394997,-0.04887675830906191,-2.6619707530348866
Edo,2024,LightGBM,T+1_R-30,Compound,1.0,-30.0,2.0208195123023867,1.8164250038976326,-0.20439450840475404,-10.114436601608254
Ekiti,2024,LightGBM,T+1_R-30,Compound,1.0,-30.0,2.12982541303054,2.003217631600775,-0.1266077814297648,-5.944514543547206
Enugu,2024,LightGBM,T+1_R-30,Compound,1.0,-30.0,1.9718888257207303,1.7917395978639885,-0.1801492278567418,-9.13587142981536
FCT,2024,LightGBM,T+1_R-30,Compound,1.0,-30.0,2.675089302187353,2.763405985825169,0.08831668363781597,3.3014480513081055
Gombe,2024,LightGBM,T+1_R-30,Compound,1.0,-30.0,2.757550720508127,2.681998608222467,-0.07555211228565994,-2.7398267500130746
Imo,2024,LightGBM,T+1_R-30,Compound,1.0,-30.0,1.9852379020439388,1.7920685877988143,-0.1931693142451245,-9.730285425552445
Jigawa,2024,LightGBM,T+1_R-30,Compound,1.0,-30.0,2.1719872802994367,2.078051963918032,-0.09393531638140473,-4.324855731588563
Kaduna,2024,LightGBM,T+1_R-30,Compound,1.0,-30.0,2.150619625529219,2.050879163223515,-0.0997404623057041,-4.637754678778226
Kano,2024,LightGBM,T+1_R-30,Compound,1.0,-30.0,2.1392041565082125,2.042314476656989,-0.09688967985122332,-4.5292395097705285
Katsina,2024,LightGBM,T+1_R-30,Compound,1.0,-30.0,1.9519067976449578,2.167014070762222,0.21510727311726408,11.020366001942222
Kebbi,2024,LightGBM,T+1_R-30,Compound,1.0,-30.0,2.073716090789913,2.0884458639280714,0.014729773138158375,0.7103080891149164
Kogi,2024,LightGBM,T+1_R-30,Compound,1.0,-30.0,2.777658283495822,2.6727520775239952,-0.10490620597182687,-3.7767858845400215
Kwara,2024,LightGBM,T+1_R-30,Compound,1.0,-30.0,2.320563274323994,2.6825450735473515,0.3619817992233574,15.59887649815568
Lagos,2024,LightGBM,T+1_R-30,Compound,1.0,-30.0,1.7457696534864193,1.8437803676234683,0.09801071413704898,5.614183631919309
Nasarawa,2024,LightGBM,T+1_R-30,Compound,1.0,-30.0,2.8528243385884564,2.709939993820224,-0.1428843447682322,-5.0085223557413165
Niger,2024,LightGBM,T+1_R-30,Compound,1.0,-30.0,2.7142918549452477,2.6303347678557,-0.08395708708954785,-3.093148842361369
Ogun,2024,LightGBM,T+1_R-30,Compound,1.0,-30.0,2.201893978512967,1.8485434596582753,-0.35335051885469193,-16.047571876885943
Ondo,2024,LightGBM,T+1_R-30,Compound,1.0,-30.0,2.12982541303054,2.003217631600775,-0.1266077814297648,-5.944514543547206
Osun,2024,LightGBM,T+1_R-30,Compound,1.0,-30.0,1.6977145580657644,1.9246922539446962,0.2269776958789318,13.369602964206859
Oyo,2024,LightGBM,T+1_R-30,Compound,1.0,-30.0,1.9520850306715005,1.7920685877988143,-0.16001644287268624,-8.197206594921838
Plateau,2024,LightGBM,T+1_R-30,Compound,1.0,-30.0,2.117811946993451,2.2866323634262637,0.16882041643281287,7.971454532234487
Rivers,2024,LightGBM,T+1_R-30,Compound,1.0,-30.0,1.824341303572406,1.8184437442077763,-0.0058975593646297675,-0.3232706157055825
Sokoto,2024,LightGBM,T+1_R-30,Compound,1.0,-30.0,2.2195111565910786,2.1636391069496015,-0.05587204964147707,-2.517313304578757
Taraba,2024,LightGBM,T+1_R-30,Compound,1.0,-30.0,2.638245673999239,2.5814772838763456,-0.056768390122893475,-2.1517476815129175
Yobe,2024,LightGBM,T+1_R-30,Compound,1.0,-30.0,1.8688686944973276,1.9234425837464306,0.054573889249103,2.9201564245679563
Zamfara,2024,LightGBM,T+1_R-30,Compound,1.0,-30.0,1.9801238613872905,1.9985196042948312,0.018395742907540757,0.9290198086221008
Abia,2024,Ridge,T+2_R0,Heat,2.0,0.0,2.1076467263764957,2.149261174592024,0.04161444821552829,1.9744508268267802
Adamawa,2024,Ridge,T+2_R0,Heat,2.0,0.0,2.228160901514541,2.3346367013360716,0.10647579982153044,4.77864052587746
Akwa Ibom,2024,Ridge,T+2_R0,Heat,2.0,0.0,1.8726490601751038,1.914263508390631,0.04161444821552718,2.2222235388640295
Anambra,2024,Ridge,T+2_R0,Heat,2.0,0.0,1.995924798496167,2.0375392467116953,0.04161444821552829,2.0849707487417746
Bauchi,2024,Ridge,T+2_R0,Heat,2.0,0.0,2.1911408567156014,2.2976166565371323,0.10647579982153088,4.859377227858012
Bayelsa,2024,Ridge,T+2_R0,Heat,2.0,0.0,2.1283699370790585,2.169984385294587,0.04161444821552829,1.9552262738985735
Benue,2024,Ridge,T+2_R0,Heat,2.0,0.0,2.19856824250258,2.2836611791572974,0.08509293665471729,3.870379595670769
Borno,2024,Ridge,T+2_R0,Heat,2.0,0.0,2.0703928745107003,2.1768686743322307,0.10647579982153044,5.142782373934418
Cross River,2024,Ridge,T+2_R0,Heat,2.0,0.0,2.0304451145029754,2.0720595627185023,0.041614448215526956,2.049523423129494
Delta,2024,Ridge,T+2_R0,Heat,2.0,0.0,2.0305870274144278,2.072201475629956,0.04161444821552829,2.0493801867983215
Ebonyi,2024,Ridge,T+2_R0,Heat,2.0,0.0,1.9564966462995064,1.998111094515034,0.04161444821552762,2.126987965669999
Edo,2024,Ridge,T+2_R0,Heat,2.0,0.0,2.1110477155179725,2.1526621637335004,0.041614448215527844,1.9712699011787713
Ekiti,2024,Ridge,T+2_R0,Heat,2.0,0.0,2.043711350651248,2.0853257988667777,0.04161444821552962,2.036219459380542
Enugu,2024,Ridge,T+2_R0,Heat,2.0,0.0,2.0081454928192786,2.0497599410348073,0.04161444821552873,2.0722825295444762
FCT,2024,Ridge,T+2_R0,Heat,2.0,0.0,2.242027472634797,2.327120409289513,0.08509293665471596,3.7953565553198163
Gombe,2024,Ridge,T+2_R0,Heat,2.0,0.0,2.2229100314658368,2.3293858312873676,0.10647579982153088,4.7899284412927114
Imo,2024,Ridge,T+2_R0,Heat,2.0,0.0,2.0945526450593936,2.136167093274922,0.04161444821552829,1.986794092461126
Jigawa,2024,Ridge,T+2_R0,Heat,2.0,0.0,2.1819739435208776,2.288449743342408,0.10647579982153044,4.87979245296206
Kaduna,2024,Ridge,T+2_R0,Heat,2.0,0.0,2.3632044264644927,2.469680226286023,0.10647579982153044,4.505568736633807
Kano,2024,Ridge,T+2_R0,Heat,2.0,0.0,2.225563194098675,2.3320389939202055,0.10647579982153044,4.784218219633695
Katsina,2024,Ridge,T+2_R0,Heat,2.0,0.0,2.2080260154060616,2.3145018152275916,0.10647579982152999,4.82221672564618
Kebbi,2024,Ridge,T+2_R0,Heat,2.0,0.0,2.632935313166964,2.7394111129884946,0.10647579982153044,4.043996040808862
Kogi,2024,Ridge,T+2_R0,Heat,2.0,0.0,2.253636314716768,2.338729251371486,0.08509293665471818,3.775806065026622
Kwara,2024,Ridge,T+2_R0,Heat,2.0,0.0,2.3570629056563646,2.4421558423110827,0.08509293665471818,3.6101258244112326
Lagos,2024,Ridge,T+2_R0,Heat,2.0,0.0,1.6751356367769583,1.7167500849924866,0.04161444821552829,2.4842435025498286
Nasarawa,2024,Ridge,T+2_R0,Heat,2.0,0.0,2.2116954085950713,2.2967883452497873,0.08509293665471596,3.847407573575843
Niger,2024,Ridge,T+2_R0,Heat,2.0,0.0,2.1097706256759228,2.1948635623306396,0.08509293665471684,4.03327905029747
Ogun,2024,Ridge,T+2_R0,Heat,2.0,0.0,2.0336178540548344,2.0752323022703636,0.041614448215529176,2.046325868577228
Ondo,2024,Ridge,T+2_R0,Heat,2.0,0.0,2.043711350651248,2.0853257988667777,0.04161444821552962,2.036219459380542
Osun,2024,Ridge,T+2_R0,Heat,2.0,0.0,2.1491664004589888,2.190780848674517,0.04161444821552829,1.9363064770899479
Oyo,2024,Ridge,T+2_R0,Heat,2.0,0.0,2.148421707676391,2.19003615589192,0.04161444821552873,1.9369776458150068
Plateau,2024,Ridge,T+2_R0,Heat,2.0,0.0,2.2510678681752685,2.336160804829985,0.0850929366547164,3.7801142230195546
Rivers,2024,Ridge,T+2_R0,Heat,2.0,0.0,2.26062565983569,2.302240108051218,0.041614448215527844,1.8408376475100492
Sokoto,2024,Ridge,T+2_R0,Heat,2.0,0.0,2.2451522787394262,2.3516280785609553,0.1064757998215291,4.742475636499432
Taraba,2024,Ridge,T+2_R0,Heat,2.0,0.0,2.420993047866713,2.5274688476882434,0.10647579982153044,4.3980217091227445
Yobe,2024,Ridge,T+2_R0,Heat,2.0,0.0,2.1590007131913542,2.2654765130128847,0.10647579982153044,4.931716750762064
Zamfara,2024,Ridge,T+2_R0,Heat,2.0,0.0,2.1907240365142804,2.2971998363358113,0.10647579982153088,4.8603018019078
Abia,2024,RandomForest,T+2_R0,Heat,2.0,0.0,1.9242374470899457,1.8450129406704385,-0.07922450641950718,-4.117189723093667
Adamawa,2024,RandomForest,T+2_R0,Heat,2.0,0.0,2.5210381298331286,2.7458942259592267,0.22485609612609814,8.919186642408368
Akwa Ibom,2024,RandomForest,T+2_R0,Heat,2.0,0.0,1.868412592685091,1.8640576852776838,-0.0043549074074071825,-0.2330806067384055
Anambra,2024,RandomForest,T+2_R0,Heat,2.0,0.0,1.8766700360750346,1.8230901208051193,-0.053579915269915235,-2.8550525260143793
Bauchi,2024,RandomForest,T+2_R0,Heat,2.0,0.0,2.3475265541865546,2.46778927063677,0.12026271645021547,5.1229544660843205
Bayelsa,2024,RandomForest,T+2_R0,Heat,2.0,0.0,1.9828558646908638,1.9807065128390116,-0.002149351851852277,-0.10839677709944745
Benue,2024,RandomForest,T+2_R0,Heat,2.0,0.0,2.737263601491102,2.585887426647427,-0.1513761748436746,-5.530200845881765
Borno,2024,RandomForest,T+2_R0,Heat,2.0,0.0,2.6590300120250134,2.5686603258778264,-0.09036968614718699,-3.398595944329525
Cross River,2024,RandomForest,T+2_R0,Heat,2.0,0.0,1.9022551720501713,1.897900264642764,-0.0043549074074071825,-0.22893392387066794
Delta,2024,RandomForest,T+2_R0,Heat,2.0,0.0,1.9366485942760934,1.8767466948791935,-0.05990189939689983,-3.0930701405481753
Ebonyi,2024,RandomForest,T+2_R0,Heat,2.0,0.0,1.7944163329263332,1.7905735551485555,-0.0038427777777776395,-0.2141519616861066
Edo,2024,RandomForest,T+2_R0,Heat,2.0,0.0,2.0688820586820573,1.957529586894586,-0.11135247178747143,-5.382253247360386
Ekiti,2024,RandomForest,T+2_R0,Heat,2.0,0.0,2.184954420856922,1.8544551604876596,-0.33049926036926247,-15.126139804767336
Enugu,2024,RandomForest,T+2_R0,Heat,2.0,0.0,1.886856821789321,1.7964886080586076,-0.09036821373071335,-4.789351936360306
FCT,2024,RandomForest,T+2_R0,Heat,2.0,0.0,2.5084377397602404,2.7521344600769617,0.2436967203167213,9.715079487682008
Gombe,2024,RandomForest,T+2_R0,Heat,2.0,0.0,2.5915788844488827,2.7467859599659605,0.1552070755170778,5.988900297359987
Imo,2024,RandomForest,T+2_R0,Heat,2.0,0.0,1.9377850873200857,1.9317514334739319,-0.006033653846153841,-0.31136857671344
Jigawa,2024,RandomForest,T+2_R0,Heat,2.0,0.0,1.9830492814592822,2.005038766233766,0.021989484774483925,1.1088723301068115
Kaduna,2024,RandomForest,T+2_R0,Heat,2.0,0.0,2.2874002532652513,2.4316926056351043,0.14429235236985294,6.308137465836003
Kano,2024,RandomForest,T+2_R0,Heat,2.0,0.0,1.9585134601509608,1.9859719504569504,0.02745849030598957,1.4020067191099665
Katsina,2024,RandomForest,T+2_R0,Heat,2.0,0.0,1.9979591144041133,2.0661695177970176,0.0682104033929043,3.414003965403861
Kebbi,2024,RandomForest,T+2_R0,Heat,2.0,0.0,2.0630674849224846,2.1121322763347754,0.04906479141229081,2.378244617341459
Kogi,2024,RandomForest,T+2_R0,Heat,2.0,0.0,2.7516167929292936,2.586497092352093,-0.1651197005772005,-6.000824715182041
Kwara,2024,RandomForest,T+2_R0,Heat,2.0,0.0,2.3339023285048293,2.6644112296037306,0.3305089010989013,14.16121390609502
Lagos,2024,RandomForest,T+2_R0,Heat,2.0,0.0,1.6620472915972915,1.915828533503532,0.25378124190624063,15.269194997595228
Nasarawa,2024,RandomForest,T+2_R0,Heat,2.0,0.0,2.8555857335257344,2.6027225012025013,-0.25286323232323316,-8.855039067975312
Niger,2024,RandomForest,T+2_R0,Heat,2.0,0.0,2.7895873544973537,2.5065764694564687,-0.283010885040885,-10.145259820762263
Ogun,2024,RandomForest,T+2_R0,Heat,2.0,0.0,2.039880582935582,1.9394630486180473,-0.10041753431753486,-4.922716317688778
Ondo,2024,RandomForest,T+2_R0,Heat,2.0,0.0,2.184954420856922,1.8544551604876596,-0.33049926036926247,-15.126139804767336
Osun,2024,RandomForest,T+2_R0,Heat,2.0,0.0,1.947098117623118,1.9445589692714675,-0.0025391483516503666,-0.13040680018477868
Oyo,2024,RandomForest,T+2_R0,Heat,2.0,0.0,2.0064290904465896,1.9475061253561239,-0.058922965090465684,-2.9367080736130404
Plateau,2024,RandomForest,T+2_R0,Heat,2.0,0.0,2.262516705886705,2.3338082147482155,0.0712915088615107,3.150982650250566
Rivers,2024,RandomForest,T+2_R0,Heat,2.0,0.0,1.9099420239020226,1.9046194842194832,-0.005322539682539373,-0.2786754579945518
Sokoto,2024,RandomForest,T+2_R0,Heat,2.0,0.0,2.072815544455544,2.060780815665815,-0.012034728789728888,-0.5805981541348384
Taraba,2024,RandomForest,T+2_R0,Heat,2.0,0.0,2.532413990268988,2.6011214872164863,0.06870749694749811,2.7131226257441474
Yobe,2024,RandomForest,T+2_R0,Heat,2.0,0.0,1.9694176791726783,1.976771734006734,0.007354054834055601,0.37341265450328065
Zamfara,2024,RandomForest,T+2_R0,Heat,2.0,0.0,2.009601931586932,2.07457683103933,0.0649748994523982,3.233222382558578
Abia,2024,LightGBM,T+2_R0,Heat,2.0,0.0,1.8857182803461676,1.767223295028358,-0.11849498531780966,-6.2838116675655895
Adamawa,2024,LightGBM,T+2_R0,Heat,2.0,0.0,2.7029347260592815,2.9048194254839306,0.20188469942464904,7.469092667250051
Akwa Ibom,2024,LightGBM,T+2_R0,Heat,2.0,0.0,1.7518811138048203,1.76404580751311,0.012164693708289764,0.69437895142724
Anambra,2024,LightGBM,T+2_R0,Heat,2.0,0.0,1.9608427375996522,1.8188130992884943,-0.1420296383111579,-7.243295731355906
Bauchi,2024,LightGBM,T+2_R0,Heat,2.0,0.0,2.288970852812262,2.5891747880960643,0.3002039352838022,13.115236260652571
Bayelsa,2024,LightGBM,T+2_R0,Heat,2.0,0.0,1.9780597189458775,1.9867206544560985,0.008660935510220957,0.43785005211250305
Benue,2024,LightGBM,T+2_R0,Heat,2.0,0.0,2.6716814124765933,2.6706311476912297,-0.0010502647853636304,-0.03931100394152373
Borno,2024,LightGBM,T+2_R0,Heat,2.0,0.0,2.5538667935889894,2.5538667935889894,0.0,0.0
Cross River,2024,LightGBM,T+2_R0,Heat,2.0,0.0,1.7929998542711614,1.8051645479794511,0.012164693708289764,0.6784548074174052
Delta,2024,LightGBM,T+2_R0,Heat,2.0,0.0,1.9705492690557629,1.8285196307446043,-0.14202963831115856,-7.20761670573279
Ebonyi,2024,LightGBM,T+2_R0,Heat,2.0,0.0,1.8361117699485616,1.7842757619139475,-0.05183600803461408,-2.823140120498561
Edo,2024,LightGBM,T+2_R0,Heat,2.0,0.0,2.0208195123023867,1.8567787235606,-0.16404078874178674,-8.117537847548277
Ekiti,2024,LightGBM,T+2_R0,Heat,2.0,0.0,2.12982541303054,1.958975618498279,-0.1708497945322609,-8.02177462467019
Enugu,2024,LightGBM,T+2_R0,Heat,2.0,0.0,1.9718888257207303,1.8038367571564546,-0.16805206856427568,-8.522390632385283
FCT,2024,LightGBM,T+2_R0,Heat,2.0,0.0,2.675089302187353,2.7784554750980828,0.10336617291072958,3.8640270000036883
Gombe,2024,LightGBM,T+2_R0,Heat,2.0,0.0,2.757550720508127,2.7912379781587986,0.03368725765067149,1.221636918593614
Imo,2024,LightGBM,T+2_R0,Heat,2.0,0.0,1.9852379020439388,1.9938988375541598,0.008660935510220957,0.4362668827400449
Jigawa,2024,LightGBM,T+2_R0,Heat,2.0,0.0,2.1719872802994367,2.268570397135976,0.09658311683653942,4.446762543803856
Kaduna,2024,LightGBM,T+2_R0,Heat,2.0,0.0,2.150619625529219,2.3845607145107004,0.23394108898148147,10.877845910288011
Kano,2024,LightGBM,T+2_R0,Heat,2.0,0.0,2.1392041565082125,2.2446703270828934,0.10546617057468088,4.930159202141397
Katsina,2024,LightGBM,T+2_R0,Heat,2.0,0.0,1.9519067976449578,2.1769638553902184,0.22505705774526064,11.530112914038707
Kebbi,2024,LightGBM,T+2_R0,Heat,2.0,0.0,2.073716090789913,2.1980105821032123,0.12429449131329928,5.993804642078725
Kogi,2024,LightGBM,T+2_R0,Heat,2.0,0.0,2.777658283495822,2.7766080187104576,-0.0010502647853645186,-0.03781115883134148
Kwara,2024,LightGBM,T+2_R0,Heat,2.0,0.0,2.320563274323994,2.718838876464104,0.3982756021401097,17.16288482830238
Lagos,2024,LightGBM,T+2_R0,Heat,2.0,0.0,1.7457696534864193,2.029168672561725,0.2833990190753055,16.233471495471274
Nasarawa,2024,LightGBM,T+2_R0,Heat,2.0,0.0,2.8528243385884564,2.4870834609696177,-0.36574087761883867,-12.820308375516836
Niger,2024,LightGBM,T+2_R0,Heat,2.0,0.0,2.7142918549452477,2.1457624829459374,-0.5685293719993103,-20.945771581765978
Ogun,2024,LightGBM,T+2_R0,Heat,2.0,0.0,2.201893978512967,2.03291635450267,-0.16897762401029714,-7.674194382620317
Ondo,2024,LightGBM,T+2_R0,Heat,2.0,0.0,2.12982541303054,1.958975618498279,-0.1708497945322609,-8.02177462467019
Osun,2024,LightGBM,T+2_R0,Heat,2.0,0.0,1.6977145580657644,1.83450920743158,0.13679464936581565,8.05757650577422
Oyo,2024,LightGBM,T+2_R0,Heat,2.0,0.0,1.9520850306715005,1.879476361704337,-0.07260866896716345,-3.719544375696928
Plateau,2024,LightGBM,T+2_R0,Heat,2.0,0.0,2.117811946993451,2.345821429949318,0.22800948295586698,10.76627616911692
Rivers,2024,LightGBM,T+2_R0,Heat,2.0,0.0,1.824341303572406,1.8365059972806959,0.012164693708289764,0.6667992269028272
Sokoto,2024,LightGBM,T+2_R0,Heat,2.0,0.0,2.2195111565910786,2.3675929889419307,0.14808183235085215,6.671821942012192
Taraba,2024,LightGBM,T+2_R0,Heat,2.0,0.0,2.638245673999239,2.645240182190827,0.006994508191588089,0.2651196687450763
Yobe,2024,LightGBM,T+2_R0,Heat,2.0,0.0,1.8688686944973276,2.0790546495805655,0.2101859550832379,11.246694628793701
Zamfara,2024,LightGBM,T+2_R0,Heat,2.0,0.0,1.9801238613872905,2.1159626510321967,0.13583878964490625,6.8601157884000505
Abia,2024,Ridge,T+2_R-10,Compound,2.0,-10.0,2.1076467263764957,2.155541766064823,0.04789503968832731,2.2724415381826977
Adamawa,2024,Ridge,T+2_R-10,Compound,2.0,-10.0,2.228160901514541,2.319348191516079,0.09118729000153802,4.092491253192512
Akwa Ibom,2024,Ridge,T+2_R-10,Compound,2.0,-10.0,1.8726490601751038,1.9859987203867389,0.11334966021163506,6.052904552283608
Anambra,2024,Ridge,T+2_R-10,Compound,2.0,-10.0,1.995924798496167,2.058429496766451,0.06250469827028393,3.1316158964194547
Bauchi,2024,Ridge,T+2_R-10,Compound,2.0,-10.0,2.1911408567156014,2.291173115987423,0.10003225927182147,4.565304825804958
Bayelsa,2024,Ridge,T+2_R-10,Compound,2.0,-10.0,2.1283699370790585,2.1820414313834227,0.05367149430436413,2.521718305137407
Benue,2024,Ridge,T+2_R-10,Compound,2.0,-10.0,2.19856824250258,2.284711004582478,0.08614276207989802,3.918130009093722
Borno,2024,Ridge,T+2_R-10,Compound,2.0,-10.0,2.0703928745107003,2.167790151881815,0.09739727737111448,4.704289633634513
Cross River,2024,Ridge,T+2_R-10,Compound,2.0,-10.0,2.0304451145029754,2.1437947747146104,0.11334966021163506,5.582503038472009
Delta,2024,Ridge,T+2_R-10,Compound,2.0,-10.0,2.0305870274144278,2.0930917256847117,0.06250469827028393,3.078159045951946
Ebonyi,2024,Ridge,T+2_R-10,Compound,2.0,-10.0,1.9564966462995064,2.0016273814931043,0.04513073519359789,2.3067116051007606
Edo,2024,Ridge,T+2_R-10,Compound,2.0,-10.0,2.1110477155179725,2.160182462740658,0.049134747222685515,2.3275052885590357
Ekiti,2024,Ridge,T+2_R-10,Compound,2.0,-10.0,2.043711350651248,2.0848899003769454,0.041178549725697344,2.0148906895572805
Enugu,2024,Ridge,T+2_R-10,Compound,2.0,-10.0,2.0081454928192786,2.052309463870498,0.04416397105121961,2.1992415992337717
FCT,2024,Ridge,T+2_R-10,Compound,2.0,-10.0,2.242027472634797,2.3278107782967754,0.08578330566197856,3.826148729621378
Gombe,2024,Ridge,T+2_R-10,Compound,2.0,-10.0,2.2229100314658368,2.321035365213426,0.09812533374758914,4.414273738415004
Imo,2024,Ridge,T+2_R-10,Compound,2.0,-10.0,2.0945526450593936,2.145342535486512,0.050789890427118234,2.4248562358611916
Jigawa,2024,Ridge,T+2_R-10,Compound,2.0,-10.0,2.1819739435208776,2.280206745364606,0.09823280184372862,4.502015348781763
Kaduna,2024,Ridge,T+2_R-10,Compound,2.0,-10.0,2.3632044264644927,2.471815295563925,0.10861086909943252,4.595915100832873
Kano,2024,Ridge,T+2_R-10,Compound,2.0,-10.0,2.225563194098675,2.323490523137167,0.09792732903849188,4.400114510257761
Katsina,2024,Ridge,T+2_R-10,Compound,2.0,-10.0,2.2080260154060616,2.2905004024515137,0.08247438704545207,3.7352090269771945
Kebbi,2024,Ridge,T+2_R-10,Compound,2.0,-10.0,2.632935313166964,2.693435887083478,0.060500573916513645,2.2978374597339406
Kogi,2024,Ridge,T+2_R-10,Compound,2.0,-10.0,2.253636314716768,2.336012371078864,0.08237605636209588,3.6552506641892983
Kwara,2024,Ridge,T+2_R-10,Compound,2.0,-10.0,2.3570629056563646,2.4368166316227238,0.07975372596635921,3.383606172536597
Lagos,2024,Ridge,T+2_R-10,Compound,2.0,-10.0,1.6751356367769583,1.7156822942880634,0.04054665751110509,2.4204999655501815
Nasarawa,2024,Ridge,T+2_R-10,Compound,2.0,-10.0,2.2116954085950713,2.2973328641100865,0.08563745551501523,3.8720275487398355
Niger,2024,Ridge,T+2_R-10,Compound,2.0,-10.0,2.1097706256759228,2.193352195756512,0.08358157008058908,3.9616425152289456
Ogun,2024,Ridge,T+2_R-10,Compound,2.0,-10.0,2.0336178540548344,2.0825374726166235,0.04891961856178906,2.405546276270546
Ondo,2024,Ridge,T+2_R-10,Compound,2.0,-10.0,2.043711350651248,2.0848899003769454,0.041178549725697344,2.0148906895572805
Osun,2024,Ridge,T+2_R-10,Compound,2.0,-10.0,2.1491664004589888,2.1918478789703046,0.04268147851131587,1.9859550429506327
Oyo,2024,Ridge,T+2_R-10,Compound,2.0,-10.0,2.148421707676391,2.1882118991546657,0.03979019147827456,1.8520661626208075
Plateau,2024,Ridge,T+2_R-10,Compound,2.0,-10.0,2.2510678681752685,2.336073432870018,0.0850055646947494,3.776232866921756
Rivers,2024,Ridge,T+2_R-10,Compound,2.0,-10.0,2.26062565983569,2.312734565984308,0.05210890614861796,2.305065676039677
Sokoto,2024,Ridge,T+2_R-10,Compound,2.0,-10.0,2.2451522787394262,2.3342133208674274,0.08906104212800114,3.9668152121069387
Taraba,2024,Ridge,T+2_R-10,Compound,2.0,-10.0,2.420993047866713,2.525649013569443,0.10465596570272995,4.322852797737227
Yobe,2024,Ridge,T+2_R-10,Compound,2.0,-10.0,2.1590007131913542,2.2518972988723442,0.09289658568099002,4.302758452713698
Zamfara,2024,Ridge,T+2_R-10,Compound,2.0,-10.0,2.1907240365142804,2.290066206787278,0.09934217027299752,4.534672949088718
Abia,2024,RandomForest,T+2_R-10,Compound,2.0,-10.0,1.9242374470899457,1.8450527422577405,-0.07918470483220519,-4.115121288797152
Adamawa,2024,RandomForest,T+2_R-10,Compound,2.0,-10.0,2.5210381298331286,2.752315127465128,0.2312769976319995,9.173879398932696
Akwa Ibom,2024,RandomForest,T+2_R-10,Compound,2.0,-10.0,1.868412592685091,1.8668944842194828,-0.0015181084656081811,-0.08125124351824836
Anambra,2024,RandomForest,T+2_R-10,Compound,2.0,-10.0,1.8766700360750346,1.808318092185591,-0.06835194388944354,-3.6421929575003156
Bauchi,2024,RandomForest,T+2_R-10,Compound,2.0,-10.0,2.3475265541865546,2.4618321277796276,0.11430557359307292,4.869191932641679
Bayelsa,2024,RandomForest,T+2_R-10,Compound,2.0,-10.0,1.9828558646908638,1.9030076720501707,-0.0798481926406931,-4.026928737613603
Benue,2024,RandomForest,T+2_R-10,Compound,2.0,-10.0,2.737263601491102,2.583736077441078,-0.1535275240500238,-5.6087957318539186
Borno,2024,RandomForest,T+2_R-10,Compound,2.0,-10.0,2.6590300120250134,2.5736377861952873,-0.08539222582972616,-3.211405115532892
Cross River,2024,RandomForest,T+2_R-10,Compound,2.0,-10.0,1.9022551720501713,1.9007370635845628,-0.0015181084656084032,-0.07980572154114578
Delta,2024,RandomForest,T+2_R-10,Compound,2.0,-10.0,1.9366485942760934,1.8616913329263314,-0.074957261349762,-3.870462693712409
Ebonyi,2024,RandomForest,T+2_R-10,Compound,2.0,-10.0,1.7944163329263332,1.7884135551485554,-0.006002777777777801,-0.33452536446703396
Edo,2024,RandomForest,T+2_R-10,Compound,2.0,-10.0,2.0688820586820573,1.9015984890109883,-0.16728356967106905,-8.085698697471132
Ekiti,2024,RandomForest,T+2_R-10,Compound,2.0,-10.0,2.184954420856922,1.7995804995929987,-0.38537392126392334,-17.63761832216082
Enugu,2024,RandomForest,T+2_R-10,Compound,2.0,-10.0,1.886856821789321,1.7964886080586078,-0.09036821373071313,-4.789351936360293
FCT,2024,RandomForest,T+2_R-10,Compound,2.0,-10.0,2.5084377397602404,2.7515679785954794,0.243130238835239,9.69249644834628
Gombe,2024,RandomForest,T+2_R-10,Compound,2.0,-10.0,2.5915788844488827,2.7459540407740413,0.15437515632515852,5.956799434179194
Imo,2024,RandomForest,T+2_R-10,Compound,2.0,-10.0,1.9377850873200857,1.8654232629407614,-0.07236182437932426,-3.7342543738634646
Jigawa,2024,RandomForest,T+2_R-10,Compound,2.0,-10.0,1.9830492814592822,1.991681451418951,0.008632169959668756,0.4352978032556272
Kaduna,2024,RandomForest,T+2_R-10,Compound,2.0,-10.0,2.2874002532652513,2.432539060661559,0.1451388073963078,6.345142577872978
Kano,2024,RandomForest,T+2_R-10,Compound,2.0,-10.0,1.9585134601509608,1.9591111880711882,0.0005977279202273866,0.030519469607388567
Katsina,2024,RandomForest,T+2_R-10,Compound,2.0,-10.0,1.9979591144041133,2.069083406685906,0.07112429228179251,3.559847234561913
Kebbi,2024,RandomForest,T+2_R-10,Compound,2.0,-10.0,2.0630674849224846,2.1105575144300137,0.04749002950752912,2.301913527046521
Kogi,2024,RandomForest,T+2_R-10,Compound,2.0,-10.0,2.7516167929292936,2.5893955844155845,-0.16222120851370914,-5.895486934465646
Kwara,2024,RandomForest,T+2_R-10,Compound,2.0,-10.0,2.3339023285048293,2.678013792688793,0.34411146418396354,14.744038770654644
Lagos,2024,RandomForest,T+2_R-10,Compound,2.0,-10.0,1.6620472915972915,1.8626737138787122,0.2006264222814207,12.07104173844602
Nasarawa,2024,RandomForest,T+2_R-10,Compound,2.0,-10.0,2.8555857335257344,2.6072045250120253,-0.24838120851370915,-8.698082694475358
Niger,2024,RandomForest,T+2_R-10,Compound,2.0,-10.0,2.7895873544973537,2.4894226202501195,-0.3001647342472342,-10.760184073938774
Ogun,2024,RandomForest,T+2_R-10,Compound,2.0,-10.0,2.039880582935582,1.9336037006511997,-0.10627688228438248,-5.209956071616699
Ondo,2024,RandomForest,T+2_R-10,Compound,2.0,-10.0,2.184954420856922,1.7995804995929987,-0.38537392126392334,-17.63761832216082
Osun,2024,RandomForest,T+2_R-10,Compound,2.0,-10.0,1.947098117623118,1.9351900313575303,-0.011908086265587592,-0.6115812119485872
Oyo,2024,RandomForest,T+2_R-10,Compound,2.0,-10.0,2.0064290904465896,1.9442660936285923,-0.06216299681799731,-3.0981905672111796
Plateau,2024,RandomForest,T+2_R-10,Compound,2.0,-10.0,2.262516705886705,2.3390493066193083,0.07653260073260348,3.3826314092390106
Rivers,2024,RandomForest,T+2_R-10,Compound,2.0,-10.0,1.9099420239020226,1.8956511112036099,-0.014290912698412761,-0.7482380365251268
Sokoto,2024,RandomForest,T+2_R-10,Compound,2.0,-10.0,2.072815544455544,2.065490815665815,-0.007324728789729118,-0.35337098900679403
Taraba,2024,RandomForest,T+2_R-10,Compound,2.0,-10.0,2.532413990268988,2.5959719898619893,0.06355799959300112,2.5097792002898434
Yobe,2024,RandomForest,T+2_R-10,Compound,2.0,-10.0,1.9694176791726783,1.953774765512265,-0.01564291366041326,-0.7942913189945875
Zamfara,2024,RandomForest,T+2_R-10,Compound,2.0,-10.0,2.009601931586932,2.0693887358012346,0.0597868042143026,2.9750570635195634
Abia,2024,LightGBM,T+2_R-10,Compound,2.0,-10.0,1.8857182803461676,1.7988892899707596,-0.08682899037540803,-4.604557917287016
Adamawa,2024,LightGBM,T+2_R-10,Compound,2.0,-10.0,2.7029347260592815,2.932177895742811,0.2292431696835293,8.481269172850217
Akwa Ibom,2024,LightGBM,T+2_R-10,Compound,2.0,-10.0,1.7518811138048203,1.784880533434311,0.03299941962949071,1.8836563377192288
Anambra,2024,LightGBM,T+2_R-10,Compound,2.0,-10.0,1.9608427375996522,1.8003471594829887,-0.16049557811666348,-8.185030601338926
Bauchi,2024,LightGBM,T+2_R-10,Compound,2.0,-10.0,2.288970852812262,2.5927106558961435,0.3037398030838814,13.26971039018266
Bayelsa,2024,LightGBM,T+2_R-10,Compound,2.0,-10.0,1.9780597189458775,1.8531086249077409,-0.12495109403813665,-6.316851450001924
Benue,2024,LightGBM,T+2_R-10,Compound,2.0,-10.0,2.6716814124765933,2.596421660263403,-0.07525975221319037,-2.8169433623983684
Borno,2024,LightGBM,T+2_R-10,Compound,2.0,-10.0,2.5538667935889894,2.5601442292499033,0.006277435660913877,0.24580121706708505
Cross River,2024,LightGBM,T+2_R-10,Compound,2.0,-10.0,1.7929998542711614,1.8217671756064961,0.028767321335334772,1.604424075484849
Delta,2024,LightGBM,T+2_R-10,Compound,2.0,-10.0,1.9705492690557629,1.8100536909390987,-0.16049557811666415,-8.144712778157004
Ebonyi,2024,LightGBM,T+2_R-10,Compound,2.0,-10.0,1.8361117699485616,1.7842757619139475,-0.05183600803461408,-2.823140120498561
Edo,2024,LightGBM,T+2_R-10,Compound,2.0,-10.0,2.0208195123023867,1.8871258321437256,-0.133693680158661,-6.615814987175147
Ekiti,2024,LightGBM,T+2_R-10,Compound,2.0,-10.0,2.12982541303054,1.7935264573110434,-0.3362989557194964,-15.789977603890772
Enugu,2024,LightGBM,T+2_R-10,Compound,2.0,-10.0,1.9718888257207303,1.7849430795062786,-0.1869457462144517,-9.480541893436744
FCT,2024,LightGBM,T+2_R-10,Compound,2.0,-10.0,2.675089302187353,2.7476871354546635,0.07259783326731029,2.7138470931773706
Gombe,2024,LightGBM,T+2_R-10,Compound,2.0,-10.0,2.757550720508127,2.874331473033913,0.11678075252578601,4.234944860933224
Imo,2024,LightGBM,T+2_R-10,Compound,2.0,-10.0,1.9852379020439388,1.8074569861510377,-0.17778091589290113,-8.95514415223805
Jigawa,2024,LightGBM,T+2_R-10,Compound,2.0,-10.0,2.1719872802994367,2.1871561955927734,0.015168915293336749,0.6983887719289735
Kaduna,2024,LightGBM,T+2_R-10,Compound,2.0,-10.0,2.150619625529219,2.4076488665270253,0.25702924099780633,11.951404048707927
Kano,2024,LightGBM,T+2_R-10,Compound,2.0,-10.0,2.1392041565082125,2.144362447889514,0.005158291381301527,0.24113132753637317
Katsina,2024,LightGBM,T+2_R-10,Compound,2.0,-10.0,1.9519067976449578,2.190709124567533,0.23880232692257541,12.234309917394548
Kebbi,2024,LightGBM,T+2_R-10,Compound,2.0,-10.0,2.073716090789913,2.1934286470869777,0.11971255629706468,5.772851781820537
Kogi,2024,LightGBM,T+2_R-10,Compound,2.0,-10.0,2.777658283495822,2.718823407373193,-0.058834876122629165,-2.118146658723712
Kwara,2024,LightGBM,T+2_R-10,Compound,2.0,-10.0,2.320563274323994,2.789656612394761,0.4690933380707669,20.214632510178763
Lagos,2024,LightGBM,T+2_R-10,Compound,2.0,-10.0,1.7457696534864193,1.8555650175194407,0.10979536403302137,6.289224000070837
Nasarawa,2024,LightGBM,T+2_R-10,Compound,2.0,-10.0,2.8528243385884564,2.6132078919298642,-0.23961644665859216,-8.399270975693916
Niger,2024,LightGBM,T+2_R-10,Compound,2.0,-10.0,2.7142918549452477,2.126868805295761,-0.5874230496494866,-21.641852867783665
Ogun,2024,LightGBM,T+2_R-10,Compound,2.0,-10.0,2.201893978512967,2.020909806585554,-0.18098417192741323,-8.219477127124875
Ondo,2024,LightGBM,T+2_R-10,Compound,2.0,-10.0,2.12982541303054,1.7935264573110434,-0.3362989557194964,-15.789977603890772
Osun,2024,LightGBM,T+2_R-10,Compound,2.0,-10.0,1.6977145580657644,1.9431914007144222,0.24547684264865777,14.4592529693763
Oyo,2024,LightGBM,T+2_R-10,Compound,2.0,-10.0,1.9520850306715005,1.9552426284477376,0.003157597776237031,0.16175513497743715
Plateau,2024,LightGBM,T+2_R-10,Compound,2.0,-10.0,2.117811946993451,2.4726443968834557,0.35483244989000484,16.754672216942694
Rivers,2024,LightGBM,T+2_R-10,Compound,2.0,-10.0,1.824341303572406,1.8353764113885587,0.011035107816152578,0.6048817616826274
Sokoto,2024,LightGBM,T+2_R-10,Compound,2.0,-10.0,2.2195111565910786,2.423635019087342,0.20412386249626335,9.19679371243958
Taraba,2024,LightGBM,T+2_R-10,Compound,2.0,-10.0,2.638245673999239,2.6511344195945097,0.012888745595270645,0.48853470024772083
Yobe,2024,LightGBM,T+2_R-10,Compound,2.0,-10.0,1.8688686944973276,2.0643503687582503,0.19548167426092267,10.459893455141945
Zamfara,2024,LightGBM,T+2_R-10,Compound,2.0,-10.0,1.9801238613872905,2.1055722777745896,0.1254484163872991,6.33538228762159
Abia,2024,Ridge,T+2_R-20,Compound,2.0,-20.0,2.1076467263764957,2.161822357537622,0.054175631161126336,2.570432249538615
Adamawa,2024,Ridge,T+2_R-20,Compound,2.0,-20.0,2.228160901514541,2.3040596816960868,0.07589878018154561,3.4063419805075634
Akwa Ibom,2024,Ridge,T+2_R-20,Compound,2.0,-20.0,1.8726490601751038,1.9952523748327073,0.12260331465760355,6.547052369018861
Anambra,2024,Ridge,T+2_R-20,Compound,2.0,-20.0,1.995924798496167,2.065434956254509,0.06951015775834213,3.482604044536882
Bauchi,2024,Ridge,T+2_R-20,Compound,2.0,-20.0,2.1911408567156014,2.284729575437714,0.0935887187221125,4.2712324237519255
Bayelsa,2024,Ridge,T+2_R-20,Compound,2.0,-20.0,2.1283699370790585,2.194098477472259,0.06572854039320042,3.0882103363762616
Benue,2024,Ridge,T+2_R-20,Compound,2.0,-20.0,2.19856824250258,2.2857608300076593,0.08719258750507919,3.965880422516695
Borno,2024,Ridge,T+2_R-20,Compound,2.0,-20.0,2.0703928745107003,2.158711629431399,0.08831875492069852,4.265796893334606
Cross River,2024,Ridge,T+2_R-20,Compound,2.0,-20.0,2.0304451145029754,2.1530484291605787,0.12260331465760332,6.0382481546473565
Delta,2024,Ridge,T+2_R-20,Compound,2.0,-20.0,2.0305870274144278,2.10009718517277,0.06951015775834213,3.4231558076508692
Ebonyi,2024,Ridge,T+2_R-20,Compound,2.0,-20.0,1.9564966462995064,2.0051436684711743,0.04864702217166794,2.486435244531511
Edo,2024,Ridge,T+2_R-20,Compound,2.0,-20.0,2.1110477155179725,2.1677027617478153,0.05665504622984274,2.683740675939279
Ekiti,2024,Ridge,T+2_R-20,Compound,2.0,-20.0,2.043711350651248,2.084454001887113,0.04074265123586507,1.9935619197340189
Enugu,2024,Ridge,T+2_R-20,Compound,2.0,-20.0,2.0081454928192786,2.0548589867061886,0.04671349388691004,2.326200668923045
FCT,2024,Ridge,T+2_R-20,Compound,2.0,-20.0,2.242027472634797,2.3285011473040385,0.08647367466924161,3.856940903922959
Gombe,2024,Ridge,T+2_R-20,Compound,2.0,-20.0,2.2229100314658368,2.39599364253967,0.1730836110738334,7.7863525119682055
Imo,2024,Ridge,T+2_R-20,Compound,2.0,-20.0,2.0945526450593936,2.154517977698102,0.05996533263870818,2.8629183792612567
Jigawa,2024,Ridge,T+2_R-20,Compound,2.0,-20.0,2.1819739435208776,2.271963747386804,0.08998980386592637,4.124238244601445
Kaduna,2024,Ridge,T+2_R-20,Compound,2.0,-20.0,2.3632044264644927,2.4739503648418277,0.11074593837733504,4.68626146503196
Kano,2024,Ridge,T+2_R-20,Compound,2.0,-20.0,2.225563194098675,2.3149420523541275,0.08937885825545244,4.0160108008817845
Katsina,2024,Ridge,T+2_R-20,Compound,2.0,-20.0,2.2080260154060616,2.2664989896754357,0.058472974269374145,2.6482013283082093
Kebbi,2024,Ridge,T+2_R-20,Compound,2.0,-20.0,2.632935313166964,2.647460661178461,0.014525348011496853,0.5516788786590195
Kogi,2024,Ridge,T+2_R-20,Compound,2.0,-20.0,2.253636314716768,2.3332954907862424,0.07965917606947448,3.534695263352014
Kwara,2024,Ridge,T+2_R-20,Compound,2.0,-20.0,2.3570629056563646,2.4314774209343653,0.07441451527800069,3.1570865206619803
Lagos,2024,Ridge,T+2_R-20,Compound,2.0,-20.0,1.6751356367769583,1.7146145035836402,0.03947886680668189,2.356756428550534
Nasarawa,2024,Ridge,T+2_R-20,Compound,2.0,-20.0,2.2116954085950713,2.297877382970386,0.0861819743753145,3.896647523903828
Niger,2024,Ridge,T+2_R-20,Compound,2.0,-20.0,2.1097706256759228,2.1918408291823845,0.08207020350646177,3.890005980160442
Ogun,2024,Ridge,T+2_R-20,Compound,2.0,-20.0,2.0336178540548344,2.0829002476795346,0.049282393624700216,2.423385176641519
Ondo,2024,Ridge,T+2_R-20,Compound,2.0,-20.0,2.043711350651248,2.084454001887113,0.04074265123586507,1.9935619197340189
Osun,2024,Ridge,T+2_R-20,Compound,2.0,-20.0,2.1491664004589888,2.1929149092660927,0.0437485088071039,2.035603608811338
Oyo,2024,Ridge,T+2_R-20,Compound,2.0,-20.0,2.148421707676391,2.186387642417411,0.03796593474101995,1.7671546794265875
Plateau,2024,Ridge,T+2_R-20,Compound,2.0,-20.0,2.2510678681752685,2.335986060910051,0.0849181927347824,3.7723515108239583
Rivers,2024,Ridge,T+2_R-20,Compound,2.0,-20.0,2.26062565983569,2.323229023917398,0.06260336408170764,2.7692937045692854
Sokoto,2024,Ridge,T+2_R-20,Compound,2.0,-20.0,2.2451522787394262,2.3167985631738994,0.07164628443447318,3.191154787714446
Taraba,2024,Ridge,T+2_R-20,Compound,2.0,-20.0,2.420993047866713,2.5168867841672933,0.09589373630058029,3.960925719513247
Yobe,2024,Ridge,T+2_R-20,Compound,2.0,-20.0,2.1590007131913542,2.238318084731804,0.0793173715404496,3.6738001546653325
Zamfara,2024,Ridge,T+2_R-20,Compound,2.0,-20.0,2.1907240365142804,2.282932577238744,0.09220854072446372,4.209044096269614
Abia,2024,RandomForest,T+2_R-20,Compound,2.0,-20.0,1.9242374470899457,1.8460314724164706,-0.07820597467347512,-4.064258015129434
Adamawa,2024,RandomForest,T+2_R-20,Compound,2.0,-20.0,2.5210381298331286,2.750784095719095,0.22974596588596663,9.113149189107023
Akwa Ibom,2024,RandomForest,T+2_R-20,Compound,2.0,-20.0,1.868412592685091,1.847963813686312,-0.02044877899877906,-1.094446648392161
Anambra,2024,RandomForest,T+2_R-20,Compound,2.0,-20.0,1.8766700360750346,1.8071472191697182,-0.06952281690531636,-3.704583947571306
Bauchi,2024,RandomForest,T+2_R-20,Compound,2.0,-20.0,2.3475265541865546,2.4562186886261888,0.1086921344396341,4.630070498916984
Bayelsa,2024,RandomForest,T+2_R-20,Compound,2.0,-20.0,1.9828558646908638,1.8854570015170002,-0.09739886317386359,-4.912049580015666
Benue,2024,RandomForest,T+2_R-20,Compound,2.0,-20.0,2.737263601491102,2.573926672679173,-0.16333692881192885,-5.967161099243508
Borno,2024,RandomForest,T+2_R-20,Compound,2.0,-20.0,2.6590300120250134,2.573911992544493,-0.08511801948052033,-3.201092845721503
Cross River,2024,RandomForest,T+2_R-20,Compound,2.0,-20.0,1.9022551720501713,1.8829425041625034,-0.019312667887667834,-1.0152511698445508
Delta,2024,RandomForest,T+2_R-20,Compound,2.0,-20.0,1.9366485942760934,1.8614728408628394,-0.075175753413254,-3.8817446611347792
Ebonyi,2024,RandomForest,T+2_R-20,Compound,2.0,-20.0,1.7944163329263332,1.7884135551485554,-0.006002777777777801,-0.33452536446703396
Edo,2024,RandomForest,T+2_R-20,Compound,2.0,-20.0,2.0688820586820573,1.9020084096459096,-0.16687364903614776,-8.06588506753505
Ekiti,2024,RandomForest,T+2_R-20,Compound,2.0,-20.0,2.184954420856922,1.7988179599104592,-0.3861364609464628,-17.67251789147268
Enugu,2024,RandomForest,T+2_R-20,Compound,2.0,-20.0,1.886856821789321,1.7943286080586078,-0.09252821373071307,-4.903828030945552
FCT,2024,RandomForest,T+2_R-20,Compound,2.0,-20.0,2.5084377397602404,2.755042026214528,0.24660428645428745,9.830990920980888
Gombe,2024,RandomForest,T+2_R-20,Compound,2.0,-20.0,2.5915788844488827,2.746791262996263,0.15521237854738024,5.989104922823417
Imo,2024,RandomForest,T+2_R-20,Compound,2.0,-20.0,1.9377850873200857,1.85008655178155,-0.0876985355385358,-4.525710106471144
Jigawa,2024,RandomForest,T+2_R-20,Compound,2.0,-20.0,1.9830492814592822,1.9729781469456464,-0.010071134513635727,-0.5078610303736174
Kaduna,2024,RandomForest,T+2_R-20,Compound,2.0,-20.0,2.2874002532652513,2.42826149147149,0.14086123820623886,6.158136863242898
Kano,2024,RandomForest,T+2_R-20,Compound,2.0,-20.0,1.9585134601509608,1.9542517941317945,-0.0042616660191663325,-0.21759697371892692
Katsina,2024,RandomForest,T+2_R-20,Compound,2.0,-20.0,1.9979591144041133,2.06132121091871,0.06336209651459668,3.1713409978108724
Kebbi,2024,RandomForest,T+2_R-20,Compound,2.0,-20.0,2.0630674849224846,2.1105575144300146,0.04749002950753001,2.301913527046564
Kogi,2024,RandomForest,T+2_R-20,Compound,2.0,-20.0,2.7516167929292936,2.576562012987013,-0.1750547799422808,-6.361888050404084
Kwara,2024,RandomForest,T+2_R-20,Compound,2.0,-20.0,2.3339023285048293,2.675979652477153,0.3420773239723238,14.656882586490639
Lagos,2024,RandomForest,T+2_R-20,Compound,2.0,-20.0,1.6620472915972915,1.8624552218152202,0.2004079302179287,12.057895778966008
Nasarawa,2024,RandomForest,T+2_R-20,Compound,2.0,-20.0,2.8555857335257344,2.587856151996152,-0.26772958152958237,-9.375645016933952
Niger,2024,RandomForest,T+2_R-20,Compound,2.0,-20.0,2.7895873544973537,2.486609286916786,-0.3029780675805678,-10.861035310190541
Ogun,2024,RandomForest,T+2_R-20,Compound,2.0,-20.0,2.039880582935582,1.8634957905982894,-0.17638479233729276,-8.646819515457041
Ondo,2024,RandomForest,T+2_R-20,Compound,2.0,-20.0,2.184954420856922,1.7988179599104592,-0.3861364609464628,-17.67251789147268
Osun,2024,RandomForest,T+2_R-20,Compound,2.0,-20.0,1.947098117623118,1.8544120941095927,-0.09268602351352517,-4.76021329765702
Oyo,2024,RandomForest,T+2_R-20,Compound,2.0,-20.0,2.0064290904465896,1.8646792105117094,-0.1417498799348802,-7.064783929310435
Plateau,2024,RandomForest,T+2_R-20,Compound,2.0,-20.0,2.262516705886705,2.3272552590002595,0.0647385531135547,2.8613513856103423
Rivers,2024,RandomForest,T+2_R-20,Compound,2.0,-20.0,1.9099420239020226,1.888036168183667,-0.02190585571835557,-1.1469382548901552
Sokoto,2024,RandomForest,T+2_R-20,Compound,2.0,-20.0,2.072815544455544,2.0668661066711063,-0.005949437784437794,-0.28702205559735433
Taraba,2024,RandomForest,T+2_R-20,Compound,2.0,-20.0,2.532413990268988,2.595083405205905,0.06266941493691691,2.4746907566349483
Yobe,2024,RandomForest,T+2_R-20,Compound,2.0,-20.0,1.9694176791726783,1.9504142099567092,-0.01900346921596907,-0.9649283347528459
Zamfara,2024,RandomForest,T+2_R-20,Compound,2.0,-20.0,2.009601931586932,2.0344145711695707,0.024812639582638685,1.2347042064716156
Abia,2024,LightGBM,T+2_R-20,Compound,2.0,-20.0,1.8857182803461676,1.7988892899707596,-0.08682899037540803,-4.604557917287016
Adamawa,2024,LightGBM,T+2_R-20,Compound,2.0,-20.0,2.7029347260592815,2.868426205728712,0.16549147966943067,6.122659125797959
Akwa Ibom,2024,LightGBM,T+2_R-20,Compound,2.0,-20.0,1.7518811138048203,1.7627951903819572,0.010914076577136944,0.6229918509386304
Anambra,2024,LightGBM,T+2_R-20,Compound,2.0,-20.0,1.9608427375996522,1.8003471594829887,-0.16049557811666348,-8.185030601338926
Bauchi,2024,LightGBM,T+2_R-20,Compound,2.0,-20.0,2.288970852812262,2.591897289093691,0.302926436281429,13.234176219817273
Bayelsa,2024,LightGBM,T+2_R-20,Compound,2.0,-20.0,1.9780597189458775,1.79359845143732,-0.1844612675085575,-9.325363928186064
Benue,2024,LightGBM,T+2_R-20,Compound,2.0,-20.0,2.6716814124765933,2.596421660263403,-0.07525975221319037,-2.8169433623983684
Borno,2024,LightGBM,T+2_R-20,Compound,2.0,-20.0,2.5538667935889894,2.5572272614078777,0.003360467818888324,0.13158351983447836
Cross River,2024,LightGBM,T+2_R-20,Compound,2.0,-20.0,1.7929998542711614,1.79359845143732,0.0005985971661586209,0.03338523228168055
Delta,2024,LightGBM,T+2_R-20,Compound,2.0,-20.0,1.9705492690557629,1.8100536909390987,-0.16049557811666415,-8.144712778157004
Ebonyi,2024,LightGBM,T+2_R-20,Compound,2.0,-20.0,1.8361117699485616,1.7842757619139475,-0.05183600803461408,-2.823140120498561
Edo,2024,LightGBM,T+2_R-20,Compound,2.0,-20.0,2.0208195123023867,1.833598813556913,-0.18722069874547365,-9.264592785536147
Ekiti,2024,LightGBM,T+2_R-20,Compound,2.0,-20.0,2.12982541303054,1.7935264573110434,-0.3362989557194964,-15.789977603890772
Enugu,2024,LightGBM,T+2_R-20,Compound,2.0,-20.0,1.9718888257207303,1.7849430795062786,-0.1869457462144517,-9.480541893436744
FCT,2024,LightGBM,T+2_R-20,Compound,2.0,-20.0,2.675089302187353,2.765199170009508,0.09010986782215502,3.368480736268298
Gombe,2024,LightGBM,T+2_R-20,Compound,2.0,-20.0,2.757550720508127,2.794829248612542,0.03727852810441501,1.351870985624003
Imo,2024,LightGBM,T+2_R-20,Compound,2.0,-20.0,1.9852379020439388,1.78225278948813,-0.20298511255580887,-10.224724822492142
Jigawa,2024,LightGBM,T+2_R-20,Compound,2.0,-20.0,2.1719872802994367,2.166172283870314,-0.005814996429122754,-0.2677270019887539
Kaduna,2024,LightGBM,T+2_R-20,Compound,2.0,-20.0,2.150619625529219,2.4917519365581664,0.3411323110289475,15.862047708459952
Kano,2024,LightGBM,T+2_R-20,Compound,2.0,-20.0,2.1392041565082125,2.1485518447173746,0.009347688209162097,0.4369703649239432
Katsina,2024,LightGBM,T+2_R-20,Compound,2.0,-20.0,1.9519067976449578,2.187376810056938,0.23547001241198018,12.063588932426631
Kebbi,2024,LightGBM,T+2_R-20,Compound,2.0,-20.0,2.073716090789913,2.19129210266831,0.11757601187839706,5.669822035937928
Kogi,2024,LightGBM,T+2_R-20,Compound,2.0,-20.0,2.777658283495822,2.668321252560044,-0.10933703093577796,-3.936302445316341
Kwara,2024,LightGBM,T+2_R-20,Compound,2.0,-20.0,2.320563274323994,2.729258971542379,0.40869569721838506,17.611917836519353
Lagos,2024,LightGBM,T+2_R-20,Compound,2.0,-20.0,1.7457696534864193,1.8448181800467747,0.09904852656035534,5.673630903283763
Nasarawa,2024,LightGBM,T+2_R-20,Compound,2.0,-20.0,2.8528243385884564,2.5664628424782943,-0.28636149611016215,-10.037824349600523
Niger,2024,LightGBM,T+2_R-20,Compound,2.0,-20.0,2.7142918549452477,2.126868805295761,-0.5874230496494866,-21.641852867783665
Ogun,2024,LightGBM,T+2_R-20,Compound,2.0,-20.0,2.201893978512967,1.8397654737708973,-0.3621285047420699,-16.44622803258814
Ondo,2024,LightGBM,T+2_R-20,Compound,2.0,-20.0,2.12982541303054,1.7935264573110434,-0.3362989557194964,-15.789977603890772
Osun,2024,LightGBM,T+2_R-20,Compound,2.0,-20.0,1.6977145580657644,1.7516683090969738,0.05395375103120936,3.1780225229781736
Oyo,2024,LightGBM,T+2_R-20,Compound,2.0,-20.0,1.9520850306715005,1.767223295028358,-0.18486173564314257,-9.46996328226295
Plateau,2024,LightGBM,T+2_R-20,Compound,2.0,-20.0,2.117811946993451,2.454266443933566,0.3364544969401151,15.886892007468479
Rivers,2024,LightGBM,T+2_R-20,Compound,2.0,-20.0,1.824341303572406,1.79359845143732,-0.030742852135086096,-1.6851480627493203
Sokoto,2024,LightGBM,T+2_R-20,Compound,2.0,-20.0,2.2195111565910786,2.4203027045767467,0.20079154798566812,9.046656395008238
Taraba,2024,LightGBM,T+2_R-20,Compound,2.0,-20.0,2.638245673999239,2.686334926600754,0.048089252601514865,1.8227738635355282
Yobe,2024,LightGBM,T+2_R-20,Compound,2.0,-20.0,1.8688686944973276,2.02755646154852,0.15868776705119236,8.491113769438726
Zamfara,2024,LightGBM,T+2_R-20,Compound,2.0,-20.0,1.9801238613872905,2.0485802216044946,0.06845636021720414,3.457175662195347
Abia,2024,Ridge,T+2_R-30,Compound,2.0,-30.0,2.1076467263764957,2.1681029490104207,0.060456222633924916,2.8684229608945113
Adamawa,2024,Ridge,T+2_R-30,Compound,2.0,-30.0,2.228160901514541,2.2887711718760944,0.0606102703615532,2.7201927078226156
Akwa Ibom,2024,Ridge,T+2_R-30,Compound,2.0,-30.0,1.8726490601751038,2.0114484245620248,0.13879936438692098,7.4119260964968205
Anambra,2024,Ridge,T+2_R-30,Compound,2.0,-30.0,1.995924798496167,2.072440415742567,0.07651561724639988,3.833592192654288
Bauchi,2024,Ridge,T+2_R-30,Compound,2.0,-30.0,2.1911408567156014,2.2782860348880045,0.08714517817240308,3.977160021698873
Bayelsa,2024,Ridge,T+2_R-30,Compound,2.0,-30.0,2.1283699370790585,2.206155523561095,0.07778558648203626,3.654702367615095
Benue,2024,Ridge,T+2_R-30,Compound,2.0,-30.0,2.19856824250258,2.300695445999538,0.10212720349695781,4.645168683993576
Borno,2024,Ridge,T+2_R-30,Compound,2.0,-30.0,2.0703928745107003,2.149633106980983,0.07924023247028256,3.827304153034701
Cross River,2024,Ridge,T+2_R-30,Compound,2.0,-30.0,2.0304451145029754,2.169244478889896,0.13879936438692075,6.835908215174627
Delta,2024,Ridge,T+2_R-30,Compound,2.0,-30.0,2.0305870274144278,2.1071026446608276,0.07651561724639988,3.7681525693497706
Ebonyi,2024,Ridge,T+2_R-30,Compound,2.0,-30.0,1.9564966462995064,2.0086599554492444,0.05216330914973799,2.6661588839622614
Edo,2024,Ridge,T+2_R-30,Compound,2.0,-30.0,2.1110477155179725,2.175223060754973,0.06417534523700041,3.0399760633195436
Ekiti,2024,Ridge,T+2_R-30,Compound,2.0,-30.0,2.043711350651248,2.084018103397281,0.04030675274603279,1.9722331499107575
Enugu,2024,Ridge,T+2_R-30,Compound,2.0,-30.0,2.0081454928192786,2.0782356953919257,0.07009020257264709,3.49029504203134
FCT,2024,Ridge,T+2_R-30,Compound,2.0,-30.0,2.242027472634797,2.329191516311301,0.08716404367650421,3.887733078224521
Gombe,2024,Ridge,T+2_R-30,Compound,2.0,-30.0,2.2229100314658368,2.387643176465729,0.1647331449998921,7.410697809090518
Imo,2024,Ridge,T+2_R-30,Compound,2.0,-30.0,2.0945526450593936,2.1636934199096913,0.06914077485029768,3.300980522661301
Jigawa,2024,Ridge,T+2_R-30,Compound,2.0,-30.0,2.1819739435208776,2.263720749409002,0.08174680588812455,3.746461140421147
Kaduna,2024,Ridge,T+2_R-30,Compound,2.0,-30.0,2.3632044264644927,2.47608543411973,0.11288100765523712,4.7766078292310254
Kano,2024,Ridge,T+2_R-30,Compound,2.0,-30.0,2.225563194098675,2.306393581571089,0.08083038747241389,3.6319070915058504
Katsina,2024,Ridge,T+2_R-30,Compound,2.0,-30.0,2.2080260154060616,2.242497576899358,0.03447156149329622,1.561193629639224
Kebbi,2024,Ridge,T+2_R-30,Compound,2.0,-30.0,2.632935313166964,2.6014854352734442,-0.03144987789351994,-1.1944797024159015
Kogi,2024,Ridge,T+2_R-30,Compound,2.0,-30.0,2.253636314716768,2.33057861049362,0.07694229577685219,3.4141398625146904
Kwara,2024,Ridge,T+2_R-30,Compound,2.0,-30.0,2.3570629056563646,2.4261382102460063,0.06907530458964173,2.9305668687873445
Lagos,2024,Ridge,T+2_R-30,Compound,2.0,-30.0,1.6751356367769583,1.713546712879217,0.03841107610225869,2.293012891550887
Nasarawa,2024,Ridge,T+2_R-30,Compound,2.0,-30.0,2.2116954085950713,2.2984219018306855,0.08672649323561421,3.9212674990678402
Niger,2024,Ridge,T+2_R-30,Compound,2.0,-30.0,2.1097706256759228,2.1903294626082572,0.08055883693233445,3.818369445091939
Ogun,2024,Ridge,T+2_R-30,Compound,2.0,-30.0,2.0336178540548344,2.083263022742446,0.049645168687611374,2.4412240770124916
Ondo,2024,Ridge,T+2_R-30,Compound,2.0,-30.0,2.043711350651248,2.084018103397281,0.04030675274603279,1.9722331499107575
Osun,2024,Ridge,T+2_R-30,Compound,2.0,-30.0,2.1491664004589888,2.1939819395618803,0.04481553910289149,2.0852521746720223
Oyo,2024,Ridge,T+2_R-30,Compound,2.0,-30.0,2.148421707676391,2.1915057809635057,0.0430840732871145,2.005382515600801
Plateau,2024,Ridge,T+2_R-30,Compound,2.0,-30.0,2.2510678681752685,2.335898688950084,0.08483082077481541,3.7684701547261596
Rivers,2024,Ridge,T+2_R-30,Compound,2.0,-30.0,2.26062565983569,2.3337234818504875,0.07309782201479731,3.2335217330988937
Sokoto,2024,Ridge,T+2_R-30,Compound,2.0,-30.0,2.2451522787394262,2.2993838054803715,0.054231526740945224,2.415494363321953
Taraba,2024,Ridge,T+2_R-30,Compound,2.0,-30.0,2.420993047866713,2.5081245547651436,0.08713150689843063,3.598998641289268
Yobe,2024,Ridge,T+2_R-30,Compound,2.0,-30.0,2.1590007131913542,2.2247388705912634,0.06573815739990918,3.0448418566169666
Zamfara,2024,Ridge,T+2_R-30,Compound,2.0,-30.0,2.1907240365142804,2.3313381099570014,0.14061407344272103,6.418611888079516
Abia,2024,RandomForest,T+2_R-30,Compound,2.0,-30.0,1.9242374470899457,1.8460314724164706,-0.07820597467347512,-4.064258015129434
Adamawa,2024,RandomForest,T+2_R-30,Compound,2.0,-30.0,2.5210381298331286,2.747112190957191,0.22607406112406236,8.967498684322818
Akwa Ibom,2024,RandomForest,T+2_R-30,Compound,2.0,-30.0,1.868412592685091,1.8471504406704393,-0.021262152014651647,-1.1379794857888355
Anambra,2024,RandomForest,T+2_R-30,Compound,2.0,-30.0,1.8766700360750346,1.8071472191697187,-0.06952281690531592,-3.704583947571282
Bauchi,2024,RandomForest,T+2_R-30,Compound,2.0,-30.0,2.3475265541865546,2.4544939002664004,0.1069673460798457,4.556597917458324
Bayelsa,2024,RandomForest,T+2_R-30,Compound,2.0,-30.0,1.9828558646908638,1.884643628501127,-0.09821223618973685,-4.953069859419589
Benue,2024,RandomForest,T+2_R-30,Compound,2.0,-30.0,2.737263601491102,2.5824701647426656,-0.15479343674843626,-5.655043111818453
Borno,2024,RandomForest,T+2_R-30,Compound,2.0,-30.0,2.6590300120250134,2.5802299290524298,-0.07880008297258367,-2.9634897920002268
Cross River,2024,RandomForest,T+2_R-30,Compound,2.0,-30.0,1.9022551720501713,1.88212913114663,-0.02012604090354131,-1.0580095246554277
Delta,2024,RandomForest,T+2_R-30,Compound,2.0,-30.0,1.9366485942760934,1.8614728408628396,-0.07517575341325378,-3.8817446611347672
Ebonyi,2024,RandomForest,T+2_R-30,Compound,2.0,-30.0,1.7944163329263332,1.7884135551485554,-0.006002777777777801,-0.33452536446703396
Edo,2024,RandomForest,T+2_R-30,Compound,2.0,-30.0,2.0688820586820573,1.9020084096459091,-0.1668736490361482,-8.065885067535069
Ekiti,2024,RandomForest,T+2_R-30,Compound,2.0,-30.0,2.184954420856922,1.7988179599104597,-0.38613646094646237,-17.67251789147266
Enugu,2024,RandomForest,T+2_R-30,Compound,2.0,-30.0,1.886856821789321,1.7943286080586078,-0.09252821373071307,-4.903828030945552
FCT,2024,RandomForest,T+2_R-30,Compound,2.0,-30.0,2.5084377397602404,2.7329836135161143,0.22454587375587387,8.951622366251604
Gombe,2024,RandomForest,T+2_R-30,Compound,2.0,-30.0,2.5915788844488827,2.747683035483036,0.1561041510341532,6.023515316121656
Imo,2024,RandomForest,T+2_R-30,Compound,2.0,-30.0,1.9377850873200857,1.8528472660672648,-0.0849378212528209,-4.383242590141307
Jigawa,2024,RandomForest,T+2_R-30,Compound,2.0,-30.0,1.9830492814592822,1.96244775012025,-0.020601531339032197,-1.0388814605692493
Kaduna,2024,RandomForest,T+2_R-30,Compound,2.0,-30.0,2.2874002532652513,2.427494507344506,0.14009425407925447,6.124606040384523
Kano,2024,RandomForest,T+2_R-30,Compound,2.0,-30.0,1.9585134601509608,1.9411775084175091,-0.017335951733451704,-0.8851586719304682
Katsina,2024,RandomForest,T+2_R-30,Compound,2.0,-30.0,1.9979591144041133,2.0494925468975462,0.051533432493432896,2.579303656511641
Kebbi,2024,RandomForest,T+2_R-30,Compound,2.0,-30.0,2.0630674849224846,2.1105718001442995,0.04750431522181486,2.302605977215512
Kogi,2024,RandomForest,T+2_R-30,Compound,2.0,-30.0,2.7516167929292936,2.5745842352092354,-0.17703255772005821,-6.433764984098471
Kwara,2024,RandomForest,T+2_R-30,Compound,2.0,-30.0,2.3339023285048293,2.6637402873977876,0.3298379588929583,14.132466250387726
Lagos,2024,RandomForest,T+2_R-30,Compound,2.0,-30.0,1.6620472915972915,1.8624552218152208,0.20040793021792935,12.05789577896605
Nasarawa,2024,RandomForest,T+2_R-30,Compound,2.0,-30.0,2.8555857335257344,2.578116601731601,-0.27746913179413335,-9.716715157122872
Niger,2024,RandomForest,T+2_R-30,Compound,2.0,-30.0,2.7895873544973537,2.483323731361231,-0.30626362313612265,-10.97881457780365
Ogun,2024,RandomForest,T+2_R-30,Compound,2.0,-30.0,2.039880582935582,1.8667942032967024,-0.17308637963887974,-8.485123153130463
Ondo,2024,RandomForest,T+2_R-30,Compound,2.0,-30.0,2.184954420856922,1.7988179599104597,-0.38613646094646237,-17.67251789147266
Osun,2024,RandomForest,T+2_R-30,Compound,2.0,-30.0,1.947098117623118,1.8534630068080056,-0.09363511081511233,-4.808956978984478
Oyo,2024,RandomForest,T+2_R-30,Compound,2.0,-30.0,2.0064290904465896,1.866559766067265,-0.13986932437932453,-6.971057439572535
Plateau,2024,RandomForest,T+2_R-30,Compound,2.0,-30.0,2.262516705886705,2.3334888472638475,0.0709721413771427,3.1368670645606542
Rivers,2024,RandomForest,T+2_R-30,Compound,2.0,-30.0,1.9099420239020226,1.8911755729455713,-0.018766450956451353,-0.9825665240933013
Sokoto,2024,RandomForest,T+2_R-30,Compound,2.0,-30.0,2.072815544455544,2.041723156935656,-0.031092387519887854,-1.5000074465407742
Taraba,2024,RandomForest,T+2_R-30,Compound,2.0,-30.0,2.532413990268988,2.5849379554704552,0.05252396520146707,2.0740670918457558
Yobe,2024,RandomForest,T+2_R-30,Compound,2.0,-30.0,1.9694176791726783,1.9382172879897874,-0.031200391182890863,-1.5842444958652784
Zamfara,2024,RandomForest,T+2_R-30,Compound,2.0,-30.0,2.009601931586932,2.0476874018574014,0.03808547027046938,1.895174843925147
Abia,2024,LightGBM,T+2_R-30,Compound,2.0,-30.0,1.8857182803461676,1.7988892899707596,-0.08682899037540803,-4.604557917287016
Adamawa,2024,LightGBM,T+2_R-30,Compound,2.0,-30.0,2.7029347260592815,2.78901479288193,0.08608006682264868,3.1846890712062557
Akwa Ibom,2024,LightGBM,T+2_R-30,Compound,2.0,-30.0,1.7518811138048203,1.7627951903819572,0.010914076577136944,0.6229918509386304
Anambra,2024,LightGBM,T+2_R-30,Compound,2.0,-30.0,1.9608427375996522,1.8003471594829887,-0.16049557811666348,-8.185030601338926
Bauchi,2024,LightGBM,T+2_R-30,Compound,2.0,-30.0,2.288970852812262,2.5736190545996114,0.2846482017873493,12.435641171997732
Bayelsa,2024,LightGBM,T+2_R-30,Compound,2.0,-30.0,1.9780597189458775,1.79359845143732,-0.1844612675085575,-9.325363928186064
Benue,2024,LightGBM,T+2_R-30,Compound,2.0,-30.0,2.6716814124765933,2.574710280522321,-0.09697113195427232,-3.6295918930087585
Borno,2024,LightGBM,T+2_R-30,Compound,2.0,-30.0,2.5538667935889894,2.5043176605042734,-0.04954913308471598,-1.9401612178481635
Cross River,2024,LightGBM,T+2_R-30,Compound,2.0,-30.0,1.7929998542711614,1.79359845143732,0.0005985971661586209,0.03338523228168055
Delta,2024,LightGBM,T+2_R-30,Compound,2.0,-30.0,1.9705492690557629,1.8100536909390987,-0.16049557811666415,-8.144712778157004
Ebonyi,2024,LightGBM,T+2_R-30,Compound,2.0,-30.0,1.8361117699485616,1.7842757619139475,-0.05183600803461408,-2.823140120498561
Edo,2024,LightGBM,T+2_R-30,Compound,2.0,-30.0,2.0208195123023867,1.833992543542244,-0.1868269687601427,-9.245109106616086
Ekiti,2024,LightGBM,T+2_R-30,Compound,2.0,-30.0,2.12982541303054,1.7827796198383774,-0.34704579319216244,-16.294565323002185
Enugu,2024,LightGBM,T+2_R-30,Compound,2.0,-30.0,1.9718888257207303,1.7849430795062786,-0.1869457462144517,-9.480541893436744
FCT,2024,LightGBM,T+2_R-30,Compound,2.0,-30.0,2.675089302187353,2.688520881022067,0.013431578834713687,0.5020983345763831
Gombe,2024,LightGBM,T+2_R-30,Compound,2.0,-30.0,2.757550720508127,2.8049751777394407,0.04742445723131361,1.7198036242312462
Imo,2024,LightGBM,T+2_R-30,Compound,2.0,-30.0,1.9852379020439388,1.7988892899707596,-0.1863486120731792,-9.386714402405904
Jigawa,2024,LightGBM,T+2_R-30,Compound,2.0,-30.0,2.1719872802994367,2.078051963918032,-0.09393531638140473,-4.324855731588563
Kaduna,2024,LightGBM,T+2_R-30,Compound,2.0,-30.0,2.150619625529219,2.421062406569407,0.27044278104018815,12.57510988135051
Kano,2024,LightGBM,T+2_R-30,Compound,2.0,-30.0,2.1392041565082125,2.0541518938649483,-0.08505226264326415,-3.975883385627558
Katsina,2024,LightGBM,T+2_R-30,Compound,2.0,-30.0,1.9519067976449578,2.1615593885710256,0.2096525909260678,10.740911972796079
Kebbi,2024,LightGBM,T+2_R-30,Compound,2.0,-30.0,2.073716090789913,2.157808233307701,0.08409214251778785,4.055142499557678
Kogi,2024,LightGBM,T+2_R-30,Compound,2.0,-30.0,2.777658283495822,2.668321252560044,-0.10933703093577796,-3.936302445316341
Kwara,2024,LightGBM,T+2_R-30,Compound,2.0,-30.0,2.320563274323994,2.6550494841145524,0.3344862097905583,14.414009455872211
Lagos,2024,LightGBM,T+2_R-30,Compound,2.0,-30.0,1.7457696534864193,1.8448181800467747,0.09904852656035534,5.673630903283763
Nasarawa,2024,LightGBM,T+2_R-30,Compound,2.0,-30.0,2.8528243385884564,2.3930660282596845,-0.4597583103287719,-16.1158997457325
Niger,2024,LightGBM,T+2_R-30,Compound,2.0,-30.0,2.7142918549452477,2.117732969584807,-0.5965588853604409,-21.978435527246372
Ogun,2024,LightGBM,T+2_R-30,Compound,2.0,-30.0,2.201893978512967,1.856401974253527,-0.34549200425944027,-15.690673921219664
Ondo,2024,LightGBM,T+2_R-30,Compound,2.0,-30.0,2.12982541303054,1.7827796198383774,-0.34704579319216244,-16.294565323002185
Osun,2024,LightGBM,T+2_R-30,Compound,2.0,-30.0,1.6977145580657644,1.7876404831524135,0.0899259250866491,5.296881307839126
Oyo,2024,LightGBM,T+2_R-30,Compound,2.0,-30.0,1.9520850306715005,1.7988892899707596,-0.15319574070074093,-7.847800597499736
Plateau,2024,LightGBM,T+2_R-30,Compound,2.0,-30.0,2.117811946993451,2.464319815489011,0.34650786849556026,16.361597590734142
Rivers,2024,LightGBM,T+2_R-30,Compound,2.0,-30.0,1.824341303572406,1.8252644463797216,0.0009231428073155357,0.05060143107585445
Sokoto,2024,LightGBM,T+2_R-30,Compound,2.0,-30.0,2.2195111565910786,2.3273483059605944,0.10783714936951583,4.858599113110188
Taraba,2024,LightGBM,T+2_R-30,Compound,2.0,-30.0,2.638245673999239,2.61460069748428,-0.023644976514959115,-0.8962386159859173
Yobe,2024,LightGBM,T+2_R-30,Compound,2.0,-30.0,1.8688686944973276,1.9396401870817686,0.07077149258444093,3.7868627578181164
Zamfara,2024,LightGBM,T+2_R-30,Compound,2.0,-30.0,1.9801238613872905,2.0485802216044946,0.06845636021720414,3.457175662195347
