Scenario,State,Year,Feature,Value,Training_Min,Training_Max,Below_Training_Min,Above_Training_Max,Outside_Training_Range
T+0_R0,Abia,2024,Seasonal_Rainfall_mm,1356.55,340.79,5688.79,False,False,False
T+0_R0,Adamawa,2024,Seasonal_Rainfall_mm,904.24,340.79,5688.79,False,False,False
T+0_R0,Akwa Ibom,2024,Seasonal_Rainfall_mm,1869.09,340.79,5688.79,False,False,False
T+0_R0,Anambra,2024,Seasonal_Rainfall_mm,1347.01,340.79,5688.79,False,False,False
T+0_R0,Bauchi,2024,Seasonal_Rainfall_mm,1085.11,340.79,5688.79,False,False,False
T+0_R0,Bayelsa,2024,Seasonal_Rainfall_mm,1882.98,340.79,5688.79,False,False,False
T+0_R0,Benue,2024,Seasonal_Rainfall_mm,963.15,340.79,5688.79,False,False,False
T+0_R0,Borno,2024,Seasonal_Rainfall_mm,583.16,340.79,5688.79,False,False,False
T+0_R0,Cross River,2024,Seasonal_Rainfall_mm,1869.09,340.79,5688.79,False,False,False
T+0_R0,Delta,2024,Seasonal_Rainfall_mm,1347.01,340.79,5688.79,False,False,False
T+0_R0,Ebonyi,2024,Seasonal_Rainfall_mm,903.47,340.79,5688.79,False,False,False
T+0_R0,Edo,2024,Seasonal_Rainfall_mm,1355.78,340.79,5688.79,False,False,False
T+0_R0,Ekiti,2024,Seasonal_Rainfall_mm,1356.8000000000002,340.79,5688.79,False,False,False
T+0_R0,Enugu,2024,Seasonal_Rainfall_mm,975.9,340.79,5688.79,False,False,False
T+0_R0,FCT,2024,Seasonal_Rainfall_mm,1154.31,340.79,5688.79,False,False,False
T+0_R0,Gombe,2024,Seasonal_Rainfall_mm,1433.4500000000005,340.79,5688.79,False,False,False
T+0_R0,Imo,2024,Seasonal_Rainfall_mm,1603.58,340.79,5688.79,False,False,False
T+0_R0,Jigawa,2024,Seasonal_Rainfall_mm,1018.26,340.79,5688.79,False,False,False
T+0_R0,Kaduna,2024,Seasonal_Rainfall_mm,1456.84,340.79,5688.79,False,False,False
T+0_R0,Kano,2024,Seasonal_Rainfall_mm,1001.38,340.79,5688.79,False,False,False
T+0_R0,Katsina,2024,Seasonal_Rainfall_mm,1290.86,340.79,5688.79,False,False,False
T+0_R0,Kebbi,2024,Seasonal_Rainfall_mm,2129.96,340.79,5688.79,False,False,False
T+0_R0,Kogi,2024,Seasonal_Rainfall_mm,876.2099999999998,340.79,5688.79,False,False,False
T+0_R0,Kwara,2024,Seasonal_Rainfall_mm,1215.39,340.79,5688.79,False,False,False
T+0_R0,Lagos,2024,Seasonal_Rainfall_mm,1316.66,340.79,5688.79,False,False,False
T+0_R0,Nasarawa,2024,Seasonal_Rainfall_mm,1023.58,340.79,5688.79,False,False,False
T+0_R0,Niger,2024,Seasonal_Rainfall_mm,908.71,340.79,5688.79,False,False,False
T+0_R0,Ogun,2024,Seasonal_Rainfall_mm,1605.6,340.79,5688.79,False,False,False
T+0_R0,Ondo,2024,Seasonal_Rainfall_mm,1356.8000000000002,340.79,5688.79,False,False,False
T+0_R0,Osun,2024,Seasonal_Rainfall_mm,1679.4299999999998,340.79,5688.79,False,False,False
T+0_R0,Oyo,2024,Seasonal_Rainfall_mm,1632.55,340.79,5688.79,False,False,False
T+0_R0,Plateau,2024,Seasonal_Rainfall_mm,1375.73,340.79,5688.79,False,False,False
T+0_R0,Rivers,2024,Seasonal_Rainfall_mm,1770.85,340.79,5688.79,False,False,False
T+0_R0,Sokoto,2024,Seasonal_Rainfall_mm,1363.51,340.79,5688.79,False,False,False
T+0_R0,Taraba,2024,Seasonal_Rainfall_mm,1095.85,340.79,5688.79,False,False,False
T+0_R0,Yobe,2024,Seasonal_Rainfall_mm,926.85,340.79,5688.79,False,False,False
T+0_R0,Zamfara,2024,Seasonal_Rainfall_mm,694.8700000000001,340.79,5688.79,False,False,False
T+0_R0,Abia,2024,Seasonal_GDD_C,4627.7,2545.795,4805.745,False,False,False
T+0_R0,Adamawa,2024,Seasonal_GDD_C,3318.585,2545.795,4805.745,False,False,False
T+0_R0,Akwa Ibom,2024,Seasonal_GDD_C,4694.005000000001,2545.795,4805.745,False,False,False
T+0_R0,Anambra,2024,Seasonal_GDD_C,4641.875,2545.795,4805.745,False,False,False
T+0_R0,Bauchi,2024,Seasonal_GDD_C,3200.24,2545.795,4805.745,False,False,False
T+0_R0,Bayelsa,2024,Seasonal_GDD_C,4720.065,2545.795,4805.745,False,False,False
T+0_R0,Benue,2024,Seasonal_GDD_C,3758.71,2545.795,4805.745,False,False,False
T+0_R0,Borno,2024,Seasonal_GDD_C,3727.105,2545.795,4805.745,False,False,False
T+0_R0,Cross River,2024,Seasonal_GDD_C,4694.005000000001,2545.795,4805.745,False,False,False
T+0_R0,Delta,2024,Seasonal_GDD_C,4641.875,2545.795,4805.745,False,False,False
T+0_R0,Ebonyi,2024,Seasonal_GDD_C,4949.355,2545.795,4805.745,False,True,True
T+0_R0,Edo,2024,Seasonal_GDD_C,4583.435,2545.795,4805.745,False,False,False
T+0_R0,Ekiti,2024,Seasonal_GDD_C,4302.264999999999,2545.795,4805.745,False,False,False
T+0_R0,Enugu,2024,Seasonal_GDD_C,4722.129999999999,2545.795,4805.745,False,False,False
T+0_R0,FCT,2024,Seasonal_GDD_C,3569.07,2545.795,4805.745,False,False,False
T+0_R0,Gombe,2024,Seasonal_GDD_C,3255.21,2545.795,4805.745,False,False,False
T+0_R0,Imo,2024,Seasonal_GDD_C,4689.094999999999,2545.795,4805.745,False,False,False
T+0_R0,Jigawa,2024,Seasonal_GDD_C,3497.245,2545.795,4805.745,False,False,False
T+0_R0,Kaduna,2024,Seasonal_GDD_C,2800.6800000000003,2545.795,4805.745,False,False,False
T+0_R0,Kano,2024,Seasonal_GDD_C,3483.455,2545.795,4805.745,False,False,False
T+0_R0,Katsina,2024,Seasonal_GDD_C,3208.635,2545.795,4805.745,False,False,False
T+0_R0,Kebbi,2024,Seasonal_GDD_C,3373.3050000000003,2545.795,4805.745,False,False,False
T+0_R0,Kogi,2024,Seasonal_GDD_C,3787.005,2545.795,4805.745,False,False,False
T+0_R0,Kwara,2024,Seasonal_GDD_C,3515.295,2545.795,4805.745,False,False,False
T+0_R0,Lagos,2024,Seasonal_GDD_C,4739.834999999999,2545.795,4805.745,False,False,False
T+0_R0,Nasarawa,2024,Seasonal_GDD_C,3821.105,2545.795,4805.745,False,False,False
T+0_R0,Niger,2024,Seasonal_GDD_C,3892.51,2545.795,4805.745,False,False,False
T+0_R0,Ogun,2024,Seasonal_GDD_C,4582.57,2545.795,4805.745,False,False,False
T+0_R0,Ondo,2024,Seasonal_GDD_C,4302.264999999999,2545.795,4805.745,False,False,False
T+0_R0,Osun,2024,Seasonal_GDD_C,4410.16,2545.795,4805.745,False,False,False
T+0_R0,Oyo,2024,Seasonal_GDD_C,4472.030000000001,2545.795,4805.745,False,False,False
T+0_R0,Plateau,2024,Seasonal_GDD_C,3065.7900000000004,2545.795,4805.745,False,False,False
T+0_R0,Rivers,2024,Seasonal_GDD_C,4714.629999999999,2545.795,4805.745,False,False,False
T+0_R0,Sokoto,2024,Seasonal_GDD_C,3433.615,2545.795,4805.745,False,False,False
T+0_R0,Taraba,2024,Seasonal_GDD_C,3227.08,2545.795,4805.745,False,False,False
T+0_R0,Yobe,2024,Seasonal_GDD_C,3455.5950000000003,2545.795,4805.745,False,False,False
T+0_R0,Zamfara,2024,Seasonal_GDD_C,3260.635,2545.795,4805.745,False,False,False
T+0_R0,Abia,2024,Mean_Tmax_C,30.031090909090903,26.530373831775705,37.37739130434783,False,False,False
T+0_R0,Adamawa,2024,Mean_Tmax_C,32.40342391304348,26.530373831775705,37.37739130434783,False,False,False
T+0_R0,Akwa Ibom,2024,Mean_Tmax_C,29.75338181818182,26.530373831775705,37.37739130434783,False,False,False
T+0_R0,Anambra,2024,Mean_Tmax_C,30.05850909090909,26.530373831775705,37.37739130434783,False,False,False
T+0_R0,Bauchi,2024,Mean_Tmax_C,31.968804347826087,26.530373831775705,37.37739130434783,False,False,False
T+0_R0,Bayelsa,2024,Mean_Tmax_C,29.968800000000005,26.530373831775705,37.37739130434783,False,False,False
T+0_R0,Benue,2024,Mean_Tmax_C,31.120794392523365,26.530373831775705,37.37739130434783,False,False,False
T+0_R0,Borno,2024,Mean_Tmax_C,35.42760869565217,26.530373831775705,37.37739130434783,False,False,False
T+0_R0,Cross River,2024,Mean_Tmax_C,29.75338181818182,26.530373831775705,37.37739130434783,False,False,False
T+0_R0,Delta,2024,Mean_Tmax_C,30.05850909090909,26.530373831775705,37.37739130434783,False,False,False
T+0_R0,Ebonyi,2024,Mean_Tmax_C,31.96454545454545,26.530373831775705,37.37739130434783,False,False,False
T+0_R0,Edo,2024,Mean_Tmax_C,29.72083636363637,26.530373831775705,37.37739130434783,False,False,False
T+0_R0,Ekiti,2024,Mean_Tmax_C,29.06705454545454,26.530373831775705,37.37739130434783,False,False,False
T+0_R0,Enugu,2024,Mean_Tmax_C,30.869672727272725,26.530373831775705,37.37739130434783,False,False,False
T+0_R0,FCT,2024,Mean_Tmax_C,30.60518691588785,26.530373831775705,37.37739130434783,False,False,False
T+0_R0,Gombe,2024,Mean_Tmax_C,31.93304347826087,26.530373831775705,37.37739130434783,False,False,False
T+0_R0,Imo,2024,Mean_Tmax_C,30.22494545454545,26.530373831775705,37.37739130434783,False,False,False
T+0_R0,Jigawa,2024,Mean_Tmax_C,34.34570652173913,26.530373831775705,37.37739130434783,False,False,False
T+0_R0,Kaduna,2024,Mean_Tmax_C,29.12326086956521,26.530373831775705,37.37739130434783,False,False,False
T+0_R0,Kano,2024,Mean_Tmax_C,34.5625,26.530373831775705,37.37739130434783,False,False,False
T+0_R0,Katsina,2024,Mean_Tmax_C,31.866684782608697,26.530373831775705,37.37739130434783,False,False,False
T+0_R0,Kebbi,2024,Mean_Tmax_C,32.69858695652174,26.530373831775705,37.37739130434783,False,False,False
T+0_R0,Kogi,2024,Mean_Tmax_C,31.41172897196261,26.530373831775705,37.37739130434783,False,False,False
T+0_R0,Kwara,2024,Mean_Tmax_C,30.14434579439252,26.530373831775705,37.37739130434783,False,False,False
T+0_R0,Lagos,2024,Mean_Tmax_C,29.03090909090909,26.530373831775705,37.37739130434783,False,False,False
T+0_R0,Nasarawa,2024,Mean_Tmax_C,31.623457943925235,26.530373831775705,37.37739130434783,False,False,False
T+0_R0,Niger,2024,Mean_Tmax_C,32.02266355140187,26.530373831775705,37.37739130434783,False,False,False
T+0_R0,Ogun,2024,Mean_Tmax_C,29.627236363636364,26.530373831775705,37.37739130434783,False,False,False
T+0_R0,Ondo,2024,Mean_Tmax_C,29.06705454545454,26.530373831775705,37.37739130434783,False,False,False
T+0_R0,Osun,2024,Mean_Tmax_C,29.38592727272728,26.530373831775705,37.37739130434783,False,False,False
T+0_R0,Oyo,2024,Mean_Tmax_C,29.67494545454545,26.530373831775705,37.37739130434783,False,False,False
T+0_R0,Plateau,2024,Mean_Tmax_C,28.977289719626164,26.530373831775705,37.37739130434783,False,False,False
T+0_R0,Rivers,2024,Mean_Tmax_C,30.30472727272727,26.530373831775705,37.37739130434783,False,False,False
T+0_R0,Sokoto,2024,Mean_Tmax_C,33.102663043478266,26.530373831775705,37.37739130434783,False,False,False
T+0_R0,Taraba,2024,Mean_Tmax_C,31.396032608695656,26.530373831775705,37.37739130434783,False,False,False
T+0_R0,Yobe,2024,Mean_Tmax_C,33.55940217391304,26.530373831775705,37.37739130434783,False,False,False
T+0_R0,Zamfara,2024,Mean_Tmax_C,32.69663043478261,26.530373831775705,37.37739130434783,False,False,False
T+0_R0,Abia,2024,Mean_Tmin_C,23.62490909090909,18.60668224299065,25.44163043478261,False,False,False
T+0_R0,Adamawa,2024,Mean_Tmin_C,23.668152173913047,18.60668224299065,25.44163043478261,False,False,False
T+0_R0,Akwa Ibom,2024,Mean_Tmin_C,24.384836363636364,18.60668224299065,25.44163043478261,False,False,False
T+0_R0,Anambra,2024,Mean_Tmin_C,23.700581818181817,18.60668224299065,25.44163043478261,False,False,False
T+0_R0,Bauchi,2024,Mean_Tmin_C,22.816413043478263,18.60668224299065,25.44163043478261,False,False,False
T+0_R0,Bayelsa,2024,Mean_Tmin_C,24.358945454545456,18.60668224299065,25.44163043478261,False,False,False
T+0_R0,Benue,2024,Mean_Tmin_C,24.007336448598124,18.60668224299065,25.44163043478261,False,False,False
T+0_R0,Borno,2024,Mean_Tmin_C,25.08440217391305,18.60668224299065,25.44163043478261,False,False,False
T+0_R0,Cross River,2024,Mean_Tmin_C,24.384836363636364,18.60668224299065,25.44163043478261,False,False,False
T+0_R0,Delta,2024,Mean_Tmin_C,23.700581818181817,18.60668224299065,25.44163043478261,False,False,False
T+0_R0,Ebonyi,2024,Mean_Tmin_C,24.03076363636364,18.60668224299065,25.44163043478261,False,False,False
T+0_R0,Edo,2024,Mean_Tmin_C,23.613236363636364,18.60668224299065,25.44163043478261,False,False,False
T+0_R0,Ekiti,2024,Mean_Tmin_C,22.22214545454545,18.60668224299065,25.44163043478261,False,False,False
T+0_R0,Enugu,2024,Mean_Tmin_C,23.47309090909091,18.60668224299065,25.44163043478261,False,False,False
T+0_R0,FCT,2024,Mean_Tmin_C,22.75060747663552,18.60668224299065,25.44163043478261,False,False,False
T+0_R0,Gombe,2024,Mean_Tmin_C,23.44967391304348,18.60668224299065,25.44163043478261,False,False,False
T+0_R0,Imo,2024,Mean_Tmin_C,23.87756363636364,18.60668224299065,25.44163043478261,False,False,False
T+0_R0,Jigawa,2024,Mean_Tmin_C,23.66782608695652,18.60668224299065,25.44163043478261,False,False,False
T+0_R0,Kaduna,2024,Mean_Tmin_C,21.31891304347826,18.60668224299065,25.44163043478261,False,False,False
T+0_R0,Kano,2024,Mean_Tmin_C,23.301141304347823,18.60668224299065,25.44163043478261,False,False,False
T+0_R0,Katsina,2024,Mean_Tmin_C,23.009782608695648,18.60668224299065,25.44163043478261,False,False,False
T+0_R0,Kebbi,2024,Mean_Tmin_C,23.96777173913044,18.60668224299065,25.44163043478261,False,False,False
T+0_R0,Kogi,2024,Mean_Tmin_C,23.98084112149533,18.60668224299065,25.44163043478261,False,False,False
T+0_R0,Kwara,2024,Mean_Tmin_C,22.7088785046729,18.60668224299065,25.44163043478261,False,False,False
T+0_R0,Lagos,2024,Mean_Tmin_C,25.44061818181818,18.60668224299065,25.44163043478261,False,False,False
T+0_R0,Nasarawa,2024,Mean_Tmin_C,24.08780373831776,18.60668224299065,25.44163043478261,False,False,False
T+0_R0,Niger,2024,Mean_Tmin_C,24.355934579439253,18.60668224299065,25.44163043478261,False,False,False
T+0_R0,Ogun,2024,Mean_Tmin_C,23.70054545454545,18.60668224299065,25.44163043478261,False,False,False
T+0_R0,Ondo,2024,Mean_Tmin_C,22.22214545454545,18.60668224299065,25.44163043478261,False,False,False
T+0_R0,Osun,2024,Mean_Tmin_C,22.68796363636364,18.60668224299065,25.44163043478261,False,False,False
T+0_R0,Oyo,2024,Mean_Tmin_C,22.848909090909093,18.60668224299065,25.44163043478261,False,False,False
T+0_R0,Plateau,2024,Mean_Tmin_C,19.67495327102804,18.60668224299065,25.44163043478261,False,False,False
T+0_R0,Rivers,2024,Mean_Tmin_C,23.983490909090907,18.60668224299065,25.44163043478261,False,False,False
T+0_R0,Sokoto,2024,Mean_Tmin_C,24.219239130434783,18.60668224299065,25.44163043478261,False,False,False
T+0_R0,Taraba,2024,Mean_Tmin_C,23.68092391304348,18.60668224299065,25.44163043478261,False,False,False
T+0_R0,Yobe,2024,Mean_Tmin_C,24.001413043478266,18.60668224299065,25.44163043478261,False,False,False
T+0_R0,Zamfara,2024,Mean_Tmin_C,22.745054347826088,18.60668224299065,25.44163043478261,False,False,False
T+0_R0,Abia,2024,Rainfall_Anomaly_Z_2000_2019,-0.9196010910323762,-2.9722877578679507,15.012756673567567,False,False,False
T+0_R0,Adamawa,2024,Rainfall_Anomaly_Z_2000_2019,0.5051163098175504,-2.9722877578679507,15.012756673567567,False,False,False
T+0_R0,Akwa Ibom,2024,Rainfall_Anomaly_Z_2000_2019,-1.8894777114847503,-2.9722877578679507,15.012756673567567,False,False,False
T+0_R0,Anambra,2024,Rainfall_Anomaly_Z_2000_2019,-0.6683966152075341,-2.9722877578679507,15.012756673567567,False,False,False
T+0_R0,Bauchi,2024,Rainfall_Anomaly_Z_2000_2019,2.02423422833577,-2.9722877578679507,15.012756673567567,False,False,False
T+0_R0,Bayelsa,2024,Rainfall_Anomaly_Z_2000_2019,-0.5543351476094643,-2.9722877578679507,15.012756673567567,False,False,False
T+0_R0,Benue,2024,Rainfall_Anomaly_Z_2000_2019,-0.7241881075650657,-2.9722877578679507,15.012756673567567,False,False,False
T+0_R0,Borno,2024,Rainfall_Anomaly_Z_2000_2019,0.42056748374470254,-2.9722877578679507,15.012756673567567,False,False,False
T+0_R0,Cross River,2024,Rainfall_Anomaly_Z_2000_2019,-1.8894777114847503,-2.9722877578679507,15.012756673567567,False,False,False
T+0_R0,Delta,2024,Rainfall_Anomaly_Z_2000_2019,-0.6683966152075341,-2.9722877578679507,15.012756673567567,False,False,False
T+0_R0,Ebonyi,2024,Rainfall_Anomaly_Z_2000_2019,-1.546026003363861,-2.9722877578679507,15.012756673567567,False,False,False
T+0_R0,Edo,2024,Rainfall_Anomaly_Z_2000_2019,-0.6234406615451246,-2.9722877578679507,15.012756673567567,False,False,False
T+0_R0,Ekiti,2024,Rainfall_Anomaly_Z_2000_2019,-0.4765436240340352,-2.9722877578679507,15.012756673567567,False,False,False
T+0_R0,Enugu,2024,Rainfall_Anomaly_Z_2000_2019,-1.4811767773960562,-2.9722877578679507,15.012756673567567,False,False,False
T+0_R0,FCT,2024,Rainfall_Anomaly_Z_2000_2019,-0.08568234323625827,-2.9722877578679507,15.012756673567567,False,False,False
T+0_R0,Gombe,2024,Rainfall_Anomaly_Z_2000_2019,2.8998050239842996,-2.9722877578679507,15.012756673567567,False,False,False
T+0_R0,Imo,2024,Rainfall_Anomaly_Z_2000_2019,-0.38360296346834166,-2.9722877578679507,15.012756673567567,False,False,False
T+0_R0,Jigawa,2024,Rainfall_Anomaly_Z_2000_2019,2.6316584935954377,-2.9722877578679507,15.012756673567567,False,False,False
T+0_R0,Kaduna,2024,Rainfall_Anomaly_Z_2000_2019,0.6432506088992287,-2.9722877578679507,15.012756673567567,False,False,False
T+0_R0,Kano,2024,Rainfall_Anomaly_Z_2000_2019,2.4299972049098826,-2.9722877578679507,15.012756673567567,False,False,False
T+0_R0,Katsina,2024,Rainfall_Anomaly_Z_2000_2019,5.707961992605356,-2.9722877578679507,15.012756673567567,False,False,False
T+0_R0,Kebbi,2024,Rainfall_Anomaly_Z_2000_2019,13.219542711920042,-2.9722877578679507,15.012756673567567,False,False,False
T+0_R0,Kogi,2024,Rainfall_Anomaly_Z_2000_2019,-0.7200297516520903,-2.9722877578679507,15.012756673567567,False,False,False
T+0_R0,Kwara,2024,Rainfall_Anomaly_Z_2000_2019,0.4170836233829001,-2.9722877578679507,15.012756673567567,False,False,False
T+0_R0,Lagos,2024,Rainfall_Anomaly_Z_2000_2019,-0.4318672772924319,-2.9722877578679507,15.012756673567567,False,False,False
T+0_R0,Nasarawa,2024,Rainfall_Anomaly_Z_2000_2019,0.05565498808039316,-2.9722877578679507,15.012756673567567,False,False,False
T+0_R0,Niger,2024,Rainfall_Anomaly_Z_2000_2019,-0.9102163018812439,-2.9722877578679507,15.012756673567567,False,False,False
T+0_R0,Ogun,2024,Rainfall_Anomaly_Z_2000_2019,0.00739898672540789,-2.9722877578679507,15.012756673567567,False,False,False
T+0_R0,Ondo,2024,Rainfall_Anomaly_Z_2000_2019,-0.4765436240340352,-2.9722877578679507,15.012756673567567,False,False,False
T+0_R0,Osun,2024,Rainfall_Anomaly_Z_2000_2019,0.17072752189038023,-2.9722877578679507,15.012756673567567,False,False,False
T+0_R0,Oyo,2024,Rainfall_Anomaly_Z_2000_2019,0.1658194519402747,-2.9722877578679507,15.012756673567567,False,False,False
T+0_R0,Plateau,2024,Rainfall_Anomaly_Z_2000_2019,1.5272735899390373,-2.9722877578679507,15.012756673567567,False,False,False
T+0_R0,Rivers,2024,Rainfall_Anomaly_Z_2000_2019,-0.7322444356504656,-2.9722877578679507,15.012756673567567,False,False,False
T+0_R0,Sokoto,2024,Rainfall_Anomaly_Z_2000_2019,4.944994593631734,-2.9722877578679507,15.012756673567567,False,False,False
T+0_R0,Taraba,2024,Rainfall_Anomaly_Z_2000_2019,1.2225505917593709,-2.9722877578679507,15.012756673567567,False,False,False
T+0_R0,Yobe,2024,Rainfall_Anomaly_Z_2000_2019,2.0400254849642683,-2.9722877578679507,15.012756673567567,False,False,False
T+0_R0,Zamfara,2024,Rainfall_Anomaly_Z_2000_2019,-0.10219223368297295,-2.9722877578679507,15.012756673567567,False,False,False
T+0_R-10,Abia,2024,Seasonal_Rainfall_mm,1220.895,340.79,5688.79,False,False,False
T+0_R-10,Adamawa,2024,Seasonal_Rainfall_mm,813.816,340.79,5688.79,False,False,False
T+0_R-10,Akwa Ibom,2024,Seasonal_Rainfall_mm,1682.181,340.79,5688.79,False,False,False
T+0_R-10,Anambra,2024,Seasonal_Rainfall_mm,1212.309,340.79,5688.79,False,False,False
T+0_R-10,Bauchi,2024,Seasonal_Rainfall_mm,976.5989999999999,340.79,5688.79,False,False,False
T+0_R-10,Bayelsa,2024,Seasonal_Rainfall_mm,1694.682,340.79,5688.79,False,False,False
T+0_R-10,Benue,2024,Seasonal_Rainfall_mm,866.835,340.79,5688.79,False,False,False
T+0_R-10,Borno,2024,Seasonal_Rainfall_mm,524.8439999999999,340.79,5688.79,False,False,False
T+0_R-10,Cross River,2024,Seasonal_Rainfall_mm,1682.181,340.79,5688.79,False,False,False
T+0_R-10,Delta,2024,Seasonal_Rainfall_mm,1212.309,340.79,5688.79,False,False,False
T+0_R-10,Ebonyi,2024,Seasonal_Rainfall_mm,813.123,340.79,5688.79,False,False,False
T+0_R-10,Edo,2024,Seasonal_Rainfall_mm,1220.202,340.79,5688.79,False,False,False
T+0_R-10,Ekiti,2024,Seasonal_Rainfall_mm,1221.1200000000001,340.79,5688.79,False,False,False
T+0_R-10,Enugu,2024,Seasonal_Rainfall_mm,878.31,340.79,5688.79,False,False,False
T+0_R-10,FCT,2024,Seasonal_Rainfall_mm,1038.879,340.79,5688.79,False,False,False
T+0_R-10,Gombe,2024,Seasonal_Rainfall_mm,1290.1050000000005,340.79,5688.79,False,False,False
T+0_R-10,Imo,2024,Seasonal_Rainfall_mm,1443.222,340.79,5688.79,False,False,False
T+0_R-10,Jigawa,2024,Seasonal_Rainfall_mm,916.434,340.79,5688.79,False,False,False
T+0_R-10,Kaduna,2024,Seasonal_Rainfall_mm,1311.156,340.79,5688.79,False,False,False
T+0_R-10,Kano,2024,Seasonal_Rainfall_mm,901.242,340.79,5688.79,False,False,False
T+0_R-10,Katsina,2024,Seasonal_Rainfall_mm,1161.774,340.79,5688.79,False,False,False
T+0_R-10,Kebbi,2024,Seasonal_Rainfall_mm,1916.9640000000002,340.79,5688.79,False,False,False
T+0_R-10,Kogi,2024,Seasonal_Rainfall_mm,788.5889999999998,340.79,5688.79,False,False,False
T+0_R-10,Kwara,2024,Seasonal_Rainfall_mm,1093.851,340.79,5688.79,False,False,False
T+0_R-10,Lagos,2024,Seasonal_Rainfall_mm,1184.9940000000001,340.79,5688.79,False,False,False
T+0_R-10,Nasarawa,2024,Seasonal_Rainfall_mm,921.2220000000001,340.79,5688.79,False,False,False
T+0_R-10,Niger,2024,Seasonal_Rainfall_mm,817.839,340.79,5688.79,False,False,False
T+0_R-10,Ogun,2024,Seasonal_Rainfall_mm,1445.04,340.79,5688.79,False,False,False
T+0_R-10,Ondo,2024,Seasonal_Rainfall_mm,1221.1200000000001,340.79,5688.79,False,False,False
T+0_R-10,Osun,2024,Seasonal_Rainfall_mm,1511.4869999999999,340.79,5688.79,False,False,False
T+0_R-10,Oyo,2024,Seasonal_Rainfall_mm,1469.295,340.79,5688.79,False,False,False
T+0_R-10,Plateau,2024,Seasonal_Rainfall_mm,1238.1570000000002,340.79,5688.79,False,False,False
T+0_R-10,Rivers,2024,Seasonal_Rainfall_mm,1593.7649999999999,340.79,5688.79,False,False,False
T+0_R-10,Sokoto,2024,Seasonal_Rainfall_mm,1227.159,340.79,5688.79,False,False,False
T+0_R-10,Taraba,2024,Seasonal_Rainfall_mm,986.265,340.79,5688.79,False,False,False
T+0_R-10,Yobe,2024,Seasonal_Rainfall_mm,834.1650000000001,340.79,5688.79,False,False,False
T+0_R-10,Zamfara,2024,Seasonal_Rainfall_mm,625.3830000000002,340.79,5688.79,False,False,False
T+0_R-10,Abia,2024,Seasonal_GDD_C,4627.7,2545.795,4805.745,False,False,False
T+0_R-10,Adamawa,2024,Seasonal_GDD_C,3318.585,2545.795,4805.745,False,False,False
T+0_R-10,Akwa Ibom,2024,Seasonal_GDD_C,4694.005000000001,2545.795,4805.745,False,False,False
T+0_R-10,Anambra,2024,Seasonal_GDD_C,4641.875,2545.795,4805.745,False,False,False
T+0_R-10,Bauchi,2024,Seasonal_GDD_C,3200.24,2545.795,4805.745,False,False,False
T+0_R-10,Bayelsa,2024,Seasonal_GDD_C,4720.065,2545.795,4805.745,False,False,False
T+0_R-10,Benue,2024,Seasonal_GDD_C,3758.71,2545.795,4805.745,False,False,False
T+0_R-10,Borno,2024,Seasonal_GDD_C,3727.105,2545.795,4805.745,False,False,False
T+0_R-10,Cross River,2024,Seasonal_GDD_C,4694.005000000001,2545.795,4805.745,False,False,False
T+0_R-10,Delta,2024,Seasonal_GDD_C,4641.875,2545.795,4805.745,False,False,False
T+0_R-10,Ebonyi,2024,Seasonal_GDD_C,4949.355,2545.795,4805.745,False,True,True
T+0_R-10,Edo,2024,Seasonal_GDD_C,4583.435,2545.795,4805.745,False,False,False
T+0_R-10,Ekiti,2024,Seasonal_GDD_C,4302.264999999999,2545.795,4805.745,False,False,False
T+0_R-10,Enugu,2024,Seasonal_GDD_C,4722.129999999999,2545.795,4805.745,False,False,False
T+0_R-10,FCT,2024,Seasonal_GDD_C,3569.07,2545.795,4805.745,False,False,False
T+0_R-10,Gombe,2024,Seasonal_GDD_C,3255.21,2545.795,4805.745,False,False,False
T+0_R-10,Imo,2024,Seasonal_GDD_C,4689.094999999999,2545.795,4805.745,False,False,False
T+0_R-10,Jigawa,2024,Seasonal_GDD_C,3497.245,2545.795,4805.745,False,False,False
T+0_R-10,Kaduna,2024,Seasonal_GDD_C,2800.6800000000003,2545.795,4805.745,False,False,False
T+0_R-10,Kano,2024,Seasonal_GDD_C,3483.455,2545.795,4805.745,False,False,False
T+0_R-10,Katsina,2024,Seasonal_GDD_C,3208.635,2545.795,4805.745,False,False,False
T+0_R-10,Kebbi,2024,Seasonal_GDD_C,3373.3050000000003,2545.795,4805.745,False,False,False
T+0_R-10,Kogi,2024,Seasonal_GDD_C,3787.005,2545.795,4805.745,False,False,False
T+0_R-10,Kwara,2024,Seasonal_GDD_C,3515.295,2545.795,4805.745,False,False,False
T+0_R-10,Lagos,2024,Seasonal_GDD_C,4739.834999999999,2545.795,4805.745,False,False,False
T+0_R-10,Nasarawa,2024,Seasonal_GDD_C,3821.105,2545.795,4805.745,False,False,False
T+0_R-10,Niger,2024,Seasonal_GDD_C,3892.51,2545.795,4805.745,False,False,False
T+0_R-10,Ogun,2024,Seasonal_GDD_C,4582.57,2545.795,4805.745,False,False,False
T+0_R-10,Ondo,2024,Seasonal_GDD_C,4302.264999999999,2545.795,4805.745,False,False,False
T+0_R-10,Osun,2024,Seasonal_GDD_C,4410.16,2545.795,4805.745,False,False,False
T+0_R-10,Oyo,2024,Seasonal_GDD_C,4472.030000000001,2545.795,4805.745,False,False,False
T+0_R-10,Plateau,2024,Seasonal_GDD_C,3065.7900000000004,2545.795,4805.745,False,False,False
T+0_R-10,Rivers,2024,Seasonal_GDD_C,4714.629999999999,2545.795,4805.745,False,False,False
T+0_R-10,Sokoto,2024,Seasonal_GDD_C,3433.615,2545.795,4805.745,False,False,False
T+0_R-10,Taraba,2024,Seasonal_GDD_C,3227.08,2545.795,4805.745,False,False,False
T+0_R-10,Yobe,2024,Seasonal_GDD_C,3455.5950000000003,2545.795,4805.745,False,False,False
T+0_R-10,Zamfara,2024,Seasonal_GDD_C,3260.635,2545.795,4805.745,False,False,False
T+0_R-10,Abia,2024,Mean_Tmax_C,30.031090909090903,26.530373831775705,37.37739130434783,False,False,False
T+0_R-10,Adamawa,2024,Mean_Tmax_C,32.40342391304348,26.530373831775705,37.37739130434783,False,False,False
T+0_R-10,Akwa Ibom,2024,Mean_Tmax_C,29.75338181818182,26.530373831775705,37.37739130434783,False,False,False
T+0_R-10,Anambra,2024,Mean_Tmax_C,30.05850909090909,26.530373831775705,37.37739130434783,False,False,False
T+0_R-10,Bauchi,2024,Mean_Tmax_C,31.968804347826087,26.530373831775705,37.37739130434783,False,False,False
T+0_R-10,Bayelsa,2024,Mean_Tmax_C,29.968800000000005,26.530373831775705,37.37739130434783,False,False,False
T+0_R-10,Benue,2024,Mean_Tmax_C,31.120794392523365,26.530373831775705,37.37739130434783,False,False,False
T+0_R-10,Borno,2024,Mean_Tmax_C,35.42760869565217,26.530373831775705,37.37739130434783,False,False,False
T+0_R-10,Cross River,2024,Mean_Tmax_C,29.75338181818182,26.530373831775705,37.37739130434783,False,False,False
T+0_R-10,Delta,2024,Mean_Tmax_C,30.05850909090909,26.530373831775705,37.37739130434783,False,False,False
T+0_R-10,Ebonyi,2024,Mean_Tmax_C,31.96454545454545,26.530373831775705,37.37739130434783,False,False,False
T+0_R-10,Edo,2024,Mean_Tmax_C,29.72083636363637,26.530373831775705,37.37739130434783,False,False,False
T+0_R-10,Ekiti,2024,Mean_Tmax_C,29.06705454545454,26.530373831775705,37.37739130434783,False,False,False
T+0_R-10,Enugu,2024,Mean_Tmax_C,30.869672727272725,26.530373831775705,37.37739130434783,False,False,False
T+0_R-10,FCT,2024,Mean_Tmax_C,30.60518691588785,26.530373831775705,37.37739130434783,False,False,False
T+0_R-10,Gombe,2024,Mean_Tmax_C,31.93304347826087,26.530373831775705,37.37739130434783,False,False,False
T+0_R-10,Imo,2024,Mean_Tmax_C,30.22494545454545,26.530373831775705,37.37739130434783,False,False,False
T+0_R-10,Jigawa,2024,Mean_Tmax_C,34.34570652173913,26.530373831775705,37.37739130434783,False,False,False
T+0_R-10,Kaduna,2024,Mean_Tmax_C,29.12326086956521,26.530373831775705,37.37739130434783,False,False,False
T+0_R-10,Kano,2024,Mean_Tmax_C,34.5625,26.530373831775705,37.37739130434783,False,False,False
T+0_R-10,Katsina,2024,Mean_Tmax_C,31.866684782608697,26.530373831775705,37.37739130434783,False,False,False
T+0_R-10,Kebbi,2024,Mean_Tmax_C,32.69858695652174,26.530373831775705,37.37739130434783,False,False,False
T+0_R-10,Kogi,2024,Mean_Tmax_C,31.41172897196261,26.530373831775705,37.37739130434783,False,False,False
T+0_R-10,Kwara,2024,Mean_Tmax_C,30.14434579439252,26.530373831775705,37.37739130434783,False,False,False
T+0_R-10,Lagos,2024,Mean_Tmax_C,29.03090909090909,26.530373831775705,37.37739130434783,False,False,False
T+0_R-10,Nasarawa,2024,Mean_Tmax_C,31.623457943925235,26.530373831775705,37.37739130434783,False,False,False
T+0_R-10,Niger,2024,Mean_Tmax_C,32.02266355140187,26.530373831775705,37.37739130434783,False,False,False
T+0_R-10,Ogun,2024,Mean_Tmax_C,29.627236363636364,26.530373831775705,37.37739130434783,False,False,False
T+0_R-10,Ondo,2024,Mean_Tmax_C,29.06705454545454,26.530373831775705,37.37739130434783,False,False,False
T+0_R-10,Osun,2024,Mean_Tmax_C,29.38592727272728,26.530373831775705,37.37739130434783,False,False,False
T+0_R-10,Oyo,2024,Mean_Tmax_C,29.67494545454545,26.530373831775705,37.37739130434783,False,False,False
T+0_R-10,Plateau,2024,Mean_Tmax_C,28.977289719626164,26.530373831775705,37.37739130434783,False,False,False
T+0_R-10,Rivers,2024,Mean_Tmax_C,30.30472727272727,26.530373831775705,37.37739130434783,False,False,False
T+0_R-10,Sokoto,2024,Mean_Tmax_C,33.102663043478266,26.530373831775705,37.37739130434783,False,False,False
T+0_R-10,Taraba,2024,Mean_Tmax_C,31.396032608695656,26.530373831775705,37.37739130434783,False,False,False
T+0_R-10,Yobe,2024,Mean_Tmax_C,33.55940217391304,26.530373831775705,37.37739130434783,False,False,False
T+0_R-10,Zamfara,2024,Mean_Tmax_C,32.69663043478261,26.530373831775705,37.37739130434783,False,False,False
T+0_R-10,Abia,2024,Mean_Tmin_C,23.62490909090909,18.60668224299065,25.44163043478261,False,False,False
T+0_R-10,Adamawa,2024,Mean_Tmin_C,23.668152173913047,18.60668224299065,25.44163043478261,False,False,False
T+0_R-10,Akwa Ibom,2024,Mean_Tmin_C,24.384836363636364,18.60668224299065,25.44163043478261,False,False,False
T+0_R-10,Anambra,2024,Mean_Tmin_C,23.700581818181817,18.60668224299065,25.44163043478261,False,False,False
T+0_R-10,Bauchi,2024,Mean_Tmin_C,22.816413043478263,18.60668224299065,25.44163043478261,False,False,False
T+0_R-10,Bayelsa,2024,Mean_Tmin_C,24.358945454545456,18.60668224299065,25.44163043478261,False,False,False
T+0_R-10,Benue,2024,Mean_Tmin_C,24.007336448598124,18.60668224299065,25.44163043478261,False,False,False
T+0_R-10,Borno,2024,Mean_Tmin_C,25.08440217391305,18.60668224299065,25.44163043478261,False,False,False
T+0_R-10,Cross River,2024,Mean_Tmin_C,24.384836363636364,18.60668224299065,25.44163043478261,False,False,False
T+0_R-10,Delta,2024,Mean_Tmin_C,23.700581818181817,18.60668224299065,25.44163043478261,False,False,False
T+0_R-10,Ebonyi,2024,Mean_Tmin_C,24.03076363636364,18.60668224299065,25.44163043478261,False,False,False
T+0_R-10,Edo,2024,Mean_Tmin_C,23.613236363636364,18.60668224299065,25.44163043478261,False,False,False
T+0_R-10,Ekiti,2024,Mean_Tmin_C,22.22214545454545,18.60668224299065,25.44163043478261,False,False,False
T+0_R-10,Enugu,2024,Mean_Tmin_C,23.47309090909091,18.60668224299065,25.44163043478261,False,False,False
T+0_R-10,FCT,2024,Mean_Tmin_C,22.75060747663552,18.60668224299065,25.44163043478261,False,False,False
T+0_R-10,Gombe,2024,Mean_Tmin_C,23.44967391304348,18.60668224299065,25.44163043478261,False,False,False
T+0_R-10,Imo,2024,Mean_Tmin_C,23.87756363636364,18.60668224299065,25.44163043478261,False,False,False
T+0_R-10,Jigawa,2024,Mean_Tmin_C,23.66782608695652,18.60668224299065,25.44163043478261,False,False,False
T+0_R-10,Kaduna,2024,Mean_Tmin_C,21.31891304347826,18.60668224299065,25.44163043478261,False,False,False
T+0_R-10,Kano,2024,Mean_Tmin_C,23.301141304347823,18.60668224299065,25.44163043478261,False,False,False
T+0_R-10,Katsina,2024,Mean_Tmin_C,23.009782608695648,18.60668224299065,25.44163043478261,False,False,False
T+0_R-10,Kebbi,2024,Mean_Tmin_C,23.96777173913044,18.60668224299065,25.44163043478261,False,False,False
T+0_R-10,Kogi,2024,Mean_Tmin_C,23.98084112149533,18.60668224299065,25.44163043478261,False,False,False
T+0_R-10,Kwara,2024,Mean_Tmin_C,22.7088785046729,18.60668224299065,25.44163043478261,False,False,False
T+0_R-10,Lagos,2024,Mean_Tmin_C,25.44061818181818,18.60668224299065,25.44163043478261,False,False,False
T+0_R-10,Nasarawa,2024,Mean_Tmin_C,24.08780373831776,18.60668224299065,25.44163043478261,False,False,False
T+0_R-10,Niger,2024,Mean_Tmin_C,24.355934579439253,18.60668224299065,25.44163043478261,False,False,False
T+0_R-10,Ogun,2024,Mean_Tmin_C,23.70054545454545,18.60668224299065,25.44163043478261,False,False,False
T+0_R-10,Ondo,2024,Mean_Tmin_C,22.22214545454545,18.60668224299065,25.44163043478261,False,False,False
T+0_R-10,Osun,2024,Mean_Tmin_C,22.68796363636364,18.60668224299065,25.44163043478261,False,False,False
T+0_R-10,Oyo,2024,Mean_Tmin_C,22.848909090909093,18.60668224299065,25.44163043478261,False,False,False
T+0_R-10,Plateau,2024,Mean_Tmin_C,19.67495327102804,18.60668224299065,25.44163043478261,False,False,False
T+0_R-10,Rivers,2024,Mean_Tmin_C,23.983490909090907,18.60668224299065,25.44163043478261,False,False,False
T+0_R-10,Sokoto,2024,Mean_Tmin_C,24.219239130434783,18.60668224299065,25.44163043478261,False,False,False
T+0_R-10,Taraba,2024,Mean_Tmin_C,23.68092391304348,18.60668224299065,25.44163043478261,False,False,False
T+0_R-10,Yobe,2024,Mean_Tmin_C,24.001413043478266,18.60668224299065,25.44163043478261,False,False,False
T+0_R-10,Zamfara,2024,Mean_Tmin_C,22.745054347826088,18.60668224299065,25.44163043478261,False,False,False
T+0_R-10,Abia,2024,Rainfall_Anomaly_Z_2000_2019,-1.1991116246272546,-2.9722877578679507,15.012756673567567,False,False,False
T+0_R-10,Adamawa,2024,Rainfall_Anomaly_Z_2000_2019,-0.24025131312938383,-2.9722877578679507,15.012756673567567,False,False,False
T+0_R-10,Akwa Ibom,2024,Rainfall_Anomaly_Z_2000_2019,-2.2573682544559484,-2.9722877578679507,15.012756673567567,False,False,False
T+0_R-10,Anambra,2024,Rainfall_Anomaly_Z_2000_2019,-0.9238653382853763,-2.9722877578679507,15.012756673567567,False,False,False
T+0_R-10,Bauchi,2024,Rainfall_Anomaly_Z_2000_2019,1.4714664334485685,-2.9722877578679507,15.012756673567567,False,False,False
T+0_R-10,Bayelsa,2024,Rainfall_Anomaly_Z_2000_2019,-0.8464589029081977,-2.9722877578679507,15.012756673567567,False,False,False
T+0_R-10,Benue,2024,Rainfall_Anomaly_Z_2000_2019,-1.0205112777693868,-2.9722877578679507,15.012756673567567,False,False,False
T+0_R-10,Borno,2024,Rainfall_Anomaly_Z_2000_2019,-0.03770474956102871,-2.9722877578679507,15.012756673567567,False,False,False
T+0_R-10,Cross River,2024,Rainfall_Anomaly_Z_2000_2019,-2.2573682544559484,-2.9722877578679507,15.012756673567567,False,False,False
T+0_R-10,Delta,2024,Rainfall_Anomaly_Z_2000_2019,-0.9238653382853763,-2.9722877578679507,15.012756673567567,False,False,False
T+0_R-10,Ebonyi,2024,Rainfall_Anomaly_Z_2000_2019,-1.7513178262715765,-2.9722877578679507,15.012756673567567,False,False,False
T+0_R-10,Edo,2024,Rainfall_Anomaly_Z_2000_2019,-0.8671028749073376,-2.9722877578679507,15.012756673567567,False,False,False
T+0_R-10,Ekiti,2024,Rainfall_Anomaly_Z_2000_2019,-0.948943995985069,-2.9722877578679507,15.012756673567567,False,False,False
T+0_R-10,Enugu,2024,Rainfall_Anomaly_Z_2000_2019,-1.738770902470491,-2.9722877578679507,15.012756673567567,False,False,False
T+0_R-10,FCT,2024,Rainfall_Anomaly_Z_2000_2019,-0.45711783519399035,-2.9722877578679507,15.012756673567567,False,False,False
T+0_R-10,Gombe,2024,Rainfall_Anomaly_Z_2000_2019,2.174226742213665,-2.9722877578679507,15.012756673567567,False,False,False
T+0_R-10,Imo,2024,Rainfall_Anomaly_Z_2000_2019,-0.6637440683239707,-2.9722877578679507,15.012756673567567,False,False,False
T+0_R-10,Jigawa,2024,Rainfall_Anomaly_Z_2000_2019,2.049893869180306,-2.9722877578679507,15.012756673567567,False,False,False
T+0_R-10,Kaduna,2024,Rainfall_Anomaly_Z_2000_2019,0.21074446843767378,-2.9722877578679507,15.012756673567567,False,False,False
T+0_R-10,Kano,2024,Rainfall_Anomaly_Z_2000_2019,1.8451850842313149,-2.9722877578679507,15.012756673567567,False,False,False
T+0_R-10,Katsina,2024,Rainfall_Anomaly_Z_2000_2019,4.581434927830171,-2.9722877578679507,15.012756673567567,False,False,False
T+0_R-10,Kebbi,2024,Rainfall_Anomaly_Z_2000_2019,11.177817378052934,-2.9722877578679507,15.012756673567567,False,False,False
T+0_R-10,Kogi,2024,Rainfall_Anomaly_Z_2000_2019,-1.0950125262008648,-2.9722877578679507,15.012756673567567,False,False,False
T+0_R-10,Kwara,2024,Rainfall_Anomaly_Z_2000_2019,-0.14814143225474208,-2.9722877578679507,15.012756673567567,False,False,False
T+0_R-10,Lagos,2024,Rainfall_Anomaly_Z_2000_2019,-0.9088014387440245,-2.9722877578679507,15.012756673567567,False,False,False
T+0_R-10,Nasarawa,2024,Rainfall_Anomaly_Z_2000_2019,-0.2756563771778586,-2.9722877578679507,15.012756673567567,False,False,False
T+0_R-10,Niger,2024,Rainfall_Anomaly_Z_2000_2019,-1.2616091984598155,-2.9722877578679507,15.012756673567567,False,False,False
T+0_R-10,Ogun,2024,Rainfall_Anomaly_Z_2000_2019,-0.5264052409229788,-2.9722877578679507,15.012756673567567,False,False,False
T+0_R-10,Ondo,2024,Rainfall_Anomaly_Z_2000_2019,-0.948943995985069,-2.9722877578679507,15.012756673567567,False,False,False
T+0_R-10,Osun,2024,Rainfall_Anomaly_Z_2000_2019,-0.3678848726100549,-2.9722877578679507,15.012756673567567,False,False,False
T+0_R-10,Oyo,2024,Rainfall_Anomaly_Z_2000_2019,-0.4399009147139256,-2.9722877578679507,15.012756673567567,False,False,False
T+0_R-10,Plateau,2024,Rainfall_Anomaly_Z_2000_2019,1.0584617768271267,-2.9722877578679507,15.012756673567567,False,False,False
T+0_R-10,Rivers,2024,Rainfall_Anomaly_Z_2000_2019,-1.0312177405024023,-2.9722877578679507,15.012756673567567,False,False,False
T+0_R-10,Sokoto,2024,Rainfall_Anomaly_Z_2000_2019,3.98292084184097,-2.9722877578679507,15.012756673567567,False,False,False
T+0_R-10,Taraba,2024,Rainfall_Anomaly_Z_2000_2019,0.5995816599557909,-2.9722877578679507,15.012756673567567,False,False,False
T+0_R-10,Yobe,2024,Rainfall_Anomaly_Z_2000_2019,1.3360616360407556,-2.9722877578679507,15.012756673567567,False,False,False
T+0_R-10,Zamfara,2024,Rainfall_Anomaly_Z_2000_2019,-0.5424980307332792,-2.9722877578679507,15.012756673567567,False,False,False
T+0_R-20,Abia,2024,Seasonal_Rainfall_mm,1085.24,340.79,5688.79,False,False,False
T+0_R-20,Adamawa,2024,Seasonal_Rainfall_mm,723.392,340.79,5688.79,False,False,False
T+0_R-20,Akwa Ibom,2024,Seasonal_Rainfall_mm,1495.272,340.79,5688.79,False,False,False
T+0_R-20,Anambra,2024,Seasonal_Rainfall_mm,1077.608,340.79,5688.79,False,False,False
T+0_R-20,Bauchi,2024,Seasonal_Rainfall_mm,868.088,340.79,5688.79,False,False,False
T+0_R-20,Bayelsa,2024,Seasonal_Rainfall_mm,1506.384,340.79,5688.79,False,False,False
T+0_R-20,Benue,2024,Seasonal_Rainfall_mm,770.52,340.79,5688.79,False,False,False
T+0_R-20,Borno,2024,Seasonal_Rainfall_mm,466.528,340.79,5688.79,False,False,False
T+0_R-20,Cross River,2024,Seasonal_Rainfall_mm,1495.272,340.79,5688.79,False,False,False
T+0_R-20,Delta,2024,Seasonal_Rainfall_mm,1077.608,340.79,5688.79,False,False,False
T+0_R-20,Ebonyi,2024,Seasonal_Rainfall_mm,722.7760000000001,340.79,5688.79,False,False,False
T+0_R-20,Edo,2024,Seasonal_Rainfall_mm,1084.624,340.79,5688.79,False,False,False
T+0_R-20,Ekiti,2024,Seasonal_Rainfall_mm,1085.4400000000003,340.79,5688.79,False,False,False
T+0_R-20,Enugu,2024,Seasonal_Rainfall_mm,780.72,340.79,5688.79,False,False,False
T+0_R-20,FCT,2024,Seasonal_Rainfall_mm,923.448,340.79,5688.79,False,False,False
T+0_R-20,Gombe,2024,Seasonal_Rainfall_mm,1146.7600000000004,340.79,5688.79,False,False,False
T+0_R-20,Imo,2024,Seasonal_Rainfall_mm,1282.864,340.79,5688.79,False,False,False
T+0_R-20,Jigawa,2024,Seasonal_Rainfall_mm,814.6080000000001,340.79,5688.79,False,False,False
T+0_R-20,Kaduna,2024,Seasonal_Rainfall_mm,1165.472,340.79,5688.79,False,False,False
T+0_R-20,Kano,2024,Seasonal_Rainfall_mm,801.104,340.79,5688.79,False,False,False
T+0_R-20,Katsina,2024,Seasonal_Rainfall_mm,1032.6879999999999,340.79,5688.79,False,False,False
T+0_R-20,Kebbi,2024,Seasonal_Rainfall_mm,1703.968,340.79,5688.79,False,False,False
T+0_R-20,Kogi,2024,Seasonal_Rainfall_mm,700.9679999999998,340.79,5688.79,False,False,False
T+0_R-20,Kwara,2024,Seasonal_Rainfall_mm,972.3120000000001,340.79,5688.79,False,False,False
T+0_R-20,Lagos,2024,Seasonal_Rainfall_mm,1053.3280000000002,340.79,5688.79,False,False,False
T+0_R-20,Nasarawa,2024,Seasonal_Rainfall_mm,818.864,340.79,5688.79,False,False,False
T+0_R-20,Niger,2024,Seasonal_Rainfall_mm,726.9680000000001,340.79,5688.79,False,False,False
T+0_R-20,Ogun,2024,Seasonal_Rainfall_mm,1284.48,340.79,5688.79,False,False,False
T+0_R-20,Ondo,2024,Seasonal_Rainfall_mm,1085.4400000000003,340.79,5688.79,False,False,False
T+0_R-20,Osun,2024,Seasonal_Rainfall_mm,1343.5439999999999,340.79,5688.79,False,False,False
T+0_R-20,Oyo,2024,Seasonal_Rainfall_mm,1306.04,340.79,5688.79,False,False,False
T+0_R-20,Plateau,2024,Seasonal_Rainfall_mm,1100.584,340.79,5688.79,False,False,False
T+0_R-20,Rivers,2024,Seasonal_Rainfall_mm,1416.68,340.79,5688.79,False,False,False
T+0_R-20,Sokoto,2024,Seasonal_Rainfall_mm,1090.808,340.79,5688.79,False,False,False
T+0_R-20,Taraba,2024,Seasonal_Rainfall_mm,876.68,340.79,5688.79,False,False,False
T+0_R-20,Yobe,2024,Seasonal_Rainfall_mm,741.48,340.79,5688.79,False,False,False
T+0_R-20,Zamfara,2024,Seasonal_Rainfall_mm,555.8960000000001,340.79,5688.79,False,False,False
T+0_R-20,Abia,2024,Seasonal_GDD_C,4627.7,2545.795,4805.745,False,False,False
T+0_R-20,Adamawa,2024,Seasonal_GDD_C,3318.585,2545.795,4805.745,False,False,False
T+0_R-20,Akwa Ibom,2024,Seasonal_GDD_C,4694.005000000001,2545.795,4805.745,False,False,False
T+0_R-20,Anambra,2024,Seasonal_GDD_C,4641.875,2545.795,4805.745,False,False,False
T+0_R-20,Bauchi,2024,Seasonal_GDD_C,3200.24,2545.795,4805.745,False,False,False
T+0_R-20,Bayelsa,2024,Seasonal_GDD_C,4720.065,2545.795,4805.745,False,False,False
T+0_R-20,Benue,2024,Seasonal_GDD_C,3758.71,2545.795,4805.745,False,False,False
T+0_R-20,Borno,2024,Seasonal_GDD_C,3727.105,2545.795,4805.745,False,False,False
T+0_R-20,Cross River,2024,Seasonal_GDD_C,4694.005000000001,2545.795,4805.745,False,False,False
T+0_R-20,Delta,2024,Seasonal_GDD_C,4641.875,2545.795,4805.745,False,False,False
T+0_R-20,Ebonyi,2024,Seasonal_GDD_C,4949.355,2545.795,4805.745,False,True,True
T+0_R-20,Edo,2024,Seasonal_GDD_C,4583.435,2545.795,4805.745,False,False,False
T+0_R-20,Ekiti,2024,Seasonal_GDD_C,4302.264999999999,2545.795,4805.745,False,False,False
T+0_R-20,Enugu,2024,Seasonal_GDD_C,4722.129999999999,2545.795,4805.745,False,False,False
T+0_R-20,FCT,2024,Seasonal_GDD_C,3569.07,2545.795,4805.745,False,False,False
T+0_R-20,Gombe,2024,Seasonal_GDD_C,3255.21,2545.795,4805.745,False,False,False
T+0_R-20,Imo,2024,Seasonal_GDD_C,4689.094999999999,2545.795,4805.745,False,False,False
T+0_R-20,Jigawa,2024,Seasonal_GDD_C,3497.245,2545.795,4805.745,False,False,False
T+0_R-20,Kaduna,2024,Seasonal_GDD_C,2800.6800000000003,2545.795,4805.745,False,False,False
T+0_R-20,Kano,2024,Seasonal_GDD_C,3483.455,2545.795,4805.745,False,False,False
T+0_R-20,Katsina,2024,Seasonal_GDD_C,3208.635,2545.795,4805.745,False,False,False
T+0_R-20,Kebbi,2024,Seasonal_GDD_C,3373.3050000000003,2545.795,4805.745,False,False,False
T+0_R-20,Kogi,2024,Seasonal_GDD_C,3787.005,2545.795,4805.745,False,False,False
T+0_R-20,Kwara,2024,Seasonal_GDD_C,3515.295,2545.795,4805.745,False,False,False
T+0_R-20,Lagos,2024,Seasonal_GDD_C,4739.834999999999,2545.795,4805.745,False,False,False
T+0_R-20,Nasarawa,2024,Seasonal_GDD_C,3821.105,2545.795,4805.745,False,False,False
T+0_R-20,Niger,2024,Seasonal_GDD_C,3892.51,2545.795,4805.745,False,False,False
T+0_R-20,Ogun,2024,Seasonal_GDD_C,4582.57,2545.795,4805.745,False,False,False
T+0_R-20,Ondo,2024,Seasonal_GDD_C,4302.264999999999,2545.795,4805.745,False,False,False
T+0_R-20,Osun,2024,Seasonal_GDD_C,4410.16,2545.795,4805.745,False,False,False
T+0_R-20,Oyo,2024,Seasonal_GDD_C,4472.030000000001,2545.795,4805.745,False,False,False
T+0_R-20,Plateau,2024,Seasonal_GDD_C,3065.7900000000004,2545.795,4805.745,False,False,False
T+0_R-20,Rivers,2024,Seasonal_GDD_C,4714.629999999999,2545.795,4805.745,False,False,False
T+0_R-20,Sokoto,2024,Seasonal_GDD_C,3433.615,2545.795,4805.745,False,False,False
T+0_R-20,Taraba,2024,Seasonal_GDD_C,3227.08,2545.795,4805.745,False,False,False
T+0_R-20,Yobe,2024,Seasonal_GDD_C,3455.5950000000003,2545.795,4805.745,False,False,False
T+0_R-20,Zamfara,2024,Seasonal_GDD_C,3260.635,2545.795,4805.745,False,False,False
T+0_R-20,Abia,2024,Mean_Tmax_C,30.031090909090903,26.530373831775705,37.37739130434783,False,False,False
T+0_R-20,Adamawa,2024,Mean_Tmax_C,32.40342391304348,26.530373831775705,37.37739130434783,False,False,False
T+0_R-20,Akwa Ibom,2024,Mean_Tmax_C,29.75338181818182,26.530373831775705,37.37739130434783,False,False,False
T+0_R-20,Anambra,2024,Mean_Tmax_C,30.05850909090909,26.530373831775705,37.37739130434783,False,False,False
T+0_R-20,Bauchi,2024,Mean_Tmax_C,31.968804347826087,26.530373831775705,37.37739130434783,False,False,False
T+0_R-20,Bayelsa,2024,Mean_Tmax_C,29.968800000000005,26.530373831775705,37.37739130434783,False,False,False
T+0_R-20,Benue,2024,Mean_Tmax_C,31.120794392523365,26.530373831775705,37.37739130434783,False,False,False
T+0_R-20,Borno,2024,Mean_Tmax_C,35.42760869565217,26.530373831775705,37.37739130434783,False,False,False
T+0_R-20,Cross River,2024,Mean_Tmax_C,29.75338181818182,26.530373831775705,37.37739130434783,False,False,False
T+0_R-20,Delta,2024,Mean_Tmax_C,30.05850909090909,26.530373831775705,37.37739130434783,False,False,False
T+0_R-20,Ebonyi,2024,Mean_Tmax_C,31.96454545454545,26.530373831775705,37.37739130434783,False,False,False
T+0_R-20,Edo,2024,Mean_Tmax_C,29.72083636363637,26.530373831775705,37.37739130434783,False,False,False
T+0_R-20,Ekiti,2024,Mean_Tmax_C,29.06705454545454,26.530373831775705,37.37739130434783,False,False,False
T+0_R-20,Enugu,2024,Mean_Tmax_C,30.869672727272725,26.530373831775705,37.37739130434783,False,False,False
T+0_R-20,FCT,2024,Mean_Tmax_C,30.60518691588785,26.530373831775705,37.37739130434783,False,False,False
T+0_R-20,Gombe,2024,Mean_Tmax_C,31.93304347826087,26.530373831775705,37.37739130434783,False,False,False
T+0_R-20,Imo,2024,Mean_Tmax_C,30.22494545454545,26.530373831775705,37.37739130434783,False,False,False
T+0_R-20,Jigawa,2024,Mean_Tmax_C,34.34570652173913,26.530373831775705,37.37739130434783,False,False,False
T+0_R-20,Kaduna,2024,Mean_Tmax_C,29.12326086956521,26.530373831775705,37.37739130434783,False,False,False
T+0_R-20,Kano,2024,Mean_Tmax_C,34.5625,26.530373831775705,37.37739130434783,False,False,False
T+0_R-20,Katsina,2024,Mean_Tmax_C,31.866684782608697,26.530373831775705,37.37739130434783,False,False,False
T+0_R-20,Kebbi,2024,Mean_Tmax_C,32.69858695652174,26.530373831775705,37.37739130434783,False,False,False
T+0_R-20,Kogi,2024,Mean_Tmax_C,31.41172897196261,26.530373831775705,37.37739130434783,False,False,False
T+0_R-20,Kwara,2024,Mean_Tmax_C,30.14434579439252,26.530373831775705,37.37739130434783,False,False,False
T+0_R-20,Lagos,2024,Mean_Tmax_C,29.03090909090909,26.530373831775705,37.37739130434783,False,False,False
T+0_R-20,Nasarawa,2024,Mean_Tmax_C,31.623457943925235,26.530373831775705,37.37739130434783,False,False,False
T+0_R-20,Niger,2024,Mean_Tmax_C,32.02266355140187,26.530373831775705,37.37739130434783,False,False,False
T+0_R-20,Ogun,2024,Mean_Tmax_C,29.627236363636364,26.530373831775705,37.37739130434783,False,False,False
T+0_R-20,Ondo,2024,Mean_Tmax_C,29.06705454545454,26.530373831775705,37.37739130434783,False,False,False
T+0_R-20,Osun,2024,Mean_Tmax_C,29.38592727272728,26.530373831775705,37.37739130434783,False,False,False
T+0_R-20,Oyo,2024,Mean_Tmax_C,29.67494545454545,26.530373831775705,37.37739130434783,False,False,False
T+0_R-20,Plateau,2024,Mean_Tmax_C,28.977289719626164,26.530373831775705,37.37739130434783,False,False,False
T+0_R-20,Rivers,2024,Mean_Tmax_C,30.30472727272727,26.530373831775705,37.37739130434783,False,False,False
T+0_R-20,Sokoto,2024,Mean_Tmax_C,33.102663043478266,26.530373831775705,37.37739130434783,False,False,False
T+0_R-20,Taraba,2024,Mean_Tmax_C,31.396032608695656,26.530373831775705,37.37739130434783,False,False,False
T+0_R-20,Yobe,2024,Mean_Tmax_C,33.55940217391304,26.530373831775705,37.37739130434783,False,False,False
T+0_R-20,Zamfara,2024,Mean_Tmax_C,32.69663043478261,26.530373831775705,37.37739130434783,False,False,False
T+0_R-20,Abia,2024,Mean_Tmin_C,23.62490909090909,18.60668224299065,25.44163043478261,False,False,False
T+0_R-20,Adamawa,2024,Mean_Tmin_C,23.668152173913047,18.60668224299065,25.44163043478261,False,False,False
T+0_R-20,Akwa Ibom,2024,Mean_Tmin_C,24.384836363636364,18.60668224299065,25.44163043478261,False,False,False
T+0_R-20,Anambra,2024,Mean_Tmin_C,23.700581818181817,18.60668224299065,25.44163043478261,False,False,False
T+0_R-20,Bauchi,2024,Mean_Tmin_C,22.816413043478263,18.60668224299065,25.44163043478261,False,False,False
T+0_R-20,Bayelsa,2024,Mean_Tmin_C,24.358945454545456,18.60668224299065,25.44163043478261,False,False,False
T+0_R-20,Benue,2024,Mean_Tmin_C,24.007336448598124,18.60668224299065,25.44163043478261,False,False,False
T+0_R-20,Borno,2024,Mean_Tmin_C,25.08440217391305,18.60668224299065,25.44163043478261,False,False,False
T+0_R-20,Cross River,2024,Mean_Tmin_C,24.384836363636364,18.60668224299065,25.44163043478261,False,False,False
T+0_R-20,Delta,2024,Mean_Tmin_C,23.700581818181817,18.60668224299065,25.44163043478261,False,False,False
T+0_R-20,Ebonyi,2024,Mean_Tmin_C,24.03076363636364,18.60668224299065,25.44163043478261,False,False,False
T+0_R-20,Edo,2024,Mean_Tmin_C,23.613236363636364,18.60668224299065,25.44163043478261,False,False,False
T+0_R-20,Ekiti,2024,Mean_Tmin_C,22.22214545454545,18.60668224299065,25.44163043478261,False,False,False
T+0_R-20,Enugu,2024,Mean_Tmin_C,23.47309090909091,18.60668224299065,25.44163043478261,False,False,False
T+0_R-20,FCT,2024,Mean_Tmin_C,22.75060747663552,18.60668224299065,25.44163043478261,False,False,False
T+0_R-20,Gombe,2024,Mean_Tmin_C,23.44967391304348,18.60668224299065,25.44163043478261,False,False,False
T+0_R-20,Imo,2024,Mean_Tmin_C,23.87756363636364,18.60668224299065,25.44163043478261,False,False,False
T+0_R-20,Jigawa,2024,Mean_Tmin_C,23.66782608695652,18.60668224299065,25.44163043478261,False,False,False
T+0_R-20,Kaduna,2024,Mean_Tmin_C,21.31891304347826,18.60668224299065,25.44163043478261,False,False,False
T+0_R-20,Kano,2024,Mean_Tmin_C,23.301141304347823,18.60668224299065,25.44163043478261,False,False,False
T+0_R-20,Katsina,2024,Mean_Tmin_C,23.009782608695648,18.60668224299065,25.44163043478261,False,False,False
T+0_R-20,Kebbi,2024,Mean_Tmin_C,23.96777173913044,18.60668224299065,25.44163043478261,False,False,False
T+0_R-20,Kogi,2024,Mean_Tmin_C,23.98084112149533,18.60668224299065,25.44163043478261,False,False,False
T+0_R-20,Kwara,2024,Mean_Tmin_C,22.7088785046729,18.60668224299065,25.44163043478261,False,False,False
T+0_R-20,Lagos,2024,Mean_Tmin_C,25.44061818181818,18.60668224299065,25.44163043478261,False,False,False
T+0_R-20,Nasarawa,2024,Mean_Tmin_C,24.08780373831776,18.60668224299065,25.44163043478261,False,False,False
T+0_R-20,Niger,2024,Mean_Tmin_C,24.355934579439253,18.60668224299065,25.44163043478261,False,False,False
T+0_R-20,Ogun,2024,Mean_Tmin_C,23.70054545454545,18.60668224299065,25.44163043478261,False,False,False
T+0_R-20,Ondo,2024,Mean_Tmin_C,22.22214545454545,18.60668224299065,25.44163043478261,False,False,False
T+0_R-20,Osun,2024,Mean_Tmin_C,22.68796363636364,18.60668224299065,25.44163043478261,False,False,False
T+0_R-20,Oyo,2024,Mean_Tmin_C,22.848909090909093,18.60668224299065,25.44163043478261,False,False,False
T+0_R-20,Plateau,2024,Mean_Tmin_C,19.67495327102804,18.60668224299065,25.44163043478261,False,False,False
T+0_R-20,Rivers,2024,Mean_Tmin_C,23.983490909090907,18.60668224299065,25.44163043478261,False,False,False
T+0_R-20,Sokoto,2024,Mean_Tmin_C,24.219239130434783,18.60668224299065,25.44163043478261,False,False,False
T+0_R-20,Taraba,2024,Mean_Tmin_C,23.68092391304348,18.60668224299065,25.44163043478261,False,False,False
T+0_R-20,Yobe,2024,Mean_Tmin_C,24.001413043478266,18.60668224299065,25.44163043478261,False,False,False
T+0_R-20,Zamfara,2024,Mean_Tmin_C,22.745054347826088,18.60668224299065,25.44163043478261,False,False,False
T+0_R-20,Abia,2024,Rainfall_Anomaly_Z_2000_2019,-1.4786221582221328,-2.9722877578679507,15.012756673567567,False,False,False
T+0_R-20,Adamawa,2024,Rainfall_Anomaly_Z_2000_2019,-0.985618936076318,-2.9722877578679507,15.012756673567567,False,False,False
T+0_R-20,Akwa Ibom,2024,Rainfall_Anomaly_Z_2000_2019,-2.625258797427147,-2.9722877578679507,15.012756673567567,False,False,False
T+0_R-20,Anambra,2024,Rainfall_Anomaly_Z_2000_2019,-1.1793340613632184,-2.9722877578679507,15.012756673567567,False,False,False
T+0_R-20,Bauchi,2024,Rainfall_Anomaly_Z_2000_2019,0.9186986385613669,-2.9722877578679507,15.012756673567567,False,False,False
T+0_R-20,Bayelsa,2024,Rainfall_Anomaly_Z_2000_2019,-1.1385826582069312,-2.9722877578679507,15.012756673567567,False,False,False
T+0_R-20,Benue,2024,Rainfall_Anomaly_Z_2000_2019,-1.316834447973708,-2.9722877578679507,15.012756673567567,False,False,False
T+0_R-20,Borno,2024,Rainfall_Anomaly_Z_2000_2019,-0.49597698286675906,-2.9722877578679507,15.012756673567567,False,False,False
T+0_R-20,Cross River,2024,Rainfall_Anomaly_Z_2000_2019,-2.625258797427147,-2.9722877578679507,15.012756673567567,False,False,False
T+0_R-20,Delta,2024,Rainfall_Anomaly_Z_2000_2019,-1.1793340613632184,-2.9722877578679507,15.012756673567567,False,False,False
T+0_R-20,Ebonyi,2024,Rainfall_Anomaly_Z_2000_2019,-1.9566096491792917,-2.9722877578679507,15.012756673567567,False,False,False
T+0_R-20,Edo,2024,Rainfall_Anomaly_Z_2000_2019,-1.1107650882695506,-2.9722877578679507,15.012756673567567,False,False,False
T+0_R-20,Ekiti,2024,Rainfall_Anomaly_Z_2000_2019,-1.421344367936102,-2.9722877578679507,15.012756673567567,False,False,False
T+0_R-20,Enugu,2024,Rainfall_Anomaly_Z_2000_2019,-1.9963650275449252,-2.9722877578679507,15.012756673567567,False,False,False
T+0_R-20,FCT,2024,Rainfall_Anomaly_Z_2000_2019,-0.828553327151722,-2.9722877578679507,15.012756673567567,False,False,False
T+0_R-20,Gombe,2024,Rainfall_Anomaly_Z_2000_2019,1.4486484604430305,-2.9722877578679507,15.012756673567567,False,False,False
T+0_R-20,Imo,2024,Rainfall_Anomaly_Z_2000_2019,-0.9438851731795997,-2.9722877578679507,15.012756673567567,False,False,False
T+0_R-20,Jigawa,2024,Rainfall_Anomaly_Z_2000_2019,1.468129244765175,-2.9722877578679507,15.012756673567567,False,False,False
T+0_R-20,Kaduna,2024,Rainfall_Anomaly_Z_2000_2019,-0.2217616720238811,-2.9722877578679507,15.012756673567567,False,False,False
T+0_R-20,Kano,2024,Rainfall_Anomaly_Z_2000_2019,1.2603729635527479,-2.9722877578679507,15.012756673567567,False,False,False
T+0_R-20,Katsina,2024,Rainfall_Anomaly_Z_2000_2019,3.4549078630549843,-2.9722877578679507,15.012756673567567,False,False,False
T+0_R-20,Kebbi,2024,Rainfall_Anomaly_Z_2000_2019,9.136092044185824,-2.9722877578679507,15.012756673567567,False,False,False
T+0_R-20,Kogi,2024,Rainfall_Anomaly_Z_2000_2019,-1.4699953007496394,-2.9722877578679507,15.012756673567567,False,False,False
T+0_R-20,Kwara,2024,Rainfall_Anomaly_Z_2000_2019,-0.7133664878923842,-2.9722877578679507,15.012756673567567,False,False,False
T+0_R-20,Lagos,2024,Rainfall_Anomaly_Z_2000_2019,-1.3857356001956171,-2.9722877578679507,15.012756673567567,False,False,False
T+0_R-20,Nasarawa,2024,Rainfall_Anomaly_Z_2000_2019,-0.6069677424361107,-2.9722877578679507,15.012756673567567,False,False,False
T+0_R-20,Niger,2024,Rainfall_Anomaly_Z_2000_2019,-1.613002095038387,-2.9722877578679507,15.012756673567567,False,False,False
T+0_R-20,Ogun,2024,Rainfall_Anomaly_Z_2000_2019,-1.0602094685713654,-2.9722877578679507,15.012756673567567,False,False,False
T+0_R-20,Ondo,2024,Rainfall_Anomaly_Z_2000_2019,-1.421344367936102,-2.9722877578679507,15.012756673567567,False,False,False
T+0_R-20,Osun,2024,Rainfall_Anomaly_Z_2000_2019,-0.9064972671104901,-2.9722877578679507,15.012756673567567,False,False,False
T+0_R-20,Oyo,2024,Rainfall_Anomaly_Z_2000_2019,-1.045621281368127,-2.9722877578679507,15.012756673567567,False,False,False
T+0_R-20,Plateau,2024,Rainfall_Anomaly_Z_2000_2019,0.5896499637152153,-2.9722877578679507,15.012756673567567,False,False,False
T+0_R-20,Rivers,2024,Rainfall_Anomaly_Z_2000_2019,-1.3301910453543389,-2.9722877578679507,15.012756673567567,False,False,False
T+0_R-20,Sokoto,2024,Rainfall_Anomaly_Z_2000_2019,3.0208470900502045,-2.9722877578679507,15.012756673567567,False,False,False
T+0_R-20,Taraba,2024,Rainfall_Anomaly_Z_2000_2019,-0.023387271847789576,-2.9722877578679507,15.012756673567567,False,False,False
T+0_R-20,Yobe,2024,Rainfall_Anomaly_Z_2000_2019,0.6320977871172421,-2.9722877578679507,15.012756673567567,False,False,False
T+0_R-20,Zamfara,2024,Rainfall_Anomaly_Z_2000_2019,-0.9828038277835861,-2.9722877578679507,15.012756673567567,False,False,False
T+0_R-30,Abia,2024,Seasonal_Rainfall_mm,949.5849999999999,340.79,5688.79,False,False,False
T+0_R-30,Adamawa,2024,Seasonal_Rainfall_mm,632.968,340.79,5688.79,False,False,False
T+0_R-30,Akwa Ibom,2024,Seasonal_Rainfall_mm,1308.3629999999998,340.79,5688.79,False,False,False
T+0_R-30,Anambra,2024,Seasonal_Rainfall_mm,942.9069999999999,340.79,5688.79,False,False,False
T+0_R-30,Bauchi,2024,Seasonal_Rainfall_mm,759.5769999999999,340.79,5688.79,False,False,False
T+0_R-30,Bayelsa,2024,Seasonal_Rainfall_mm,1318.086,340.79,5688.79,False,False,False
T+0_R-30,Benue,2024,Seasonal_Rainfall_mm,674.2049999999999,340.79,5688.79,False,False,False
T+0_R-30,Borno,2024,Seasonal_Rainfall_mm,408.21199999999993,340.79,5688.79,False,False,False
T+0_R-30,Cross River,2024,Seasonal_Rainfall_mm,1308.3629999999998,340.79,5688.79,False,False,False
T+0_R-30,Delta,2024,Seasonal_Rainfall_mm,942.9069999999999,340.79,5688.79,False,False,False
T+0_R-30,Ebonyi,2024,Seasonal_Rainfall_mm,632.429,340.79,5688.79,False,False,False
T+0_R-30,Edo,2024,Seasonal_Rainfall_mm,949.0459999999999,340.79,5688.79,False,False,False
T+0_R-30,Ekiti,2024,Seasonal_Rainfall_mm,949.7600000000001,340.79,5688.79,False,False,False
T+0_R-30,Enugu,2024,Seasonal_Rainfall_mm,683.13,340.79,5688.79,False,False,False
T+0_R-30,FCT,2024,Seasonal_Rainfall_mm,808.0169999999999,340.79,5688.79,False,False,False
T+0_R-30,Gombe,2024,Seasonal_Rainfall_mm,1003.4150000000003,340.79,5688.79,False,False,False
T+0_R-30,Imo,2024,Seasonal_Rainfall_mm,1122.5059999999999,340.79,5688.79,False,False,False
T+0_R-30,Jigawa,2024,Seasonal_Rainfall_mm,712.7819999999999,340.79,5688.79,False,False,False
T+0_R-30,Kaduna,2024,Seasonal_Rainfall_mm,1019.7879999999999,340.79,5688.79,False,False,False
T+0_R-30,Kano,2024,Seasonal_Rainfall_mm,700.966,340.79,5688.79,False,False,False
T+0_R-30,Katsina,2024,Seasonal_Rainfall_mm,903.6019999999999,340.79,5688.79,False,False,False
T+0_R-30,Kebbi,2024,Seasonal_Rainfall_mm,1490.972,340.79,5688.79,False,False,False
T+0_R-30,Kogi,2024,Seasonal_Rainfall_mm,613.3469999999999,340.79,5688.79,False,False,False
T+0_R-30,Kwara,2024,Seasonal_Rainfall_mm,850.773,340.79,5688.79,False,False,False
T+0_R-30,Lagos,2024,Seasonal_Rainfall_mm,921.662,340.79,5688.79,False,False,False
T+0_R-30,Nasarawa,2024,Seasonal_Rainfall_mm,716.506,340.79,5688.79,False,False,False
T+0_R-30,Niger,2024,Seasonal_Rainfall_mm,636.097,340.79,5688.79,False,False,False
T+0_R-30,Ogun,2024,Seasonal_Rainfall_mm,1123.9199999999998,340.79,5688.79,False,False,False
T+0_R-30,Ondo,2024,Seasonal_Rainfall_mm,949.7600000000001,340.79,5688.79,False,False,False
T+0_R-30,Osun,2024,Seasonal_Rainfall_mm,1175.6009999999999,340.79,5688.79,False,False,False
T+0_R-30,Oyo,2024,Seasonal_Rainfall_mm,1142.7849999999999,340.79,5688.79,False,False,False
T+0_R-30,Plateau,2024,Seasonal_Rainfall_mm,963.011,340.79,5688.79,False,False,False
T+0_R-30,Rivers,2024,Seasonal_Rainfall_mm,1239.5949999999998,340.79,5688.79,False,False,False
T+0_R-30,Sokoto,2024,Seasonal_Rainfall_mm,954.4569999999999,340.79,5688.79,False,False,False
T+0_R-30,Taraba,2024,Seasonal_Rainfall_mm,767.0949999999999,340.79,5688.79,False,False,False
T+0_R-30,Yobe,2024,Seasonal_Rainfall_mm,648.795,340.79,5688.79,False,False,False
T+0_R-30,Zamfara,2024,Seasonal_Rainfall_mm,486.40900000000005,340.79,5688.79,False,False,False
T+0_R-30,Abia,2024,Seasonal_GDD_C,4627.7,2545.795,4805.745,False,False,False
T+0_R-30,Adamawa,2024,Seasonal_GDD_C,3318.585,2545.795,4805.745,False,False,False
T+0_R-30,Akwa Ibom,2024,Seasonal_GDD_C,4694.005000000001,2545.795,4805.745,False,False,False
T+0_R-30,Anambra,2024,Seasonal_GDD_C,4641.875,2545.795,4805.745,False,False,False
T+0_R-30,Bauchi,2024,Seasonal_GDD_C,3200.24,2545.795,4805.745,False,False,False
T+0_R-30,Bayelsa,2024,Seasonal_GDD_C,4720.065,2545.795,4805.745,False,False,False
T+0_R-30,Benue,2024,Seasonal_GDD_C,3758.71,2545.795,4805.745,False,False,False
T+0_R-30,Borno,2024,Seasonal_GDD_C,3727.105,2545.795,4805.745,False,False,False
T+0_R-30,Cross River,2024,Seasonal_GDD_C,4694.005000000001,2545.795,4805.745,False,False,False
T+0_R-30,Delta,2024,Seasonal_GDD_C,4641.875,2545.795,4805.745,False,False,False
T+0_R-30,Ebonyi,2024,Seasonal_GDD_C,4949.355,2545.795,4805.745,False,True,True
T+0_R-30,Edo,2024,Seasonal_GDD_C,4583.435,2545.795,4805.745,False,False,False
T+0_R-30,Ekiti,2024,Seasonal_GDD_C,4302.264999999999,2545.795,4805.745,False,False,False
T+0_R-30,Enugu,2024,Seasonal_GDD_C,4722.129999999999,2545.795,4805.745,False,False,False
T+0_R-30,FCT,2024,Seasonal_GDD_C,3569.07,2545.795,4805.745,False,False,False
T+0_R-30,Gombe,2024,Seasonal_GDD_C,3255.21,2545.795,4805.745,False,False,False
T+0_R-30,Imo,2024,Seasonal_GDD_C,4689.094999999999,2545.795,4805.745,False,False,False
T+0_R-30,Jigawa,2024,Seasonal_GDD_C,3497.245,2545.795,4805.745,False,False,False
T+0_R-30,Kaduna,2024,Seasonal_GDD_C,2800.6800000000003,2545.795,4805.745,False,False,False
T+0_R-30,Kano,2024,Seasonal_GDD_C,3483.455,2545.795,4805.745,False,False,False
T+0_R-30,Katsina,2024,Seasonal_GDD_C,3208.635,2545.795,4805.745,False,False,False
T+0_R-30,Kebbi,2024,Seasonal_GDD_C,3373.3050000000003,2545.795,4805.745,False,False,False
T+0_R-30,Kogi,2024,Seasonal_GDD_C,3787.005,2545.795,4805.745,False,False,False
T+0_R-30,Kwara,2024,Seasonal_GDD_C,3515.295,2545.795,4805.745,False,False,False
T+0_R-30,Lagos,2024,Seasonal_GDD_C,4739.834999999999,2545.795,4805.745,False,False,False
T+0_R-30,Nasarawa,2024,Seasonal_GDD_C,3821.105,2545.795,4805.745,False,False,False
T+0_R-30,Niger,2024,Seasonal_GDD_C,3892.51,2545.795,4805.745,False,False,False
T+0_R-30,Ogun,2024,Seasonal_GDD_C,4582.57,2545.795,4805.745,False,False,False
T+0_R-30,Ondo,2024,Seasonal_GDD_C,4302.264999999999,2545.795,4805.745,False,False,False
T+0_R-30,Osun,2024,Seasonal_GDD_C,4410.16,2545.795,4805.745,False,False,False
T+0_R-30,Oyo,2024,Seasonal_GDD_C,4472.030000000001,2545.795,4805.745,False,False,False
T+0_R-30,Plateau,2024,Seasonal_GDD_C,3065.7900000000004,2545.795,4805.745,False,False,False
T+0_R-30,Rivers,2024,Seasonal_GDD_C,4714.629999999999,2545.795,4805.745,False,False,False
T+0_R-30,Sokoto,2024,Seasonal_GDD_C,3433.615,2545.795,4805.745,False,False,False
T+0_R-30,Taraba,2024,Seasonal_GDD_C,3227.08,2545.795,4805.745,False,False,False
T+0_R-30,Yobe,2024,Seasonal_GDD_C,3455.5950000000003,2545.795,4805.745,False,False,False
T+0_R-30,Zamfara,2024,Seasonal_GDD_C,3260.635,2545.795,4805.745,False,False,False
T+0_R-30,Abia,2024,Mean_Tmax_C,30.031090909090903,26.530373831775705,37.37739130434783,False,False,False
T+0_R-30,Adamawa,2024,Mean_Tmax_C,32.40342391304348,26.530373831775705,37.37739130434783,False,False,False
T+0_R-30,Akwa Ibom,2024,Mean_Tmax_C,29.75338181818182,26.530373831775705,37.37739130434783,False,False,False
T+0_R-30,Anambra,2024,Mean_Tmax_C,30.05850909090909,26.530373831775705,37.37739130434783,False,False,False
T+0_R-30,Bauchi,2024,Mean_Tmax_C,31.968804347826087,26.530373831775705,37.37739130434783,False,False,False
T+0_R-30,Bayelsa,2024,Mean_Tmax_C,29.968800000000005,26.530373831775705,37.37739130434783,False,False,False
T+0_R-30,Benue,2024,Mean_Tmax_C,31.120794392523365,26.530373831775705,37.37739130434783,False,False,False
T+0_R-30,Borno,2024,Mean_Tmax_C,35.42760869565217,26.530373831775705,37.37739130434783,False,False,False
T+0_R-30,Cross River,2024,Mean_Tmax_C,29.75338181818182,26.530373831775705,37.37739130434783,False,False,False
T+0_R-30,Delta,2024,Mean_Tmax_C,30.05850909090909,26.530373831775705,37.37739130434783,False,False,False
T+0_R-30,Ebonyi,2024,Mean_Tmax_C,31.96454545454545,26.530373831775705,37.37739130434783,False,False,False
T+0_R-30,Edo,2024,Mean_Tmax_C,29.72083636363637,26.530373831775705,37.37739130434783,False,False,False
T+0_R-30,Ekiti,2024,Mean_Tmax_C,29.06705454545454,26.530373831775705,37.37739130434783,False,False,False
T+0_R-30,Enugu,2024,Mean_Tmax_C,30.869672727272725,26.530373831775705,37.37739130434783,False,False,False
T+0_R-30,FCT,2024,Mean_Tmax_C,30.60518691588785,26.530373831775705,37.37739130434783,False,False,False
T+0_R-30,Gombe,2024,Mean_Tmax_C,31.93304347826087,26.530373831775705,37.37739130434783,False,False,False
T+0_R-30,Imo,2024,Mean_Tmax_C,30.22494545454545,26.530373831775705,37.37739130434783,False,False,False
T+0_R-30,Jigawa,2024,Mean_Tmax_C,34.34570652173913,26.530373831775705,37.37739130434783,False,False,False
T+0_R-30,Kaduna,2024,Mean_Tmax_C,29.12326086956521,26.530373831775705,37.37739130434783,False,False,False
T+0_R-30,Kano,2024,Mean_Tmax_C,34.5625,26.530373831775705,37.37739130434783,False,False,False
T+0_R-30,Katsina,2024,Mean_Tmax_C,31.866684782608697,26.530373831775705,37.37739130434783,False,False,False
T+0_R-30,Kebbi,2024,Mean_Tmax_C,32.69858695652174,26.530373831775705,37.37739130434783,False,False,False
T+0_R-30,Kogi,2024,Mean_Tmax_C,31.41172897196261,26.530373831775705,37.37739130434783,False,False,False
T+0_R-30,Kwara,2024,Mean_Tmax_C,30.14434579439252,26.530373831775705,37.37739130434783,False,False,False
T+0_R-30,Lagos,2024,Mean_Tmax_C,29.03090909090909,26.530373831775705,37.37739130434783,False,False,False
T+0_R-30,Nasarawa,2024,Mean_Tmax_C,31.623457943925235,26.530373831775705,37.37739130434783,False,False,False
T+0_R-30,Niger,2024,Mean_Tmax_C,32.02266355140187,26.530373831775705,37.37739130434783,False,False,False
T+0_R-30,Ogun,2024,Mean_Tmax_C,29.627236363636364,26.530373831775705,37.37739130434783,False,False,False
T+0_R-30,Ondo,2024,Mean_Tmax_C,29.06705454545454,26.530373831775705,37.37739130434783,False,False,False
T+0_R-30,Osun,2024,Mean_Tmax_C,29.38592727272728,26.530373831775705,37.37739130434783,False,False,False
T+0_R-30,Oyo,2024,Mean_Tmax_C,29.67494545454545,26.530373831775705,37.37739130434783,False,False,False
T+0_R-30,Plateau,2024,Mean_Tmax_C,28.977289719626164,26.530373831775705,37.37739130434783,False,False,False
T+0_R-30,Rivers,2024,Mean_Tmax_C,30.30472727272727,26.530373831775705,37.37739130434783,False,False,False
T+0_R-30,Sokoto,2024,Mean_Tmax_C,33.102663043478266,26.530373831775705,37.37739130434783,False,False,False
T+0_R-30,Taraba,2024,Mean_Tmax_C,31.396032608695656,26.530373831775705,37.37739130434783,False,False,False
T+0_R-30,Yobe,2024,Mean_Tmax_C,33.55940217391304,26.530373831775705,37.37739130434783,False,False,False
T+0_R-30,Zamfara,2024,Mean_Tmax_C,32.69663043478261,26.530373831775705,37.37739130434783,False,False,False
T+0_R-30,Abia,2024,Mean_Tmin_C,23.62490909090909,18.60668224299065,25.44163043478261,False,False,False
T+0_R-30,Adamawa,2024,Mean_Tmin_C,23.668152173913047,18.60668224299065,25.44163043478261,False,False,False
T+0_R-30,Akwa Ibom,2024,Mean_Tmin_C,24.384836363636364,18.60668224299065,25.44163043478261,False,False,False
T+0_R-30,Anambra,2024,Mean_Tmin_C,23.700581818181817,18.60668224299065,25.44163043478261,False,False,False
T+0_R-30,Bauchi,2024,Mean_Tmin_C,22.816413043478263,18.60668224299065,25.44163043478261,False,False,False
T+0_R-30,Bayelsa,2024,Mean_Tmin_C,24.358945454545456,18.60668224299065,25.44163043478261,False,False,False
T+0_R-30,Benue,2024,Mean_Tmin_C,24.007336448598124,18.60668224299065,25.44163043478261,False,False,False
T+0_R-30,Borno,2024,Mean_Tmin_C,25.08440217391305,18.60668224299065,25.44163043478261,False,False,False
T+0_R-30,Cross River,2024,Mean_Tmin_C,24.384836363636364,18.60668224299065,25.44163043478261,False,False,False
T+0_R-30,Delta,2024,Mean_Tmin_C,23.700581818181817,18.60668224299065,25.44163043478261,False,False,False
T+0_R-30,Ebonyi,2024,Mean_Tmin_C,24.03076363636364,18.60668224299065,25.44163043478261,False,False,False
T+0_R-30,Edo,2024,Mean_Tmin_C,23.613236363636364,18.60668224299065,25.44163043478261,False,False,False
T+0_R-30,Ekiti,2024,Mean_Tmin_C,22.22214545454545,18.60668224299065,25.44163043478261,False,False,False
T+0_R-30,Enugu,2024,Mean_Tmin_C,23.47309090909091,18.60668224299065,25.44163043478261,False,False,False
T+0_R-30,FCT,2024,Mean_Tmin_C,22.75060747663552,18.60668224299065,25.44163043478261,False,False,False
T+0_R-30,Gombe,2024,Mean_Tmin_C,23.44967391304348,18.60668224299065,25.44163043478261,False,False,False
T+0_R-30,Imo,2024,Mean_Tmin_C,23.87756363636364,18.60668224299065,25.44163043478261,False,False,False
T+0_R-30,Jigawa,2024,Mean_Tmin_C,23.66782608695652,18.60668224299065,25.44163043478261,False,False,False
T+0_R-30,Kaduna,2024,Mean_Tmin_C,21.31891304347826,18.60668224299065,25.44163043478261,False,False,False
T+0_R-30,Kano,2024,Mean_Tmin_C,23.301141304347823,18.60668224299065,25.44163043478261,False,False,False
T+0_R-30,Katsina,2024,Mean_Tmin_C,23.009782608695648,18.60668224299065,25.44163043478261,False,False,False
T+0_R-30,Kebbi,2024,Mean_Tmin_C,23.96777173913044,18.60668224299065,25.44163043478261,False,False,False
T+0_R-30,Kogi,2024,Mean_Tmin_C,23.98084112149533,18.60668224299065,25.44163043478261,False,False,False
T+0_R-30,Kwara,2024,Mean_Tmin_C,22.7088785046729,18.60668224299065,25.44163043478261,False,False,False
T+0_R-30,Lagos,2024,Mean_Tmin_C,25.44061818181818,18.60668224299065,25.44163043478261,False,False,False
T+0_R-30,Nasarawa,2024,Mean_Tmin_C,24.08780373831776,18.60668224299065,25.44163043478261,False,False,False
T+0_R-30,Niger,2024,Mean_Tmin_C,24.355934579439253,18.60668224299065,25.44163043478261,False,False,False
T+0_R-30,Ogun,2024,Mean_Tmin_C,23.70054545454545,18.60668224299065,25.44163043478261,False,False,False
T+0_R-30,Ondo,2024,Mean_Tmin_C,22.22214545454545,18.60668224299065,25.44163043478261,False,False,False
T+0_R-30,Osun,2024,Mean_Tmin_C,22.68796363636364,18.60668224299065,25.44163043478261,False,False,False
T+0_R-30,Oyo,2024,Mean_Tmin_C,22.848909090909093,18.60668224299065,25.44163043478261,False,False,False
T+0_R-30,Plateau,2024,Mean_Tmin_C,19.67495327102804,18.60668224299065,25.44163043478261,False,False,False
T+0_R-30,Rivers,2024,Mean_Tmin_C,23.983490909090907,18.60668224299065,25.44163043478261,False,False,False
T+0_R-30,Sokoto,2024,Mean_Tmin_C,24.219239130434783,18.60668224299065,25.44163043478261,False,False,False
T+0_R-30,Taraba,2024,Mean_Tmin_C,23.68092391304348,18.60668224299065,25.44163043478261,False,False,False
T+0_R-30,Yobe,2024,Mean_Tmin_C,24.001413043478266,18.60668224299065,25.44163043478261,False,False,False
T+0_R-30,Zamfara,2024,Mean_Tmin_C,22.745054347826088,18.60668224299065,25.44163043478261,False,False,False
T+0_R-30,Abia,2024,Rainfall_Anomaly_Z_2000_2019,-1.7581326918170115,-2.9722877578679507,15.012756673567567,False,False,False
T+0_R-30,Adamawa,2024,Rainfall_Anomaly_Z_2000_2019,-1.7309865590232532,-2.9722877578679507,15.012756673567567,False,False,False
T+0_R-30,Akwa Ibom,2024,Rainfall_Anomaly_Z_2000_2019,-2.993149340398346,-2.9722877578679507,15.012756673567567,True,False,True
T+0_R-30,Anambra,2024,Rainfall_Anomaly_Z_2000_2019,-1.4348027844410607,-2.9722877578679507,15.012756673567567,False,False,False
T+0_R-30,Bauchi,2024,Rainfall_Anomaly_Z_2000_2019,0.36593084367416473,-2.9722877578679507,15.012756673567567,False,False,False
T+0_R-30,Bayelsa,2024,Rainfall_Anomaly_Z_2000_2019,-1.4307064135056644,-2.9722877578679507,15.012756673567567,False,False,False
T+0_R-30,Benue,2024,Rainfall_Anomaly_Z_2000_2019,-1.6131576181780294,-2.9722877578679507,15.012756673567567,False,False,False
T+0_R-30,Borno,2024,Rainfall_Anomaly_Z_2000_2019,-0.9542492161724908,-2.9722877578679507,15.012756673567567,False,False,False
T+0_R-30,Cross River,2024,Rainfall_Anomaly_Z_2000_2019,-2.993149340398346,-2.9722877578679507,15.012756673567567,True,False,True
T+0_R-30,Delta,2024,Rainfall_Anomaly_Z_2000_2019,-1.4348027844410607,-2.9722877578679507,15.012756673567567,False,False,False
T+0_R-30,Ebonyi,2024,Rainfall_Anomaly_Z_2000_2019,-2.161901472087007,-2.9722877578679507,15.012756673567567,False,False,False
T+0_R-30,Edo,2024,Rainfall_Anomaly_Z_2000_2019,-1.3544273016317638,-2.9722877578679507,15.012756673567567,False,False,False
T+0_R-30,Ekiti,2024,Rainfall_Anomaly_Z_2000_2019,-1.8937447398871359,-2.9722877578679507,15.012756673567567,False,False,False
T+0_R-30,Enugu,2024,Rainfall_Anomaly_Z_2000_2019,-2.25395915261936,-2.9722877578679507,15.012756673567567,False,False,False
T+0_R-30,FCT,2024,Rainfall_Anomaly_Z_2000_2019,-1.199988819109454,-2.9722877578679507,15.012756673567567,False,False,False
T+0_R-30,Gombe,2024,Rainfall_Anomaly_Z_2000_2019,0.7230701786723953,-2.9722877578679507,15.012756673567567,False,False,False
T+0_R-30,Imo,2024,Rainfall_Anomaly_Z_2000_2019,-1.2240262780352293,-2.9722877578679507,15.012756673567567,False,False,False
T+0_R-30,Jigawa,2024,Rainfall_Anomaly_Z_2000_2019,0.8863646203500427,-2.9722877578679507,15.012756673567567,False,False,False
T+0_R-30,Kaduna,2024,Rainfall_Anomaly_Z_2000_2019,-0.6542678124854363,-2.9722877578679507,15.012756673567567,False,False,False
T+0_R-30,Kano,2024,Rainfall_Anomaly_Z_2000_2019,0.6755608428741803,-2.9722877578679507,15.012756673567567,False,False,False
T+0_R-30,Katsina,2024,Rainfall_Anomaly_Z_2000_2019,2.3283807982797984,-2.9722877578679507,15.012756673567567,False,False,False
T+0_R-30,Kebbi,2024,Rainfall_Anomaly_Z_2000_2019,7.094366710318714,-2.9722877578679507,15.012756673567567,False,False,False
T+0_R-30,Kogi,2024,Rainfall_Anomaly_Z_2000_2019,-1.844978075298414,-2.9722877578679507,15.012756673567567,False,False,False
T+0_R-30,Kwara,2024,Rainfall_Anomaly_Z_2000_2019,-1.278591543530027,-2.9722877578679507,15.012756673567567,False,False,False
T+0_R-30,Lagos,2024,Rainfall_Anomaly_Z_2000_2019,-1.8626697616472105,-2.9722877578679507,15.012756673567567,False,False,False
T+0_R-30,Nasarawa,2024,Rainfall_Anomaly_Z_2000_2019,-0.938279107694363,-2.9722877578679507,15.012756673567567,False,False,False
T+0_R-30,Niger,2024,Rainfall_Anomaly_Z_2000_2019,-1.9643949916169592,-2.9722877578679507,15.012756673567567,False,False,False
T+0_R-30,Ogun,2024,Rainfall_Anomaly_Z_2000_2019,-1.5940136962197529,-2.9722877578679507,15.012756673567567,False,False,False
T+0_R-30,Ondo,2024,Rainfall_Anomaly_Z_2000_2019,-1.8937447398871359,-2.9722877578679507,15.012756673567567,False,False,False
T+0_R-30,Osun,2024,Rainfall_Anomaly_Z_2000_2019,-1.4451096616109254,-2.9722877578679507,15.012756673567567,False,False,False
T+0_R-30,Oyo,2024,Rainfall_Anomaly_Z_2000_2019,-1.651341648022328,-2.9722877578679507,15.012756673567567,False,False,False
T+0_R-30,Plateau,2024,Rainfall_Anomaly_Z_2000_2019,0.12083815060330391,-2.9722877578679507,15.012756673567567,False,False,False
T+0_R-30,Rivers,2024,Rainfall_Anomaly_Z_2000_2019,-1.629164350206276,-2.9722877578679507,15.012756673567567,False,False,False
T+0_R-30,Sokoto,2024,Rainfall_Anomaly_Z_2000_2019,2.058773338259439,-2.9722877578679507,15.012756673567567,False,False,False
T+0_R-30,Taraba,2024,Rainfall_Anomaly_Z_2000_2019,-0.64635620365137,-2.9722877578679507,15.012756673567567,False,False,False
T+0_R-30,Yobe,2024,Rainfall_Anomaly_Z_2000_2019,-0.07186606180627149,-2.9722877578679507,15.012756673567567,False,False,False
T+0_R-30,Zamfara,2024,Rainfall_Anomaly_Z_2000_2019,-1.4231096248338928,-2.9722877578679507,15.012756673567567,False,False,False
T+1_R0,Abia,2024,Seasonal_Rainfall_mm,1356.55,340.79,5688.79,False,False,False
T+1_R0,Adamawa,2024,Seasonal_Rainfall_mm,904.24,340.79,5688.79,False,False,False
T+1_R0,Akwa Ibom,2024,Seasonal_Rainfall_mm,1869.09,340.79,5688.79,False,False,False
T+1_R0,Anambra,2024,Seasonal_Rainfall_mm,1347.01,340.79,5688.79,False,False,False
T+1_R0,Bauchi,2024,Seasonal_Rainfall_mm,1085.11,340.79,5688.79,False,False,False
T+1_R0,Bayelsa,2024,Seasonal_Rainfall_mm,1882.98,340.79,5688.79,False,False,False
T+1_R0,Benue,2024,Seasonal_Rainfall_mm,963.15,340.79,5688.79,False,False,False
T+1_R0,Borno,2024,Seasonal_Rainfall_mm,583.16,340.79,5688.79,False,False,False
T+1_R0,Cross River,2024,Seasonal_Rainfall_mm,1869.09,340.79,5688.79,False,False,False
T+1_R0,Delta,2024,Seasonal_Rainfall_mm,1347.01,340.79,5688.79,False,False,False
T+1_R0,Ebonyi,2024,Seasonal_Rainfall_mm,903.47,340.79,5688.79,False,False,False
T+1_R0,Edo,2024,Seasonal_Rainfall_mm,1355.78,340.79,5688.79,False,False,False
T+1_R0,Ekiti,2024,Seasonal_Rainfall_mm,1356.8000000000002,340.79,5688.79,False,False,False
T+1_R0,Enugu,2024,Seasonal_Rainfall_mm,975.9,340.79,5688.79,False,False,False
T+1_R0,FCT,2024,Seasonal_Rainfall_mm,1154.31,340.79,5688.79,False,False,False
T+1_R0,Gombe,2024,Seasonal_Rainfall_mm,1433.4500000000005,340.79,5688.79,False,False,False
T+1_R0,Imo,2024,Seasonal_Rainfall_mm,1603.58,340.79,5688.79,False,False,False
T+1_R0,Jigawa,2024,Seasonal_Rainfall_mm,1018.26,340.79,5688.79,False,False,False
T+1_R0,Kaduna,2024,Seasonal_Rainfall_mm,1456.84,340.79,5688.79,False,False,False
T+1_R0,Kano,2024,Seasonal_Rainfall_mm,1001.38,340.79,5688.79,False,False,False
T+1_R0,Katsina,2024,Seasonal_Rainfall_mm,1290.86,340.79,5688.79,False,False,False
T+1_R0,Kebbi,2024,Seasonal_Rainfall_mm,2129.96,340.79,5688.79,False,False,False
T+1_R0,Kogi,2024,Seasonal_Rainfall_mm,876.2099999999998,340.79,5688.79,False,False,False
T+1_R0,Kwara,2024,Seasonal_Rainfall_mm,1215.39,340.79,5688.79,False,False,False
T+1_R0,Lagos,2024,Seasonal_Rainfall_mm,1316.66,340.79,5688.79,False,False,False
T+1_R0,Nasarawa,2024,Seasonal_Rainfall_mm,1023.58,340.79,5688.79,False,False,False
T+1_R0,Niger,2024,Seasonal_Rainfall_mm,908.71,340.79,5688.79,False,False,False
T+1_R0,Ogun,2024,Seasonal_Rainfall_mm,1605.6,340.79,5688.79,False,False,False
T+1_R0,Ondo,2024,Seasonal_Rainfall_mm,1356.8000000000002,340.79,5688.79,False,False,False
T+1_R0,Osun,2024,Seasonal_Rainfall_mm,1679.4299999999998,340.79,5688.79,False,False,False
T+1_R0,Oyo,2024,Seasonal_Rainfall_mm,1632.55,340.79,5688.79,False,False,False
T+1_R0,Plateau,2024,Seasonal_Rainfall_mm,1375.73,340.79,5688.79,False,False,False
T+1_R0,Rivers,2024,Seasonal_Rainfall_mm,1770.85,340.79,5688.79,False,False,False
T+1_R0,Sokoto,2024,Seasonal_Rainfall_mm,1363.51,340.79,5688.79,False,False,False
T+1_R0,Taraba,2024,Seasonal_Rainfall_mm,1095.85,340.79,5688.79,False,False,False
T+1_R0,Yobe,2024,Seasonal_Rainfall_mm,926.85,340.79,5688.79,False,False,False
T+1_R0,Zamfara,2024,Seasonal_Rainfall_mm,694.8700000000001,340.79,5688.79,False,False,False
T+1_R0,Abia,2024,Seasonal_GDD_C,4902.7,2545.795,4805.745,False,True,True
T+1_R0,Adamawa,2024,Seasonal_GDD_C,3502.585,2545.795,4805.745,False,False,False
T+1_R0,Akwa Ibom,2024,Seasonal_GDD_C,4969.005000000001,2545.795,4805.745,False,True,True
T+1_R0,Anambra,2024,Seasonal_GDD_C,4916.875,2545.795,4805.745,False,True,True
T+1_R0,Bauchi,2024,Seasonal_GDD_C,3384.24,2545.795,4805.745,False,False,False
T+1_R0,Bayelsa,2024,Seasonal_GDD_C,4995.065,2545.795,4805.745,False,True,True
T+1_R0,Benue,2024,Seasonal_GDD_C,3972.71,2545.795,4805.745,False,False,False
T+1_R0,Borno,2024,Seasonal_GDD_C,3911.105,2545.795,4805.745,False,False,False
T+1_R0,Cross River,2024,Seasonal_GDD_C,4969.005000000001,2545.795,4805.745,False,True,True
T+1_R0,Delta,2024,Seasonal_GDD_C,4916.875,2545.795,4805.745,False,True,True
T+1_R0,Ebonyi,2024,Seasonal_GDD_C,5224.355,2545.795,4805.745,False,True,True
T+1_R0,Edo,2024,Seasonal_GDD_C,4858.435,2545.795,4805.745,False,True,True
T+1_R0,Ekiti,2024,Seasonal_GDD_C,4577.264999999999,2545.795,4805.745,False,False,False
T+1_R0,Enugu,2024,Seasonal_GDD_C,4997.129999999999,2545.795,4805.745,False,True,True
T+1_R0,FCT,2024,Seasonal_GDD_C,3783.07,2545.795,4805.745,False,False,False
T+1_R0,Gombe,2024,Seasonal_GDD_C,3439.21,2545.795,4805.745,False,False,False
T+1_R0,Imo,2024,Seasonal_GDD_C,4964.094999999999,2545.795,4805.745,False,True,True
T+1_R0,Jigawa,2024,Seasonal_GDD_C,3681.245,2545.795,4805.745,False,False,False
T+1_R0,Kaduna,2024,Seasonal_GDD_C,2984.6800000000003,2545.795,4805.745,False,False,False
T+1_R0,Kano,2024,Seasonal_GDD_C,3667.455,2545.795,4805.745,False,False,False
T+1_R0,Katsina,2024,Seasonal_GDD_C,3392.635,2545.795,4805.745,False,False,False
T+1_R0,Kebbi,2024,Seasonal_GDD_C,3557.3050000000003,2545.795,4805.745,False,False,False
T+1_R0,Kogi,2024,Seasonal_GDD_C,4001.005,2545.795,4805.745,False,False,False
T+1_R0,Kwara,2024,Seasonal_GDD_C,3729.295,2545.795,4805.745,False,False,False
T+1_R0,Lagos,2024,Seasonal_GDD_C,5014.834999999999,2545.795,4805.745,False,True,True
T+1_R0,Nasarawa,2024,Seasonal_GDD_C,4035.105,2545.795,4805.745,False,False,False
T+1_R0,Niger,2024,Seasonal_GDD_C,4106.51,2545.795,4805.745,False,False,False
T+1_R0,Ogun,2024,Seasonal_GDD_C,4857.57,2545.795,4805.745,False,True,True
T+1_R0,Ondo,2024,Seasonal_GDD_C,4577.264999999999,2545.795,4805.745,False,False,False
T+1_R0,Osun,2024,Seasonal_GDD_C,4685.16,2545.795,4805.745,False,False,False
T+1_R0,Oyo,2024,Seasonal_GDD_C,4747.030000000001,2545.795,4805.745,False,False,False
T+1_R0,Plateau,2024,Seasonal_GDD_C,3279.7900000000004,2545.795,4805.745,False,False,False
T+1_R0,Rivers,2024,Seasonal_GDD_C,4989.629999999999,2545.795,4805.745,False,True,True
T+1_R0,Sokoto,2024,Seasonal_GDD_C,3617.615,2545.795,4805.745,False,False,False
T+1_R0,Taraba,2024,Seasonal_GDD_C,3411.08,2545.795,4805.745,False,False,False
T+1_R0,Yobe,2024,Seasonal_GDD_C,3639.5950000000003,2545.795,4805.745,False,False,False
T+1_R0,Zamfara,2024,Seasonal_GDD_C,3444.635,2545.795,4805.745,False,False,False
T+1_R0,Abia,2024,Mean_Tmax_C,31.031090909090903,26.530373831775705,37.37739130434783,False,False,False
T+1_R0,Adamawa,2024,Mean_Tmax_C,33.40342391304348,26.530373831775705,37.37739130434783,False,False,False
T+1_R0,Akwa Ibom,2024,Mean_Tmax_C,30.75338181818182,26.530373831775705,37.37739130434783,False,False,False
T+1_R0,Anambra,2024,Mean_Tmax_C,31.05850909090909,26.530373831775705,37.37739130434783,False,False,False
T+1_R0,Bauchi,2024,Mean_Tmax_C,32.96880434782609,26.530373831775705,37.37739130434783,False,False,False
T+1_R0,Bayelsa,2024,Mean_Tmax_C,30.968800000000005,26.530373831775705,37.37739130434783,False,False,False
T+1_R0,Benue,2024,Mean_Tmax_C,32.120794392523365,26.530373831775705,37.37739130434783,False,False,False
T+1_R0,Borno,2024,Mean_Tmax_C,36.42760869565217,26.530373831775705,37.37739130434783,False,False,False
T+1_R0,Cross River,2024,Mean_Tmax_C,30.75338181818182,26.530373831775705,37.37739130434783,False,False,False
T+1_R0,Delta,2024,Mean_Tmax_C,31.05850909090909,26.530373831775705,37.37739130434783,False,False,False
T+1_R0,Ebonyi,2024,Mean_Tmax_C,32.96454545454545,26.530373831775705,37.37739130434783,False,False,False
T+1_R0,Edo,2024,Mean_Tmax_C,30.72083636363637,26.530373831775705,37.37739130434783,False,False,False
T+1_R0,Ekiti,2024,Mean_Tmax_C,30.06705454545454,26.530373831775705,37.37739130434783,False,False,False
T+1_R0,Enugu,2024,Mean_Tmax_C,31.869672727272725,26.530373831775705,37.37739130434783,False,False,False
T+1_R0,FCT,2024,Mean_Tmax_C,31.60518691588785,26.530373831775705,37.37739130434783,False,False,False
T+1_R0,Gombe,2024,Mean_Tmax_C,32.93304347826087,26.530373831775705,37.37739130434783,False,False,False
T+1_R0,Imo,2024,Mean_Tmax_C,31.22494545454545,26.530373831775705,37.37739130434783,False,False,False
T+1_R0,Jigawa,2024,Mean_Tmax_C,35.34570652173913,26.530373831775705,37.37739130434783,False,False,False
T+1_R0,Kaduna,2024,Mean_Tmax_C,30.12326086956521,26.530373831775705,37.37739130434783,False,False,False
T+1_R0,Kano,2024,Mean_Tmax_C,35.5625,26.530373831775705,37.37739130434783,False,False,False
T+1_R0,Katsina,2024,Mean_Tmax_C,32.8666847826087,26.530373831775705,37.37739130434783,False,False,False
T+1_R0,Kebbi,2024,Mean_Tmax_C,33.69858695652174,26.530373831775705,37.37739130434783,False,False,False
T+1_R0,Kogi,2024,Mean_Tmax_C,32.41172897196261,26.530373831775705,37.37739130434783,False,False,False
T+1_R0,Kwara,2024,Mean_Tmax_C,31.14434579439252,26.530373831775705,37.37739130434783,False,False,False
T+1_R0,Lagos,2024,Mean_Tmax_C,30.03090909090909,26.530373831775705,37.37739130434783,False,False,False
T+1_R0,Nasarawa,2024,Mean_Tmax_C,32.62345794392523,26.530373831775705,37.37739130434783,False,False,False
T+1_R0,Niger,2024,Mean_Tmax_C,33.02266355140187,26.530373831775705,37.37739130434783,False,False,False
T+1_R0,Ogun,2024,Mean_Tmax_C,30.627236363636364,26.530373831775705,37.37739130434783,False,False,False
T+1_R0,Ondo,2024,Mean_Tmax_C,30.06705454545454,26.530373831775705,37.37739130434783,False,False,False
T+1_R0,Osun,2024,Mean_Tmax_C,30.38592727272728,26.530373831775705,37.37739130434783,False,False,False
T+1_R0,Oyo,2024,Mean_Tmax_C,30.67494545454545,26.530373831775705,37.37739130434783,False,False,False
T+1_R0,Plateau,2024,Mean_Tmax_C,29.977289719626164,26.530373831775705,37.37739130434783,False,False,False
T+1_R0,Rivers,2024,Mean_Tmax_C,31.30472727272727,26.530373831775705,37.37739130434783,False,False,False
T+1_R0,Sokoto,2024,Mean_Tmax_C,34.102663043478266,26.530373831775705,37.37739130434783,False,False,False
T+1_R0,Taraba,2024,Mean_Tmax_C,32.396032608695656,26.530373831775705,37.37739130434783,False,False,False
T+1_R0,Yobe,2024,Mean_Tmax_C,34.55940217391304,26.530373831775705,37.37739130434783,False,False,False
T+1_R0,Zamfara,2024,Mean_Tmax_C,33.69663043478261,26.530373831775705,37.37739130434783,False,False,False
T+1_R0,Abia,2024,Mean_Tmin_C,24.62490909090909,18.60668224299065,25.44163043478261,False,False,False
T+1_R0,Adamawa,2024,Mean_Tmin_C,24.668152173913047,18.60668224299065,25.44163043478261,False,False,False
T+1_R0,Akwa Ibom,2024,Mean_Tmin_C,25.384836363636364,18.60668224299065,25.44163043478261,False,False,False
T+1_R0,Anambra,2024,Mean_Tmin_C,24.700581818181817,18.60668224299065,25.44163043478261,False,False,False
T+1_R0,Bauchi,2024,Mean_Tmin_C,23.816413043478263,18.60668224299065,25.44163043478261,False,False,False
T+1_R0,Bayelsa,2024,Mean_Tmin_C,25.358945454545456,18.60668224299065,25.44163043478261,False,False,False
T+1_R0,Benue,2024,Mean_Tmin_C,25.007336448598124,18.60668224299065,25.44163043478261,False,False,False
T+1_R0,Borno,2024,Mean_Tmin_C,26.08440217391305,18.60668224299065,25.44163043478261,False,True,True
T+1_R0,Cross River,2024,Mean_Tmin_C,25.384836363636364,18.60668224299065,25.44163043478261,False,False,False
T+1_R0,Delta,2024,Mean_Tmin_C,24.700581818181817,18.60668224299065,25.44163043478261,False,False,False
T+1_R0,Ebonyi,2024,Mean_Tmin_C,25.03076363636364,18.60668224299065,25.44163043478261,False,False,False
T+1_R0,Edo,2024,Mean_Tmin_C,24.613236363636364,18.60668224299065,25.44163043478261,False,False,False
T+1_R0,Ekiti,2024,Mean_Tmin_C,23.22214545454545,18.60668224299065,25.44163043478261,False,False,False
T+1_R0,Enugu,2024,Mean_Tmin_C,24.47309090909091,18.60668224299065,25.44163043478261,False,False,False
T+1_R0,FCT,2024,Mean_Tmin_C,23.75060747663552,18.60668224299065,25.44163043478261,False,False,False
T+1_R0,Gombe,2024,Mean_Tmin_C,24.44967391304348,18.60668224299065,25.44163043478261,False,False,False
T+1_R0,Imo,2024,Mean_Tmin_C,24.87756363636364,18.60668224299065,25.44163043478261,False,False,False
T+1_R0,Jigawa,2024,Mean_Tmin_C,24.66782608695652,18.60668224299065,25.44163043478261,False,False,False
T+1_R0,Kaduna,2024,Mean_Tmin_C,22.31891304347826,18.60668224299065,25.44163043478261,False,False,False
T+1_R0,Kano,2024,Mean_Tmin_C,24.301141304347823,18.60668224299065,25.44163043478261,False,False,False
T+1_R0,Katsina,2024,Mean_Tmin_C,24.009782608695648,18.60668224299065,25.44163043478261,False,False,False
T+1_R0,Kebbi,2024,Mean_Tmin_C,24.96777173913044,18.60668224299065,25.44163043478261,False,False,False
T+1_R0,Kogi,2024,Mean_Tmin_C,24.98084112149533,18.60668224299065,25.44163043478261,False,False,False
T+1_R0,Kwara,2024,Mean_Tmin_C,23.7088785046729,18.60668224299065,25.44163043478261,False,False,False
T+1_R0,Lagos,2024,Mean_Tmin_C,26.44061818181818,18.60668224299065,25.44163043478261,False,True,True
T+1_R0,Nasarawa,2024,Mean_Tmin_C,25.08780373831776,18.60668224299065,25.44163043478261,False,False,False
T+1_R0,Niger,2024,Mean_Tmin_C,25.355934579439253,18.60668224299065,25.44163043478261,False,False,False
T+1_R0,Ogun,2024,Mean_Tmin_C,24.70054545454545,18.60668224299065,25.44163043478261,False,False,False
T+1_R0,Ondo,2024,Mean_Tmin_C,23.22214545454545,18.60668224299065,25.44163043478261,False,False,False
T+1_R0,Osun,2024,Mean_Tmin_C,23.68796363636364,18.60668224299065,25.44163043478261,False,False,False
T+1_R0,Oyo,2024,Mean_Tmin_C,23.848909090909093,18.60668224299065,25.44163043478261,False,False,False
T+1_R0,Plateau,2024,Mean_Tmin_C,20.67495327102804,18.60668224299065,25.44163043478261,False,False,False
T+1_R0,Rivers,2024,Mean_Tmin_C,24.983490909090907,18.60668224299065,25.44163043478261,False,False,False
T+1_R0,Sokoto,2024,Mean_Tmin_C,25.219239130434783,18.60668224299065,25.44163043478261,False,False,False
T+1_R0,Taraba,2024,Mean_Tmin_C,24.68092391304348,18.60668224299065,25.44163043478261,False,False,False
T+1_R0,Yobe,2024,Mean_Tmin_C,25.001413043478266,18.60668224299065,25.44163043478261,False,False,False
T+1_R0,Zamfara,2024,Mean_Tmin_C,23.745054347826088,18.60668224299065,25.44163043478261,False,False,False
T+1_R0,Abia,2024,Rainfall_Anomaly_Z_2000_2019,-0.9196010910323762,-2.9722877578679507,15.012756673567567,False,False,False
T+1_R0,Adamawa,2024,Rainfall_Anomaly_Z_2000_2019,0.5051163098175504,-2.9722877578679507,15.012756673567567,False,False,False
T+1_R0,Akwa Ibom,2024,Rainfall_Anomaly_Z_2000_2019,-1.8894777114847503,-2.9722877578679507,15.012756673567567,False,False,False
T+1_R0,Anambra,2024,Rainfall_Anomaly_Z_2000_2019,-0.6683966152075341,-2.9722877578679507,15.012756673567567,False,False,False
T+1_R0,Bauchi,2024,Rainfall_Anomaly_Z_2000_2019,2.02423422833577,-2.9722877578679507,15.012756673567567,False,False,False
T+1_R0,Bayelsa,2024,Rainfall_Anomaly_Z_2000_2019,-0.5543351476094643,-2.9722877578679507,15.012756673567567,False,False,False
T+1_R0,Benue,2024,Rainfall_Anomaly_Z_2000_2019,-0.7241881075650657,-2.9722877578679507,15.012756673567567,False,False,False
T+1_R0,Borno,2024,Rainfall_Anomaly_Z_2000_2019,0.42056748374470254,-2.9722877578679507,15.012756673567567,False,False,False
T+1_R0,Cross River,2024,Rainfall_Anomaly_Z_2000_2019,-1.8894777114847503,-2.9722877578679507,15.012756673567567,False,False,False
T+1_R0,Delta,2024,Rainfall_Anomaly_Z_2000_2019,-0.6683966152075341,-2.9722877578679507,15.012756673567567,False,False,False
T+1_R0,Ebonyi,2024,Rainfall_Anomaly_Z_2000_2019,-1.546026003363861,-2.9722877578679507,15.012756673567567,False,False,False
T+1_R0,Edo,2024,Rainfall_Anomaly_Z_2000_2019,-0.6234406615451246,-2.9722877578679507,15.012756673567567,False,False,False
T+1_R0,Ekiti,2024,Rainfall_Anomaly_Z_2000_2019,-0.4765436240340352,-2.9722877578679507,15.012756673567567,False,False,False
T+1_R0,Enugu,2024,Rainfall_Anomaly_Z_2000_2019,-1.4811767773960562,-2.9722877578679507,15.012756673567567,False,False,False
T+1_R0,FCT,2024,Rainfall_Anomaly_Z_2000_2019,-0.08568234323625827,-2.9722877578679507,15.012756673567567,False,False,False
T+1_R0,Gombe,2024,Rainfall_Anomaly_Z_2000_2019,2.8998050239842996,-2.9722877578679507,15.012756673567567,False,False,False
T+1_R0,Imo,2024,Rainfall_Anomaly_Z_2000_2019,-0.38360296346834166,-2.9722877578679507,15.012756673567567,False,False,False
T+1_R0,Jigawa,2024,Rainfall_Anomaly_Z_2000_2019,2.6316584935954377,-2.9722877578679507,15.012756673567567,False,False,False
T+1_R0,Kaduna,2024,Rainfall_Anomaly_Z_2000_2019,0.6432506088992287,-2.9722877578679507,15.012756673567567,False,False,False
T+1_R0,Kano,2024,Rainfall_Anomaly_Z_2000_2019,2.4299972049098826,-2.9722877578679507,15.012756673567567,False,False,False
T+1_R0,Katsina,2024,Rainfall_Anomaly_Z_2000_2019,5.707961992605356,-2.9722877578679507,15.012756673567567,False,False,False
T+1_R0,Kebbi,2024,Rainfall_Anomaly_Z_2000_2019,13.219542711920042,-2.9722877578679507,15.012756673567567,False,False,False
T+1_R0,Kogi,2024,Rainfall_Anomaly_Z_2000_2019,-0.7200297516520903,-2.9722877578679507,15.012756673567567,False,False,False
T+1_R0,Kwara,2024,Rainfall_Anomaly_Z_2000_2019,0.4170836233829001,-2.9722877578679507,15.012756673567567,False,False,False
T+1_R0,Lagos,2024,Rainfall_Anomaly_Z_2000_2019,-0.4318672772924319,-2.9722877578679507,15.012756673567567,False,False,False
T+1_R0,Nasarawa,2024,Rainfall_Anomaly_Z_2000_2019,0.05565498808039316,-2.9722877578679507,15.012756673567567,False,False,False
T+1_R0,Niger,2024,Rainfall_Anomaly_Z_2000_2019,-0.9102163018812439,-2.9722877578679507,15.012756673567567,False,False,False
T+1_R0,Ogun,2024,Rainfall_Anomaly_Z_2000_2019,0.00739898672540789,-2.9722877578679507,15.012756673567567,False,False,False
T+1_R0,Ondo,2024,Rainfall_Anomaly_Z_2000_2019,-0.4765436240340352,-2.9722877578679507,15.012756673567567,False,False,False
T+1_R0,Osun,2024,Rainfall_Anomaly_Z_2000_2019,0.17072752189038023,-2.9722877578679507,15.012756673567567,False,False,False
T+1_R0,Oyo,2024,Rainfall_Anomaly_Z_2000_2019,0.1658194519402747,-2.9722877578679507,15.012756673567567,False,False,False
T+1_R0,Plateau,2024,Rainfall_Anomaly_Z_2000_2019,1.5272735899390373,-2.9722877578679507,15.012756673567567,False,False,False
T+1_R0,Rivers,2024,Rainfall_Anomaly_Z_2000_2019,-0.7322444356504656,-2.9722877578679507,15.012756673567567,False,False,False
T+1_R0,Sokoto,2024,Rainfall_Anomaly_Z_2000_2019,4.944994593631734,-2.9722877578679507,15.012756673567567,False,False,False
T+1_R0,Taraba,2024,Rainfall_Anomaly_Z_2000_2019,1.2225505917593709,-2.9722877578679507,15.012756673567567,False,False,False
T+1_R0,Yobe,2024,Rainfall_Anomaly_Z_2000_2019,2.0400254849642683,-2.9722877578679507,15.012756673567567,False,False,False
T+1_R0,Zamfara,2024,Rainfall_Anomaly_Z_2000_2019,-0.10219223368297295,-2.9722877578679507,15.012756673567567,False,False,False
T+1_R-10,Abia,2024,Seasonal_Rainfall_mm,1220.895,340.79,5688.79,False,False,False
T+1_R-10,Adamawa,2024,Seasonal_Rainfall_mm,813.816,340.79,5688.79,False,False,False
T+1_R-10,Akwa Ibom,2024,Seasonal_Rainfall_mm,1682.181,340.79,5688.79,False,False,False
T+1_R-10,Anambra,2024,Seasonal_Rainfall_mm,1212.309,340.79,5688.79,False,False,False
T+1_R-10,Bauchi,2024,Seasonal_Rainfall_mm,976.5989999999999,340.79,5688.79,False,False,False
T+1_R-10,Bayelsa,2024,Seasonal_Rainfall_mm,1694.682,340.79,5688.79,False,False,False
T+1_R-10,Benue,2024,Seasonal_Rainfall_mm,866.835,340.79,5688.79,False,False,False
T+1_R-10,Borno,2024,Seasonal_Rainfall_mm,524.8439999999999,340.79,5688.79,False,False,False
T+1_R-10,Cross River,2024,Seasonal_Rainfall_mm,1682.181,340.79,5688.79,False,False,False
T+1_R-10,Delta,2024,Seasonal_Rainfall_mm,1212.309,340.79,5688.79,False,False,False
T+1_R-10,Ebonyi,2024,Seasonal_Rainfall_mm,813.123,340.79,5688.79,False,False,False
T+1_R-10,Edo,2024,Seasonal_Rainfall_mm,1220.202,340.79,5688.79,False,False,False
T+1_R-10,Ekiti,2024,Seasonal_Rainfall_mm,1221.1200000000001,340.79,5688.79,False,False,False
T+1_R-10,Enugu,2024,Seasonal_Rainfall_mm,878.31,340.79,5688.79,False,False,False
T+1_R-10,FCT,2024,Seasonal_Rainfall_mm,1038.879,340.79,5688.79,False,False,False
T+1_R-10,Gombe,2024,Seasonal_Rainfall_mm,1290.1050000000005,340.79,5688.79,False,False,False
T+1_R-10,Imo,2024,Seasonal_Rainfall_mm,1443.222,340.79,5688.79,False,False,False
T+1_R-10,Jigawa,2024,Seasonal_Rainfall_mm,916.434,340.79,5688.79,False,False,False
T+1_R-10,Kaduna,2024,Seasonal_Rainfall_mm,1311.156,340.79,5688.79,False,False,False
T+1_R-10,Kano,2024,Seasonal_Rainfall_mm,901.242,340.79,5688.79,False,False,False
T+1_R-10,Katsina,2024,Seasonal_Rainfall_mm,1161.774,340.79,5688.79,False,False,False
T+1_R-10,Kebbi,2024,Seasonal_Rainfall_mm,1916.9640000000002,340.79,5688.79,False,False,False
T+1_R-10,Kogi,2024,Seasonal_Rainfall_mm,788.5889999999998,340.79,5688.79,False,False,False
T+1_R-10,Kwara,2024,Seasonal_Rainfall_mm,1093.851,340.79,5688.79,False,False,False
T+1_R-10,Lagos,2024,Seasonal_Rainfall_mm,1184.9940000000001,340.79,5688.79,False,False,False
T+1_R-10,Nasarawa,2024,Seasonal_Rainfall_mm,921.2220000000001,340.79,5688.79,False,False,False
T+1_R-10,Niger,2024,Seasonal_Rainfall_mm,817.839,340.79,5688.79,False,False,False
T+1_R-10,Ogun,2024,Seasonal_Rainfall_mm,1445.04,340.79,5688.79,False,False,False
T+1_R-10,Ondo,2024,Seasonal_Rainfall_mm,1221.1200000000001,340.79,5688.79,False,False,False
T+1_R-10,Osun,2024,Seasonal_Rainfall_mm,1511.4869999999999,340.79,5688.79,False,False,False
T+1_R-10,Oyo,2024,Seasonal_Rainfall_mm,1469.295,340.79,5688.79,False,False,False
T+1_R-10,Plateau,2024,Seasonal_Rainfall_mm,1238.1570000000002,340.79,5688.79,False,False,False
T+1_R-10,Rivers,2024,Seasonal_Rainfall_mm,1593.7649999999999,340.79,5688.79,False,False,False
T+1_R-10,Sokoto,2024,Seasonal_Rainfall_mm,1227.159,340.79,5688.79,False,False,False
T+1_R-10,Taraba,2024,Seasonal_Rainfall_mm,986.265,340.79,5688.79,False,False,False
T+1_R-10,Yobe,2024,Seasonal_Rainfall_mm,834.1650000000001,340.79,5688.79,False,False,False
T+1_R-10,Zamfara,2024,Seasonal_Rainfall_mm,625.3830000000002,340.79,5688.79,False,False,False
T+1_R-10,Abia,2024,Seasonal_GDD_C,4902.7,2545.795,4805.745,False,True,True
T+1_R-10,Adamawa,2024,Seasonal_GDD_C,3502.585,2545.795,4805.745,False,False,False
T+1_R-10,Akwa Ibom,2024,Seasonal_GDD_C,4969.005000000001,2545.795,4805.745,False,True,True
T+1_R-10,Anambra,2024,Seasonal_GDD_C,4916.875,2545.795,4805.745,False,True,True
T+1_R-10,Bauchi,2024,Seasonal_GDD_C,3384.24,2545.795,4805.745,False,False,False
T+1_R-10,Bayelsa,2024,Seasonal_GDD_C,4995.065,2545.795,4805.745,False,True,True
T+1_R-10,Benue,2024,Seasonal_GDD_C,3972.71,2545.795,4805.745,False,False,False
T+1_R-10,Borno,2024,Seasonal_GDD_C,3911.105,2545.795,4805.745,False,False,False
T+1_R-10,Cross River,2024,Seasonal_GDD_C,4969.005000000001,2545.795,4805.745,False,True,True
T+1_R-10,Delta,2024,Seasonal_GDD_C,4916.875,2545.795,4805.745,False,True,True
T+1_R-10,Ebonyi,2024,Seasonal_GDD_C,5224.355,2545.795,4805.745,False,True,True
T+1_R-10,Edo,2024,Seasonal_GDD_C,4858.435,2545.795,4805.745,False,True,True
T+1_R-10,Ekiti,2024,Seasonal_GDD_C,4577.264999999999,2545.795,4805.745,False,False,False
T+1_R-10,Enugu,2024,Seasonal_GDD_C,4997.129999999999,2545.795,4805.745,False,True,True
T+1_R-10,FCT,2024,Seasonal_GDD_C,3783.07,2545.795,4805.745,False,False,False
T+1_R-10,Gombe,2024,Seasonal_GDD_C,3439.21,2545.795,4805.745,False,False,False
T+1_R-10,Imo,2024,Seasonal_GDD_C,4964.094999999999,2545.795,4805.745,False,True,True
T+1_R-10,Jigawa,2024,Seasonal_GDD_C,3681.245,2545.795,4805.745,False,False,False
T+1_R-10,Kaduna,2024,Seasonal_GDD_C,2984.6800000000003,2545.795,4805.745,False,False,False
T+1_R-10,Kano,2024,Seasonal_GDD_C,3667.455,2545.795,4805.745,False,False,False
T+1_R-10,Katsina,2024,Seasonal_GDD_C,3392.635,2545.795,4805.745,False,False,False
T+1_R-10,Kebbi,2024,Seasonal_GDD_C,3557.3050000000003,2545.795,4805.745,False,False,False
T+1_R-10,Kogi,2024,Seasonal_GDD_C,4001.005,2545.795,4805.745,False,False,False
T+1_R-10,Kwara,2024,Seasonal_GDD_C,3729.295,2545.795,4805.745,False,False,False
T+1_R-10,Lagos,2024,Seasonal_GDD_C,5014.834999999999,2545.795,4805.745,False,True,True
T+1_R-10,Nasarawa,2024,Seasonal_GDD_C,4035.105,2545.795,4805.745,False,False,False
T+1_R-10,Niger,2024,Seasonal_GDD_C,4106.51,2545.795,4805.745,False,False,False
T+1_R-10,Ogun,2024,Seasonal_GDD_C,4857.57,2545.795,4805.745,False,True,True
T+1_R-10,Ondo,2024,Seasonal_GDD_C,4577.264999999999,2545.795,4805.745,False,False,False
T+1_R-10,Osun,2024,Seasonal_GDD_C,4685.16,2545.795,4805.745,False,False,False
T+1_R-10,Oyo,2024,Seasonal_GDD_C,4747.030000000001,2545.795,4805.745,False,False,False
T+1_R-10,Plateau,2024,Seasonal_GDD_C,3279.7900000000004,2545.795,4805.745,False,False,False
T+1_R-10,Rivers,2024,Seasonal_GDD_C,4989.629999999999,2545.795,4805.745,False,True,True
T+1_R-10,Sokoto,2024,Seasonal_GDD_C,3617.615,2545.795,4805.745,False,False,False
T+1_R-10,Taraba,2024,Seasonal_GDD_C,3411.08,2545.795,4805.745,False,False,False
T+1_R-10,Yobe,2024,Seasonal_GDD_C,3639.5950000000003,2545.795,4805.745,False,False,False
T+1_R-10,Zamfara,2024,Seasonal_GDD_C,3444.635,2545.795,4805.745,False,False,False
T+1_R-10,Abia,2024,Mean_Tmax_C,31.031090909090903,26.530373831775705,37.37739130434783,False,False,False
T+1_R-10,Adamawa,2024,Mean_Tmax_C,33.40342391304348,26.530373831775705,37.37739130434783,False,False,False
T+1_R-10,Akwa Ibom,2024,Mean_Tmax_C,30.75338181818182,26.530373831775705,37.37739130434783,False,False,False
T+1_R-10,Anambra,2024,Mean_Tmax_C,31.05850909090909,26.530373831775705,37.37739130434783,False,False,False
T+1_R-10,Bauchi,2024,Mean_Tmax_C,32.96880434782609,26.530373831775705,37.37739130434783,False,False,False
T+1_R-10,Bayelsa,2024,Mean_Tmax_C,30.968800000000005,26.530373831775705,37.37739130434783,False,False,False
T+1_R-10,Benue,2024,Mean_Tmax_C,32.120794392523365,26.530373831775705,37.37739130434783,False,False,False
T+1_R-10,Borno,2024,Mean_Tmax_C,36.42760869565217,26.530373831775705,37.37739130434783,False,False,False
T+1_R-10,Cross River,2024,Mean_Tmax_C,30.75338181818182,26.530373831775705,37.37739130434783,False,False,False
T+1_R-10,Delta,2024,Mean_Tmax_C,31.05850909090909,26.530373831775705,37.37739130434783,False,False,False
T+1_R-10,Ebonyi,2024,Mean_Tmax_C,32.96454545454545,26.530373831775705,37.37739130434783,False,False,False
T+1_R-10,Edo,2024,Mean_Tmax_C,30.72083636363637,26.530373831775705,37.37739130434783,False,False,False
T+1_R-10,Ekiti,2024,Mean_Tmax_C,30.06705454545454,26.530373831775705,37.37739130434783,False,False,False
T+1_R-10,Enugu,2024,Mean_Tmax_C,31.869672727272725,26.530373831775705,37.37739130434783,False,False,False
T+1_R-10,FCT,2024,Mean_Tmax_C,31.60518691588785,26.530373831775705,37.37739130434783,False,False,False
T+1_R-10,Gombe,2024,Mean_Tmax_C,32.93304347826087,26.530373831775705,37.37739130434783,False,False,False
T+1_R-10,Imo,2024,Mean_Tmax_C,31.22494545454545,26.530373831775705,37.37739130434783,False,False,False
T+1_R-10,Jigawa,2024,Mean_Tmax_C,35.34570652173913,26.530373831775705,37.37739130434783,False,False,False
T+1_R-10,Kaduna,2024,Mean_Tmax_C,30.12326086956521,26.530373831775705,37.37739130434783,False,False,False
T+1_R-10,Kano,2024,Mean_Tmax_C,35.5625,26.530373831775705,37.37739130434783,False,False,False
T+1_R-10,Katsina,2024,Mean_Tmax_C,32.8666847826087,26.530373831775705,37.37739130434783,False,False,False
T+1_R-10,Kebbi,2024,Mean_Tmax_C,33.69858695652174,26.530373831775705,37.37739130434783,False,False,False
T+1_R-10,Kogi,2024,Mean_Tmax_C,32.41172897196261,26.530373831775705,37.37739130434783,False,False,False
T+1_R-10,Kwara,2024,Mean_Tmax_C,31.14434579439252,26.530373831775705,37.37739130434783,False,False,False
T+1_R-10,Lagos,2024,Mean_Tmax_C,30.03090909090909,26.530373831775705,37.37739130434783,False,False,False
T+1_R-10,Nasarawa,2024,Mean_Tmax_C,32.62345794392523,26.530373831775705,37.37739130434783,False,False,False
T+1_R-10,Niger,2024,Mean_Tmax_C,33.02266355140187,26.530373831775705,37.37739130434783,False,False,False
T+1_R-10,Ogun,2024,Mean_Tmax_C,30.627236363636364,26.530373831775705,37.37739130434783,False,False,False
T+1_R-10,Ondo,2024,Mean_Tmax_C,30.06705454545454,26.530373831775705,37.37739130434783,False,False,False
T+1_R-10,Osun,2024,Mean_Tmax_C,30.38592727272728,26.530373831775705,37.37739130434783,False,False,False
T+1_R-10,Oyo,2024,Mean_Tmax_C,30.67494545454545,26.530373831775705,37.37739130434783,False,False,False
T+1_R-10,Plateau,2024,Mean_Tmax_C,29.977289719626164,26.530373831775705,37.37739130434783,False,False,False
T+1_R-10,Rivers,2024,Mean_Tmax_C,31.30472727272727,26.530373831775705,37.37739130434783,False,False,False
T+1_R-10,Sokoto,2024,Mean_Tmax_C,34.102663043478266,26.530373831775705,37.37739130434783,False,False,False
T+1_R-10,Taraba,2024,Mean_Tmax_C,32.396032608695656,26.530373831775705,37.37739130434783,False,False,False
T+1_R-10,Yobe,2024,Mean_Tmax_C,34.55940217391304,26.530373831775705,37.37739130434783,False,False,False
T+1_R-10,Zamfara,2024,Mean_Tmax_C,33.69663043478261,26.530373831775705,37.37739130434783,False,False,False
T+1_R-10,Abia,2024,Mean_Tmin_C,24.62490909090909,18.60668224299065,25.44163043478261,False,False,False
T+1_R-10,Adamawa,2024,Mean_Tmin_C,24.668152173913047,18.60668224299065,25.44163043478261,False,False,False
T+1_R-10,Akwa Ibom,2024,Mean_Tmin_C,25.384836363636364,18.60668224299065,25.44163043478261,False,False,False
T+1_R-10,Anambra,2024,Mean_Tmin_C,24.700581818181817,18.60668224299065,25.44163043478261,False,False,False
T+1_R-10,Bauchi,2024,Mean_Tmin_C,23.816413043478263,18.60668224299065,25.44163043478261,False,False,False
T+1_R-10,Bayelsa,2024,Mean_Tmin_C,25.358945454545456,18.60668224299065,25.44163043478261,False,False,False
T+1_R-10,Benue,2024,Mean_Tmin_C,25.007336448598124,18.60668224299065,25.44163043478261,False,False,False
T+1_R-10,Borno,2024,Mean_Tmin_C,26.08440217391305,18.60668224299065,25.44163043478261,False,True,True
T+1_R-10,Cross River,2024,Mean_Tmin_C,25.384836363636364,18.60668224299065,25.44163043478261,False,False,False
T+1_R-10,Delta,2024,Mean_Tmin_C,24.700581818181817,18.60668224299065,25.44163043478261,False,False,False
T+1_R-10,Ebonyi,2024,Mean_Tmin_C,25.03076363636364,18.60668224299065,25.44163043478261,False,False,False
T+1_R-10,Edo,2024,Mean_Tmin_C,24.613236363636364,18.60668224299065,25.44163043478261,False,False,False
T+1_R-10,Ekiti,2024,Mean_Tmin_C,23.22214545454545,18.60668224299065,25.44163043478261,False,False,False
T+1_R-10,Enugu,2024,Mean_Tmin_C,24.47309090909091,18.60668224299065,25.44163043478261,False,False,False
T+1_R-10,FCT,2024,Mean_Tmin_C,23.75060747663552,18.60668224299065,25.44163043478261,False,False,False
T+1_R-10,Gombe,2024,Mean_Tmin_C,24.44967391304348,18.60668224299065,25.44163043478261,False,False,False
T+1_R-10,Imo,2024,Mean_Tmin_C,24.87756363636364,18.60668224299065,25.44163043478261,False,False,False
T+1_R-10,Jigawa,2024,Mean_Tmin_C,24.66782608695652,18.60668224299065,25.44163043478261,False,False,False
T+1_R-10,Kaduna,2024,Mean_Tmin_C,22.31891304347826,18.60668224299065,25.44163043478261,False,False,False
T+1_R-10,Kano,2024,Mean_Tmin_C,24.301141304347823,18.60668224299065,25.44163043478261,False,False,False
T+1_R-10,Katsina,2024,Mean_Tmin_C,24.009782608695648,18.60668224299065,25.44163043478261,False,False,False
T+1_R-10,Kebbi,2024,Mean_Tmin_C,24.96777173913044,18.60668224299065,25.44163043478261,False,False,False
T+1_R-10,Kogi,2024,Mean_Tmin_C,24.98084112149533,18.60668224299065,25.44163043478261,False,False,False
T+1_R-10,Kwara,2024,Mean_Tmin_C,23.7088785046729,18.60668224299065,25.44163043478261,False,False,False
T+1_R-10,Lagos,2024,Mean_Tmin_C,26.44061818181818,18.60668224299065,25.44163043478261,False,True,True
T+1_R-10,Nasarawa,2024,Mean_Tmin_C,25.08780373831776,18.60668224299065,25.44163043478261,False,False,False
T+1_R-10,Niger,2024,Mean_Tmin_C,25.355934579439253,18.60668224299065,25.44163043478261,False,False,False
T+1_R-10,Ogun,2024,Mean_Tmin_C,24.70054545454545,18.60668224299065,25.44163043478261,False,False,False
T+1_R-10,Ondo,2024,Mean_Tmin_C,23.22214545454545,18.60668224299065,25.44163043478261,False,False,False
T+1_R-10,Osun,2024,Mean_Tmin_C,23.68796363636364,18.60668224299065,25.44163043478261,False,False,False
T+1_R-10,Oyo,2024,Mean_Tmin_C,23.848909090909093,18.60668224299065,25.44163043478261,False,False,False
T+1_R-10,Plateau,2024,Mean_Tmin_C,20.67495327102804,18.60668224299065,25.44163043478261,False,False,False
T+1_R-10,Rivers,2024,Mean_Tmin_C,24.983490909090907,18.60668224299065,25.44163043478261,False,False,False
T+1_R-10,Sokoto,2024,Mean_Tmin_C,25.219239130434783,18.60668224299065,25.44163043478261,False,False,False
T+1_R-10,Taraba,2024,Mean_Tmin_C,24.68092391304348,18.60668224299065,25.44163043478261,False,False,False
T+1_R-10,Yobe,2024,Mean_Tmin_C,25.001413043478266,18.60668224299065,25.44163043478261,False,False,False
T+1_R-10,Zamfara,2024,Mean_Tmin_C,23.745054347826088,18.60668224299065,25.44163043478261,False,False,False
T+1_R-10,Abia,2024,Rainfall_Anomaly_Z_2000_2019,-1.1991116246272546,-2.9722877578679507,15.012756673567567,False,False,False
T+1_R-10,Adamawa,2024,Rainfall_Anomaly_Z_2000_2019,-0.24025131312938383,-2.9722877578679507,15.012756673567567,False,False,False
T+1_R-10,Akwa Ibom,2024,Rainfall_Anomaly_Z_2000_2019,-2.2573682544559484,-2.9722877578679507,15.012756673567567,False,False,False
T+1_R-10,Anambra,2024,Rainfall_Anomaly_Z_2000_2019,-0.9238653382853763,-2.9722877578679507,15.012756673567567,False,False,False
T+1_R-10,Bauchi,2024,Rainfall_Anomaly_Z_2000_2019,1.4714664334485685,-2.9722877578679507,15.012756673567567,False,False,False
T+1_R-10,Bayelsa,2024,Rainfall_Anomaly_Z_2000_2019,-0.8464589029081977,-2.9722877578679507,15.012756673567567,False,False,False
T+1_R-10,Benue,2024,Rainfall_Anomaly_Z_2000_2019,-1.0205112777693868,-2.9722877578679507,15.012756673567567,False,False,False
T+1_R-10,Borno,2024,Rainfall_Anomaly_Z_2000_2019,-0.03770474956102871,-2.9722877578679507,15.012756673567567,False,False,False
T+1_R-10,Cross River,2024,Rainfall_Anomaly_Z_2000_2019,-2.2573682544559484,-2.9722877578679507,15.012756673567567,False,False,False
T+1_R-10,Delta,2024,Rainfall_Anomaly_Z_2000_2019,-0.9238653382853763,-2.9722877578679507,15.012756673567567,False,False,False
T+1_R-10,Ebonyi,2024,Rainfall_Anomaly_Z_2000_2019,-1.7513178262715765,-2.9722877578679507,15.012756673567567,False,False,False
T+1_R-10,Edo,2024,Rainfall_Anomaly_Z_2000_2019,-0.8671028749073376,-2.9722877578679507,15.012756673567567,False,False,False
T+1_R-10,Ekiti,2024,Rainfall_Anomaly_Z_2000_2019,-0.948943995985069,-2.9722877578679507,15.012756673567567,False,False,False
T+1_R-10,Enugu,2024,Rainfall_Anomaly_Z_2000_2019,-1.738770902470491,-2.9722877578679507,15.012756673567567,False,False,False
T+1_R-10,FCT,2024,Rainfall_Anomaly_Z_2000_2019,-0.45711783519399035,-2.9722877578679507,15.012756673567567,False,False,False
T+1_R-10,Gombe,2024,Rainfall_Anomaly_Z_2000_2019,2.174226742213665,-2.9722877578679507,15.012756673567567,False,False,False
T+1_R-10,Imo,2024,Rainfall_Anomaly_Z_2000_2019,-0.6637440683239707,-2.9722877578679507,15.012756673567567,False,False,False
T+1_R-10,Jigawa,2024,Rainfall_Anomaly_Z_2000_2019,2.049893869180306,-2.9722877578679507,15.012756673567567,False,False,False
T+1_R-10,Kaduna,2024,Rainfall_Anomaly_Z_2000_2019,0.21074446843767378,-2.9722877578679507,15.012756673567567,False,False,False
T+1_R-10,Kano,2024,Rainfall_Anomaly_Z_2000_2019,1.8451850842313149,-2.9722877578679507,15.012756673567567,False,False,False
T+1_R-10,Katsina,2024,Rainfall_Anomaly_Z_2000_2019,4.581434927830171,-2.9722877578679507,15.012756673567567,False,False,False
T+1_R-10,Kebbi,2024,Rainfall_Anomaly_Z_2000_2019,11.177817378052934,-2.9722877578679507,15.012756673567567,False,False,False
T+1_R-10,Kogi,2024,Rainfall_Anomaly_Z_2000_2019,-1.0950125262008648,-2.9722877578679507,15.012756673567567,False,False,False
T+1_R-10,Kwara,2024,Rainfall_Anomaly_Z_2000_2019,-0.14814143225474208,-2.9722877578679507,15.012756673567567,False,False,False
T+1_R-10,Lagos,2024,Rainfall_Anomaly_Z_2000_2019,-0.9088014387440245,-2.9722877578679507,15.012756673567567,False,False,False
T+1_R-10,Nasarawa,2024,Rainfall_Anomaly_Z_2000_2019,-0.2756563771778586,-2.9722877578679507,15.012756673567567,False,False,False
T+1_R-10,Niger,2024,Rainfall_Anomaly_Z_2000_2019,-1.2616091984598155,-2.9722877578679507,15.012756673567567,False,False,False
T+1_R-10,Ogun,2024,Rainfall_Anomaly_Z_2000_2019,-0.5264052409229788,-2.9722877578679507,15.012756673567567,False,False,False
T+1_R-10,Ondo,2024,Rainfall_Anomaly_Z_2000_2019,-0.948943995985069,-2.9722877578679507,15.012756673567567,False,False,False
T+1_R-10,Osun,2024,Rainfall_Anomaly_Z_2000_2019,-0.3678848726100549,-2.9722877578679507,15.012756673567567,False,False,False
T+1_R-10,Oyo,2024,Rainfall_Anomaly_Z_2000_2019,-0.4399009147139256,-2.9722877578679507,15.012756673567567,False,False,False
T+1_R-10,Plateau,2024,Rainfall_Anomaly_Z_2000_2019,1.0584617768271267,-2.9722877578679507,15.012756673567567,False,False,False
T+1_R-10,Rivers,2024,Rainfall_Anomaly_Z_2000_2019,-1.0312177405024023,-2.9722877578679507,15.012756673567567,False,False,False
T+1_R-10,Sokoto,2024,Rainfall_Anomaly_Z_2000_2019,3.98292084184097,-2.9722877578679507,15.012756673567567,False,False,False
T+1_R-10,Taraba,2024,Rainfall_Anomaly_Z_2000_2019,0.5995816599557909,-2.9722877578679507,15.012756673567567,False,False,False
T+1_R-10,Yobe,2024,Rainfall_Anomaly_Z_2000_2019,1.3360616360407556,-2.9722877578679507,15.012756673567567,False,False,False
T+1_R-10,Zamfara,2024,Rainfall_Anomaly_Z_2000_2019,-0.5424980307332792,-2.9722877578679507,15.012756673567567,False,False,False
T+1_R-20,Abia,2024,Seasonal_Rainfall_mm,1085.24,340.79,5688.79,False,False,False
T+1_R-20,Adamawa,2024,Seasonal_Rainfall_mm,723.392,340.79,5688.79,False,False,False
T+1_R-20,Akwa Ibom,2024,Seasonal_Rainfall_mm,1495.272,340.79,5688.79,False,False,False
T+1_R-20,Anambra,2024,Seasonal_Rainfall_mm,1077.608,340.79,5688.79,False,False,False
T+1_R-20,Bauchi,2024,Seasonal_Rainfall_mm,868.088,340.79,5688.79,False,False,False
T+1_R-20,Bayelsa,2024,Seasonal_Rainfall_mm,1506.384,340.79,5688.79,False,False,False
T+1_R-20,Benue,2024,Seasonal_Rainfall_mm,770.52,340.79,5688.79,False,False,False
T+1_R-20,Borno,2024,Seasonal_Rainfall_mm,466.528,340.79,5688.79,False,False,False
T+1_R-20,Cross River,2024,Seasonal_Rainfall_mm,1495.272,340.79,5688.79,False,False,False
T+1_R-20,Delta,2024,Seasonal_Rainfall_mm,1077.608,340.79,5688.79,False,False,False
T+1_R-20,Ebonyi,2024,Seasonal_Rainfall_mm,722.7760000000001,340.79,5688.79,False,False,False
T+1_R-20,Edo,2024,Seasonal_Rainfall_mm,1084.624,340.79,5688.79,False,False,False
T+1_R-20,Ekiti,2024,Seasonal_Rainfall_mm,1085.4400000000003,340.79,5688.79,False,False,False
T+1_R-20,Enugu,2024,Seasonal_Rainfall_mm,780.72,340.79,5688.79,False,False,False
T+1_R-20,FCT,2024,Seasonal_Rainfall_mm,923.448,340.79,5688.79,False,False,False
T+1_R-20,Gombe,2024,Seasonal_Rainfall_mm,1146.7600000000004,340.79,5688.79,False,False,False
T+1_R-20,Imo,2024,Seasonal_Rainfall_mm,1282.864,340.79,5688.79,False,False,False
T+1_R-20,Jigawa,2024,Seasonal_Rainfall_mm,814.6080000000001,340.79,5688.79,False,False,False
T+1_R-20,Kaduna,2024,Seasonal_Rainfall_mm,1165.472,340.79,5688.79,False,False,False
T+1_R-20,Kano,2024,Seasonal_Rainfall_mm,801.104,340.79,5688.79,False,False,False
T+1_R-20,Katsina,2024,Seasonal_Rainfall_mm,1032.6879999999999,340.79,5688.79,False,False,False
T+1_R-20,Kebbi,2024,Seasonal_Rainfall_mm,1703.968,340.79,5688.79,False,False,False
T+1_R-20,Kogi,2024,Seasonal_Rainfall_mm,700.9679999999998,340.79,5688.79,False,False,False
T+1_R-20,Kwara,2024,Seasonal_Rainfall_mm,972.3120000000001,340.79,5688.79,False,False,False
T+1_R-20,Lagos,2024,Seasonal_Rainfall_mm,1053.3280000000002,340.79,5688.79,False,False,False
T+1_R-20,Nasarawa,2024,Seasonal_Rainfall_mm,818.864,340.79,5688.79,False,False,False
T+1_R-20,Niger,2024,Seasonal_Rainfall_mm,726.9680000000001,340.79,5688.79,False,False,False
T+1_R-20,Ogun,2024,Seasonal_Rainfall_mm,1284.48,340.79,5688.79,False,False,False
T+1_R-20,Ondo,2024,Seasonal_Rainfall_mm,1085.4400000000003,340.79,5688.79,False,False,False
T+1_R-20,Osun,2024,Seasonal_Rainfall_mm,1343.5439999999999,340.79,5688.79,False,False,False
T+1_R-20,Oyo,2024,Seasonal_Rainfall_mm,1306.04,340.79,5688.79,False,False,False
T+1_R-20,Plateau,2024,Seasonal_Rainfall_mm,1100.584,340.79,5688.79,False,False,False
T+1_R-20,Rivers,2024,Seasonal_Rainfall_mm,1416.68,340.79,5688.79,False,False,False
T+1_R-20,Sokoto,2024,Seasonal_Rainfall_mm,1090.808,340.79,5688.79,False,False,False
T+1_R-20,Taraba,2024,Seasonal_Rainfall_mm,876.68,340.79,5688.79,False,False,False
T+1_R-20,Yobe,2024,Seasonal_Rainfall_mm,741.48,340.79,5688.79,False,False,False
T+1_R-20,Zamfara,2024,Seasonal_Rainfall_mm,555.8960000000001,340.79,5688.79,False,False,False
T+1_R-20,Abia,2024,Seasonal_GDD_C,4902.7,2545.795,4805.745,False,True,True
T+1_R-20,Adamawa,2024,Seasonal_GDD_C,3502.585,2545.795,4805.745,False,False,False
T+1_R-20,Akwa Ibom,2024,Seasonal_GDD_C,4969.005000000001,2545.795,4805.745,False,True,True
T+1_R-20,Anambra,2024,Seasonal_GDD_C,4916.875,2545.795,4805.745,False,True,True
T+1_R-20,Bauchi,2024,Seasonal_GDD_C,3384.24,2545.795,4805.745,False,False,False
T+1_R-20,Bayelsa,2024,Seasonal_GDD_C,4995.065,2545.795,4805.745,False,True,True
T+1_R-20,Benue,2024,Seasonal_GDD_C,3972.71,2545.795,4805.745,False,False,False
T+1_R-20,Borno,2024,Seasonal_GDD_C,3911.105,2545.795,4805.745,False,False,False
T+1_R-20,Cross River,2024,Seasonal_GDD_C,4969.005000000001,2545.795,4805.745,False,True,True
T+1_R-20,Delta,2024,Seasonal_GDD_C,4916.875,2545.795,4805.745,False,True,True
T+1_R-20,Ebonyi,2024,Seasonal_GDD_C,5224.355,2545.795,4805.745,False,True,True
T+1_R-20,Edo,2024,Seasonal_GDD_C,4858.435,2545.795,4805.745,False,True,True
T+1_R-20,Ekiti,2024,Seasonal_GDD_C,4577.264999999999,2545.795,4805.745,False,False,False
T+1_R-20,Enugu,2024,Seasonal_GDD_C,4997.129999999999,2545.795,4805.745,False,True,True
T+1_R-20,FCT,2024,Seasonal_GDD_C,3783.07,2545.795,4805.745,False,False,False
T+1_R-20,Gombe,2024,Seasonal_GDD_C,3439.21,2545.795,4805.745,False,False,False
T+1_R-20,Imo,2024,Seasonal_GDD_C,4964.094999999999,2545.795,4805.745,False,True,True
T+1_R-20,Jigawa,2024,Seasonal_GDD_C,3681.245,2545.795,4805.745,False,False,False
T+1_R-20,Kaduna,2024,Seasonal_GDD_C,2984.6800000000003,2545.795,4805.745,False,False,False
T+1_R-20,Kano,2024,Seasonal_GDD_C,3667.455,2545.795,4805.745,False,False,False
T+1_R-20,Katsina,2024,Seasonal_GDD_C,3392.635,2545.795,4805.745,False,False,False
T+1_R-20,Kebbi,2024,Seasonal_GDD_C,3557.3050000000003,2545.795,4805.745,False,False,False
T+1_R-20,Kogi,2024,Seasonal_GDD_C,4001.005,2545.795,4805.745,False,False,False
T+1_R-20,Kwara,2024,Seasonal_GDD_C,3729.295,2545.795,4805.745,False,False,False
T+1_R-20,Lagos,2024,Seasonal_GDD_C,5014.834999999999,2545.795,4805.745,False,True,True
T+1_R-20,Nasarawa,2024,Seasonal_GDD_C,4035.105,2545.795,4805.745,False,False,False
T+1_R-20,Niger,2024,Seasonal_GDD_C,4106.51,2545.795,4805.745,False,False,False
T+1_R-20,Ogun,2024,Seasonal_GDD_C,4857.57,2545.795,4805.745,False,True,True
T+1_R-20,Ondo,2024,Seasonal_GDD_C,4577.264999999999,2545.795,4805.745,False,False,False
T+1_R-20,Osun,2024,Seasonal_GDD_C,4685.16,2545.795,4805.745,False,False,False
T+1_R-20,Oyo,2024,Seasonal_GDD_C,4747.030000000001,2545.795,4805.745,False,False,False
T+1_R-20,Plateau,2024,Seasonal_GDD_C,3279.7900000000004,2545.795,4805.745,False,False,False
T+1_R-20,Rivers,2024,Seasonal_GDD_C,4989.629999999999,2545.795,4805.745,False,True,True
T+1_R-20,Sokoto,2024,Seasonal_GDD_C,3617.615,2545.795,4805.745,False,False,False
T+1_R-20,Taraba,2024,Seasonal_GDD_C,3411.08,2545.795,4805.745,False,False,False
T+1_R-20,Yobe,2024,Seasonal_GDD_C,3639.5950000000003,2545.795,4805.745,False,False,False
T+1_R-20,Zamfara,2024,Seasonal_GDD_C,3444.635,2545.795,4805.745,False,False,False
T+1_R-20,Abia,2024,Mean_Tmax_C,31.031090909090903,26.530373831775705,37.37739130434783,False,False,False
T+1_R-20,Adamawa,2024,Mean_Tmax_C,33.40342391304348,26.530373831775705,37.37739130434783,False,False,False
T+1_R-20,Akwa Ibom,2024,Mean_Tmax_C,30.75338181818182,26.530373831775705,37.37739130434783,False,False,False
T+1_R-20,Anambra,2024,Mean_Tmax_C,31.05850909090909,26.530373831775705,37.37739130434783,False,False,False
T+1_R-20,Bauchi,2024,Mean_Tmax_C,32.96880434782609,26.530373831775705,37.37739130434783,False,False,False
T+1_R-20,Bayelsa,2024,Mean_Tmax_C,30.968800000000005,26.530373831775705,37.37739130434783,False,False,False
T+1_R-20,Benue,2024,Mean_Tmax_C,32.120794392523365,26.530373831775705,37.37739130434783,False,False,False
T+1_R-20,Borno,2024,Mean_Tmax_C,36.42760869565217,26.530373831775705,37.37739130434783,False,False,False
T+1_R-20,Cross River,2024,Mean_Tmax_C,30.75338181818182,26.530373831775705,37.37739130434783,False,False,False
T+1_R-20,Delta,2024,Mean_Tmax_C,31.05850909090909,26.530373831775705,37.37739130434783,False,False,False
T+1_R-20,Ebonyi,2024,Mean_Tmax_C,32.96454545454545,26.530373831775705,37.37739130434783,False,False,False
T+1_R-20,Edo,2024,Mean_Tmax_C,30.72083636363637,26.530373831775705,37.37739130434783,False,False,False
T+1_R-20,Ekiti,2024,Mean_Tmax_C,30.06705454545454,26.530373831775705,37.37739130434783,False,False,False
T+1_R-20,Enugu,2024,Mean_Tmax_C,31.869672727272725,26.530373831775705,37.37739130434783,False,False,False
T+1_R-20,FCT,2024,Mean_Tmax_C,31.60518691588785,26.530373831775705,37.37739130434783,False,False,False
T+1_R-20,Gombe,2024,Mean_Tmax_C,32.93304347826087,26.530373831775705,37.37739130434783,False,False,False
T+1_R-20,Imo,2024,Mean_Tmax_C,31.22494545454545,26.530373831775705,37.37739130434783,False,False,False
T+1_R-20,Jigawa,2024,Mean_Tmax_C,35.34570652173913,26.530373831775705,37.37739130434783,False,False,False
T+1_R-20,Kaduna,2024,Mean_Tmax_C,30.12326086956521,26.530373831775705,37.37739130434783,False,False,False
T+1_R-20,Kano,2024,Mean_Tmax_C,35.5625,26.530373831775705,37.37739130434783,False,False,False
T+1_R-20,Katsina,2024,Mean_Tmax_C,32.8666847826087,26.530373831775705,37.37739130434783,False,False,False
T+1_R-20,Kebbi,2024,Mean_Tmax_C,33.69858695652174,26.530373831775705,37.37739130434783,False,False,False
T+1_R-20,Kogi,2024,Mean_Tmax_C,32.41172897196261,26.530373831775705,37.37739130434783,False,False,False
T+1_R-20,Kwara,2024,Mean_Tmax_C,31.14434579439252,26.530373831775705,37.37739130434783,False,False,False
T+1_R-20,Lagos,2024,Mean_Tmax_C,30.03090909090909,26.530373831775705,37.37739130434783,False,False,False
T+1_R-20,Nasarawa,2024,Mean_Tmax_C,32.62345794392523,26.530373831775705,37.37739130434783,False,False,False
T+1_R-20,Niger,2024,Mean_Tmax_C,33.02266355140187,26.530373831775705,37.37739130434783,False,False,False
T+1_R-20,Ogun,2024,Mean_Tmax_C,30.627236363636364,26.530373831775705,37.37739130434783,False,False,False
T+1_R-20,Ondo,2024,Mean_Tmax_C,30.06705454545454,26.530373831775705,37.37739130434783,False,False,False
T+1_R-20,Osun,2024,Mean_Tmax_C,30.38592727272728,26.530373831775705,37.37739130434783,False,False,False
T+1_R-20,Oyo,2024,Mean_Tmax_C,30.67494545454545,26.530373831775705,37.37739130434783,False,False,False
T+1_R-20,Plateau,2024,Mean_Tmax_C,29.977289719626164,26.530373831775705,37.37739130434783,False,False,False
T+1_R-20,Rivers,2024,Mean_Tmax_C,31.30472727272727,26.530373831775705,37.37739130434783,False,False,False
T+1_R-20,Sokoto,2024,Mean_Tmax_C,34.102663043478266,26.530373831775705,37.37739130434783,False,False,False
T+1_R-20,Taraba,2024,Mean_Tmax_C,32.396032608695656,26.530373831775705,37.37739130434783,False,False,False
T+1_R-20,Yobe,2024,Mean_Tmax_C,34.55940217391304,26.530373831775705,37.37739130434783,False,False,False
T+1_R-20,Zamfara,2024,Mean_Tmax_C,33.69663043478261,26.530373831775705,37.37739130434783,False,False,False
T+1_R-20,Abia,2024,Mean_Tmin_C,24.62490909090909,18.60668224299065,25.44163043478261,False,False,False
T+1_R-20,Adamawa,2024,Mean_Tmin_C,24.668152173913047,18.60668224299065,25.44163043478261,False,False,False
T+1_R-20,Akwa Ibom,2024,Mean_Tmin_C,25.384836363636364,18.60668224299065,25.44163043478261,False,False,False
T+1_R-20,Anambra,2024,Mean_Tmin_C,24.700581818181817,18.60668224299065,25.44163043478261,False,False,False
T+1_R-20,Bauchi,2024,Mean_Tmin_C,23.816413043478263,18.60668224299065,25.44163043478261,False,False,False
T+1_R-20,Bayelsa,2024,Mean_Tmin_C,25.358945454545456,18.60668224299065,25.44163043478261,False,False,False
T+1_R-20,Benue,2024,Mean_Tmin_C,25.007336448598124,18.60668224299065,25.44163043478261,False,False,False
T+1_R-20,Borno,2024,Mean_Tmin_C,26.08440217391305,18.60668224299065,25.44163043478261,False,True,True
T+1_R-20,Cross River,2024,Mean_Tmin_C,25.384836363636364,18.60668224299065,25.44163043478261,False,False,False
T+1_R-20,Delta,2024,Mean_Tmin_C,24.700581818181817,18.60668224299065,25.44163043478261,False,False,False
T+1_R-20,Ebonyi,2024,Mean_Tmin_C,25.03076363636364,18.60668224299065,25.44163043478261,False,False,False
T+1_R-20,Edo,2024,Mean_Tmin_C,24.613236363636364,18.60668224299065,25.44163043478261,False,False,False
T+1_R-20,Ekiti,2024,Mean_Tmin_C,23.22214545454545,18.60668224299065,25.44163043478261,False,False,False
T+1_R-20,Enugu,2024,Mean_Tmin_C,24.47309090909091,18.60668224299065,25.44163043478261,False,False,False
T+1_R-20,FCT,2024,Mean_Tmin_C,23.75060747663552,18.60668224299065,25.44163043478261,False,False,False
T+1_R-20,Gombe,2024,Mean_Tmin_C,24.44967391304348,18.60668224299065,25.44163043478261,False,False,False
T+1_R-20,Imo,2024,Mean_Tmin_C,24.87756363636364,18.60668224299065,25.44163043478261,False,False,False
T+1_R-20,Jigawa,2024,Mean_Tmin_C,24.66782608695652,18.60668224299065,25.44163043478261,False,False,False
T+1_R-20,Kaduna,2024,Mean_Tmin_C,22.31891304347826,18.60668224299065,25.44163043478261,False,False,False
T+1_R-20,Kano,2024,Mean_Tmin_C,24.301141304347823,18.60668224299065,25.44163043478261,False,False,False
T+1_R-20,Katsina,2024,Mean_Tmin_C,24.009782608695648,18.60668224299065,25.44163043478261,False,False,False
T+1_R-20,Kebbi,2024,Mean_Tmin_C,24.96777173913044,18.60668224299065,25.44163043478261,False,False,False
T+1_R-20,Kogi,2024,Mean_Tmin_C,24.98084112149533,18.60668224299065,25.44163043478261,False,False,False
T+1_R-20,Kwara,2024,Mean_Tmin_C,23.7088785046729,18.60668224299065,25.44163043478261,False,False,False
T+1_R-20,Lagos,2024,Mean_Tmin_C,26.44061818181818,18.60668224299065,25.44163043478261,False,True,True
T+1_R-20,Nasarawa,2024,Mean_Tmin_C,25.08780373831776,18.60668224299065,25.44163043478261,False,False,False
T+1_R-20,Niger,2024,Mean_Tmin_C,25.355934579439253,18.60668224299065,25.44163043478261,False,False,False
T+1_R-20,Ogun,2024,Mean_Tmin_C,24.70054545454545,18.60668224299065,25.44163043478261,False,False,False
T+1_R-20,Ondo,2024,Mean_Tmin_C,23.22214545454545,18.60668224299065,25.44163043478261,False,False,False
T+1_R-20,Osun,2024,Mean_Tmin_C,23.68796363636364,18.60668224299065,25.44163043478261,False,False,False
T+1_R-20,Oyo,2024,Mean_Tmin_C,23.848909090909093,18.60668224299065,25.44163043478261,False,False,False
T+1_R-20,Plateau,2024,Mean_Tmin_C,20.67495327102804,18.60668224299065,25.44163043478261,False,False,False
T+1_R-20,Rivers,2024,Mean_Tmin_C,24.983490909090907,18.60668224299065,25.44163043478261,False,False,False
T+1_R-20,Sokoto,2024,Mean_Tmin_C,25.219239130434783,18.60668224299065,25.44163043478261,False,False,False
T+1_R-20,Taraba,2024,Mean_Tmin_C,24.68092391304348,18.60668224299065,25.44163043478261,False,False,False
T+1_R-20,Yobe,2024,Mean_Tmin_C,25.001413043478266,18.60668224299065,25.44163043478261,False,False,False
T+1_R-20,Zamfara,2024,Mean_Tmin_C,23.745054347826088,18.60668224299065,25.44163043478261,False,False,False
T+1_R-20,Abia,2024,Rainfall_Anomaly_Z_2000_2019,-1.4786221582221328,-2.9722877578679507,15.012756673567567,False,False,False
T+1_R-20,Adamawa,2024,Rainfall_Anomaly_Z_2000_2019,-0.985618936076318,-2.9722877578679507,15.012756673567567,False,False,False
T+1_R-20,Akwa Ibom,2024,Rainfall_Anomaly_Z_2000_2019,-2.625258797427147,-2.9722877578679507,15.012756673567567,False,False,False
T+1_R-20,Anambra,2024,Rainfall_Anomaly_Z_2000_2019,-1.1793340613632184,-2.9722877578679507,15.012756673567567,False,False,False
T+1_R-20,Bauchi,2024,Rainfall_Anomaly_Z_2000_2019,0.9186986385613669,-2.9722877578679507,15.012756673567567,False,False,False
T+1_R-20,Bayelsa,2024,Rainfall_Anomaly_Z_2000_2019,-1.1385826582069312,-2.9722877578679507,15.012756673567567,False,False,False
T+1_R-20,Benue,2024,Rainfall_Anomaly_Z_2000_2019,-1.316834447973708,-2.9722877578679507,15.012756673567567,False,False,False
T+1_R-20,Borno,2024,Rainfall_Anomaly_Z_2000_2019,-0.49597698286675906,-2.9722877578679507,15.012756673567567,False,False,False
T+1_R-20,Cross River,2024,Rainfall_Anomaly_Z_2000_2019,-2.625258797427147,-2.9722877578679507,15.012756673567567,False,False,False
T+1_R-20,Delta,2024,Rainfall_Anomaly_Z_2000_2019,-1.1793340613632184,-2.9722877578679507,15.012756673567567,False,False,False
T+1_R-20,Ebonyi,2024,Rainfall_Anomaly_Z_2000_2019,-1.9566096491792917,-2.9722877578679507,15.012756673567567,False,False,False
T+1_R-20,Edo,2024,Rainfall_Anomaly_Z_2000_2019,-1.1107650882695506,-2.9722877578679507,15.012756673567567,False,False,False
T+1_R-20,Ekiti,2024,Rainfall_Anomaly_Z_2000_2019,-1.421344367936102,-2.9722877578679507,15.012756673567567,False,False,False
T+1_R-20,Enugu,2024,Rainfall_Anomaly_Z_2000_2019,-1.9963650275449252,-2.9722877578679507,15.012756673567567,False,False,False
T+1_R-20,FCT,2024,Rainfall_Anomaly_Z_2000_2019,-0.828553327151722,-2.9722877578679507,15.012756673567567,False,False,False
T+1_R-20,Gombe,2024,Rainfall_Anomaly_Z_2000_2019,1.4486484604430305,-2.9722877578679507,15.012756673567567,False,False,False
T+1_R-20,Imo,2024,Rainfall_Anomaly_Z_2000_2019,-0.9438851731795997,-2.9722877578679507,15.012756673567567,False,False,False
T+1_R-20,Jigawa,2024,Rainfall_Anomaly_Z_2000_2019,1.468129244765175,-2.9722877578679507,15.012756673567567,False,False,False
T+1_R-20,Kaduna,2024,Rainfall_Anomaly_Z_2000_2019,-0.2217616720238811,-2.9722877578679507,15.012756673567567,False,False,False
T+1_R-20,Kano,2024,Rainfall_Anomaly_Z_2000_2019,1.2603729635527479,-2.9722877578679507,15.012756673567567,False,False,False
T+1_R-20,Katsina,2024,Rainfall_Anomaly_Z_2000_2019,3.4549078630549843,-2.9722877578679507,15.012756673567567,False,False,False
T+1_R-20,Kebbi,2024,Rainfall_Anomaly_Z_2000_2019,9.136092044185824,-2.9722877578679507,15.012756673567567,False,False,False
T+1_R-20,Kogi,2024,Rainfall_Anomaly_Z_2000_2019,-1.4699953007496394,-2.9722877578679507,15.012756673567567,False,False,False
T+1_R-20,Kwara,2024,Rainfall_Anomaly_Z_2000_2019,-0.7133664878923842,-2.9722877578679507,15.012756673567567,False,False,False
T+1_R-20,Lagos,2024,Rainfall_Anomaly_Z_2000_2019,-1.3857356001956171,-2.9722877578679507,15.012756673567567,False,False,False
T+1_R-20,Nasarawa,2024,Rainfall_Anomaly_Z_2000_2019,-0.6069677424361107,-2.9722877578679507,15.012756673567567,False,False,False
T+1_R-20,Niger,2024,Rainfall_Anomaly_Z_2000_2019,-1.613002095038387,-2.9722877578679507,15.012756673567567,False,False,False
T+1_R-20,Ogun,2024,Rainfall_Anomaly_Z_2000_2019,-1.0602094685713654,-2.9722877578679507,15.012756673567567,False,False,False
T+1_R-20,Ondo,2024,Rainfall_Anomaly_Z_2000_2019,-1.421344367936102,-2.9722877578679507,15.012756673567567,False,False,False
T+1_R-20,Osun,2024,Rainfall_Anomaly_Z_2000_2019,-0.9064972671104901,-2.9722877578679507,15.012756673567567,False,False,False
T+1_R-20,Oyo,2024,Rainfall_Anomaly_Z_2000_2019,-1.045621281368127,-2.9722877578679507,15.012756673567567,False,False,False
T+1_R-20,Plateau,2024,Rainfall_Anomaly_Z_2000_2019,0.5896499637152153,-2.9722877578679507,15.012756673567567,False,False,False
T+1_R-20,Rivers,2024,Rainfall_Anomaly_Z_2000_2019,-1.3301910453543389,-2.9722877578679507,15.012756673567567,False,False,False
T+1_R-20,Sokoto,2024,Rainfall_Anomaly_Z_2000_2019,3.0208470900502045,-2.9722877578679507,15.012756673567567,False,False,False
T+1_R-20,Taraba,2024,Rainfall_Anomaly_Z_2000_2019,-0.023387271847789576,-2.9722877578679507,15.012756673567567,False,False,False
T+1_R-20,Yobe,2024,Rainfall_Anomaly_Z_2000_2019,0.6320977871172421,-2.9722877578679507,15.012756673567567,False,False,False
T+1_R-20,Zamfara,2024,Rainfall_Anomaly_Z_2000_2019,-0.9828038277835861,-2.9722877578679507,15.012756673567567,False,False,False
T+1_R-30,Abia,2024,Seasonal_Rainfall_mm,949.5849999999999,340.79,5688.79,False,False,False
T+1_R-30,Adamawa,2024,Seasonal_Rainfall_mm,632.968,340.79,5688.79,False,False,False
T+1_R-30,Akwa Ibom,2024,Seasonal_Rainfall_mm,1308.3629999999998,340.79,5688.79,False,False,False
T+1_R-30,Anambra,2024,Seasonal_Rainfall_mm,942.9069999999999,340.79,5688.79,False,False,False
T+1_R-30,Bauchi,2024,Seasonal_Rainfall_mm,759.5769999999999,340.79,5688.79,False,False,False
T+1_R-30,Bayelsa,2024,Seasonal_Rainfall_mm,1318.086,340.79,5688.79,False,False,False
T+1_R-30,Benue,2024,Seasonal_Rainfall_mm,674.2049999999999,340.79,5688.79,False,False,False
T+1_R-30,Borno,2024,Seasonal_Rainfall_mm,408.21199999999993,340.79,5688.79,False,False,False
T+1_R-30,Cross River,2024,Seasonal_Rainfall_mm,1308.3629999999998,340.79,5688.79,False,False,False
T+1_R-30,Delta,2024,Seasonal_Rainfall_mm,942.9069999999999,340.79,5688.79,False,False,False
T+1_R-30,Ebonyi,2024,Seasonal_Rainfall_mm,632.429,340.79,5688.79,False,False,False
T+1_R-30,Edo,2024,Seasonal_Rainfall_mm,949.0459999999999,340.79,5688.79,False,False,False
T+1_R-30,Ekiti,2024,Seasonal_Rainfall_mm,949.7600000000001,340.79,5688.79,False,False,False
T+1_R-30,Enugu,2024,Seasonal_Rainfall_mm,683.13,340.79,5688.79,False,False,False
T+1_R-30,FCT,2024,Seasonal_Rainfall_mm,808.0169999999999,340.79,5688.79,False,False,False
T+1_R-30,Gombe,2024,Seasonal_Rainfall_mm,1003.4150000000003,340.79,5688.79,False,False,False
T+1_R-30,Imo,2024,Seasonal_Rainfall_mm,1122.5059999999999,340.79,5688.79,False,False,False
T+1_R-30,Jigawa,2024,Seasonal_Rainfall_mm,712.7819999999999,340.79,5688.79,False,False,False
T+1_R-30,Kaduna,2024,Seasonal_Rainfall_mm,1019.7879999999999,340.79,5688.79,False,False,False
T+1_R-30,Kano,2024,Seasonal_Rainfall_mm,700.966,340.79,5688.79,False,False,False
T+1_R-30,Katsina,2024,Seasonal_Rainfall_mm,903.6019999999999,340.79,5688.79,False,False,False
T+1_R-30,Kebbi,2024,Seasonal_Rainfall_mm,1490.972,340.79,5688.79,False,False,False
T+1_R-30,Kogi,2024,Seasonal_Rainfall_mm,613.3469999999999,340.79,5688.79,False,False,False
T+1_R-30,Kwara,2024,Seasonal_Rainfall_mm,850.773,340.79,5688.79,False,False,False
T+1_R-30,Lagos,2024,Seasonal_Rainfall_mm,921.662,340.79,5688.79,False,False,False
T+1_R-30,Nasarawa,2024,Seasonal_Rainfall_mm,716.506,340.79,5688.79,False,False,False
T+1_R-30,Niger,2024,Seasonal_Rainfall_mm,636.097,340.79,5688.79,False,False,False
T+1_R-30,Ogun,2024,Seasonal_Rainfall_mm,1123.9199999999998,340.79,5688.79,False,False,False
T+1_R-30,Ondo,2024,Seasonal_Rainfall_mm,949.7600000000001,340.79,5688.79,False,False,False
T+1_R-30,Osun,2024,Seasonal_Rainfall_mm,1175.6009999999999,340.79,5688.79,False,False,False
T+1_R-30,Oyo,2024,Seasonal_Rainfall_mm,1142.7849999999999,340.79,5688.79,False,False,False
T+1_R-30,Plateau,2024,Seasonal_Rainfall_mm,963.011,340.79,5688.79,False,False,False
T+1_R-30,Rivers,2024,Seasonal_Rainfall_mm,1239.5949999999998,340.79,5688.79,False,False,False
T+1_R-30,Sokoto,2024,Seasonal_Rainfall_mm,954.4569999999999,340.79,5688.79,False,False,False
T+1_R-30,Taraba,2024,Seasonal_Rainfall_mm,767.0949999999999,340.79,5688.79,False,False,False
T+1_R-30,Yobe,2024,Seasonal_Rainfall_mm,648.795,340.79,5688.79,False,False,False
T+1_R-30,Zamfara,2024,Seasonal_Rainfall_mm,486.40900000000005,340.79,5688.79,False,False,False
T+1_R-30,Abia,2024,Seasonal_GDD_C,4902.7,2545.795,4805.745,False,True,True
T+1_R-30,Adamawa,2024,Seasonal_GDD_C,3502.585,2545.795,4805.745,False,False,False
T+1_R-30,Akwa Ibom,2024,Seasonal_GDD_C,4969.005000000001,2545.795,4805.745,False,True,True
T+1_R-30,Anambra,2024,Seasonal_GDD_C,4916.875,2545.795,4805.745,False,True,True
T+1_R-30,Bauchi,2024,Seasonal_GDD_C,3384.24,2545.795,4805.745,False,False,False
T+1_R-30,Bayelsa,2024,Seasonal_GDD_C,4995.065,2545.795,4805.745,False,True,True
T+1_R-30,Benue,2024,Seasonal_GDD_C,3972.71,2545.795,4805.745,False,False,False
T+1_R-30,Borno,2024,Seasonal_GDD_C,3911.105,2545.795,4805.745,False,False,False
T+1_R-30,Cross River,2024,Seasonal_GDD_C,4969.005000000001,2545.795,4805.745,False,True,True
T+1_R-30,Delta,2024,Seasonal_GDD_C,4916.875,2545.795,4805.745,False,True,True
T+1_R-30,Ebonyi,2024,Seasonal_GDD_C,5224.355,2545.795,4805.745,False,True,True
T+1_R-30,Edo,2024,Seasonal_GDD_C,4858.435,2545.795,4805.745,False,True,True
T+1_R-30,Ekiti,2024,Seasonal_GDD_C,4577.264999999999,2545.795,4805.745,False,False,False
T+1_R-30,Enugu,2024,Seasonal_GDD_C,4997.129999999999,2545.795,4805.745,False,True,True
T+1_R-30,FCT,2024,Seasonal_GDD_C,3783.07,2545.795,4805.745,False,False,False
T+1_R-30,Gombe,2024,Seasonal_GDD_C,3439.21,2545.795,4805.745,False,False,False
T+1_R-30,Imo,2024,Seasonal_GDD_C,4964.094999999999,2545.795,4805.745,False,True,True
T+1_R-30,Jigawa,2024,Seasonal_GDD_C,3681.245,2545.795,4805.745,False,False,False
T+1_R-30,Kaduna,2024,Seasonal_GDD_C,2984.6800000000003,2545.795,4805.745,False,False,False
T+1_R-30,Kano,2024,Seasonal_GDD_C,3667.455,2545.795,4805.745,False,False,False
T+1_R-30,Katsina,2024,Seasonal_GDD_C,3392.635,2545.795,4805.745,False,False,False
T+1_R-30,Kebbi,2024,Seasonal_GDD_C,3557.3050000000003,2545.795,4805.745,False,False,False
T+1_R-30,Kogi,2024,Seasonal_GDD_C,4001.005,2545.795,4805.745,False,False,False
T+1_R-30,Kwara,2024,Seasonal_GDD_C,3729.295,2545.795,4805.745,False,False,False
T+1_R-30,Lagos,2024,Seasonal_GDD_C,5014.834999999999,2545.795,4805.745,False,True,True
T+1_R-30,Nasarawa,2024,Seasonal_GDD_C,4035.105,2545.795,4805.745,False,False,False
T+1_R-30,Niger,2024,Seasonal_GDD_C,4106.51,2545.795,4805.745,False,False,False
T+1_R-30,Ogun,2024,Seasonal_GDD_C,4857.57,2545.795,4805.745,False,True,True
T+1_R-30,Ondo,2024,Seasonal_GDD_C,4577.264999999999,2545.795,4805.745,False,False,False
T+1_R-30,Osun,2024,Seasonal_GDD_C,4685.16,2545.795,4805.745,False,False,False
T+1_R-30,Oyo,2024,Seasonal_GDD_C,4747.030000000001,2545.795,4805.745,False,False,False
T+1_R-30,Plateau,2024,Seasonal_GDD_C,3279.7900000000004,2545.795,4805.745,False,False,False
T+1_R-30,Rivers,2024,Seasonal_GDD_C,4989.629999999999,2545.795,4805.745,False,True,True
T+1_R-30,Sokoto,2024,Seasonal_GDD_C,3617.615,2545.795,4805.745,False,False,False
T+1_R-30,Taraba,2024,Seasonal_GDD_C,3411.08,2545.795,4805.745,False,False,False
T+1_R-30,Yobe,2024,Seasonal_GDD_C,3639.5950000000003,2545.795,4805.745,False,False,False
T+1_R-30,Zamfara,2024,Seasonal_GDD_C,3444.635,2545.795,4805.745,False,False,False
T+1_R-30,Abia,2024,Mean_Tmax_C,31.031090909090903,26.530373831775705,37.37739130434783,False,False,False
T+1_R-30,Adamawa,2024,Mean_Tmax_C,33.40342391304348,26.530373831775705,37.37739130434783,False,False,False
T+1_R-30,Akwa Ibom,2024,Mean_Tmax_C,30.75338181818182,26.530373831775705,37.37739130434783,False,False,False
T+1_R-30,Anambra,2024,Mean_Tmax_C,31.05850909090909,26.530373831775705,37.37739130434783,False,False,False
T+1_R-30,Bauchi,2024,Mean_Tmax_C,32.96880434782609,26.530373831775705,37.37739130434783,False,False,False
T+1_R-30,Bayelsa,2024,Mean_Tmax_C,30.968800000000005,26.530373831775705,37.37739130434783,False,False,False
T+1_R-30,Benue,2024,Mean_Tmax_C,32.120794392523365,26.530373831775705,37.37739130434783,False,False,False
T+1_R-30,Borno,2024,Mean_Tmax_C,36.42760869565217,26.530373831775705,37.37739130434783,False,False,False
T+1_R-30,Cross River,2024,Mean_Tmax_C,30.75338181818182,26.530373831775705,37.37739130434783,False,False,False
T+1_R-30,Delta,2024,Mean_Tmax_C,31.05850909090909,26.530373831775705,37.37739130434783,False,False,False
T+1_R-30,Ebonyi,2024,Mean_Tmax_C,32.96454545454545,26.530373831775705,37.37739130434783,False,False,False
T+1_R-30,Edo,2024,Mean_Tmax_C,30.72083636363637,26.530373831775705,37.37739130434783,False,False,False
T+1_R-30,Ekiti,2024,Mean_Tmax_C,30.06705454545454,26.530373831775705,37.37739130434783,False,False,False
T+1_R-30,Enugu,2024,Mean_Tmax_C,31.869672727272725,26.530373831775705,37.37739130434783,False,False,False
T+1_R-30,FCT,2024,Mean_Tmax_C,31.60518691588785,26.530373831775705,37.37739130434783,False,False,False
T+1_R-30,Gombe,2024,Mean_Tmax_C,32.93304347826087,26.530373831775705,37.37739130434783,False,False,False
T+1_R-30,Imo,2024,Mean_Tmax_C,31.22494545454545,26.530373831775705,37.37739130434783,False,False,False
T+1_R-30,Jigawa,2024,Mean_Tmax_C,35.34570652173913,26.530373831775705,37.37739130434783,False,False,False
T+1_R-30,Kaduna,2024,Mean_Tmax_C,30.12326086956521,26.530373831775705,37.37739130434783,False,False,False
T+1_R-30,Kano,2024,Mean_Tmax_C,35.5625,26.530373831775705,37.37739130434783,False,False,False
T+1_R-30,Katsina,2024,Mean_Tmax_C,32.8666847826087,26.530373831775705,37.37739130434783,False,False,False
T+1_R-30,Kebbi,2024,Mean_Tmax_C,33.69858695652174,26.530373831775705,37.37739130434783,False,False,False
T+1_R-30,Kogi,2024,Mean_Tmax_C,32.41172897196261,26.530373831775705,37.37739130434783,False,False,False
T+1_R-30,Kwara,2024,Mean_Tmax_C,31.14434579439252,26.530373831775705,37.37739130434783,False,False,False
T+1_R-30,Lagos,2024,Mean_Tmax_C,30.03090909090909,26.530373831775705,37.37739130434783,False,False,False
T+1_R-30,Nasarawa,2024,Mean_Tmax_C,32.62345794392523,26.530373831775705,37.37739130434783,False,False,False
T+1_R-30,Niger,2024,Mean_Tmax_C,33.02266355140187,26.530373831775705,37.37739130434783,False,False,False
T+1_R-30,Ogun,2024,Mean_Tmax_C,30.627236363636364,26.530373831775705,37.37739130434783,False,False,False
T+1_R-30,Ondo,2024,Mean_Tmax_C,30.06705454545454,26.530373831775705,37.37739130434783,False,False,False
T+1_R-30,Osun,2024,Mean_Tmax_C,30.38592727272728,26.530373831775705,37.37739130434783,False,False,False
T+1_R-30,Oyo,2024,Mean_Tmax_C,30.67494545454545,26.530373831775705,37.37739130434783,False,False,False
T+1_R-30,Plateau,2024,Mean_Tmax_C,29.977289719626164,26.530373831775705,37.37739130434783,False,False,False
T+1_R-30,Rivers,2024,Mean_Tmax_C,31.30472727272727,26.530373831775705,37.37739130434783,False,False,False
T+1_R-30,Sokoto,2024,Mean_Tmax_C,34.102663043478266,26.530373831775705,37.37739130434783,False,False,False
T+1_R-30,Taraba,2024,Mean_Tmax_C,32.396032608695656,26.530373831775705,37.37739130434783,False,False,False
T+1_R-30,Yobe,2024,Mean_Tmax_C,34.55940217391304,26.530373831775705,37.37739130434783,False,False,False
T+1_R-30,Zamfara,2024,Mean_Tmax_C,33.69663043478261,26.530373831775705,37.37739130434783,False,False,False
T+1_R-30,Abia,2024,Mean_Tmin_C,24.62490909090909,18.60668224299065,25.44163043478261,False,False,False
T+1_R-30,Adamawa,2024,Mean_Tmin_C,24.668152173913047,18.60668224299065,25.44163043478261,False,False,False
T+1_R-30,Akwa Ibom,2024,Mean_Tmin_C,25.384836363636364,18.60668224299065,25.44163043478261,False,False,False
T+1_R-30,Anambra,2024,Mean_Tmin_C,24.700581818181817,18.60668224299065,25.44163043478261,False,False,False
T+1_R-30,Bauchi,2024,Mean_Tmin_C,23.816413043478263,18.60668224299065,25.44163043478261,False,False,False
T+1_R-30,Bayelsa,2024,Mean_Tmin_C,25.358945454545456,18.60668224299065,25.44163043478261,False,False,False
T+1_R-30,Benue,2024,Mean_Tmin_C,25.007336448598124,18.60668224299065,25.44163043478261,False,False,False
T+1_R-30,Borno,2024,Mean_Tmin_C,26.08440217391305,18.60668224299065,25.44163043478261,False,True,True
T+1_R-30,Cross River,2024,Mean_Tmin_C,25.384836363636364,18.60668224299065,25.44163043478261,False,False,False
T+1_R-30,Delta,2024,Mean_Tmin_C,24.700581818181817,18.60668224299065,25.44163043478261,False,False,False
T+1_R-30,Ebonyi,2024,Mean_Tmin_C,25.03076363636364,18.60668224299065,25.44163043478261,False,False,False
T+1_R-30,Edo,2024,Mean_Tmin_C,24.613236363636364,18.60668224299065,25.44163043478261,False,False,False
T+1_R-30,Ekiti,2024,Mean_Tmin_C,23.22214545454545,18.60668224299065,25.44163043478261,False,False,False
T+1_R-30,Enugu,2024,Mean_Tmin_C,24.47309090909091,18.60668224299065,25.44163043478261,False,False,False
T+1_R-30,FCT,2024,Mean_Tmin_C,23.75060747663552,18.60668224299065,25.44163043478261,False,False,False
T+1_R-30,Gombe,2024,Mean_Tmin_C,24.44967391304348,18.60668224299065,25.44163043478261,False,False,False
T+1_R-30,Imo,2024,Mean_Tmin_C,24.87756363636364,18.60668224299065,25.44163043478261,False,False,False
T+1_R-30,Jigawa,2024,Mean_Tmin_C,24.66782608695652,18.60668224299065,25.44163043478261,False,False,False
T+1_R-30,Kaduna,2024,Mean_Tmin_C,22.31891304347826,18.60668224299065,25.44163043478261,False,False,False
T+1_R-30,Kano,2024,Mean_Tmin_C,24.301141304347823,18.60668224299065,25.44163043478261,False,False,False
T+1_R-30,Katsina,2024,Mean_Tmin_C,24.009782608695648,18.60668224299065,25.44163043478261,False,False,False
T+1_R-30,Kebbi,2024,Mean_Tmin_C,24.96777173913044,18.60668224299065,25.44163043478261,False,False,False
T+1_R-30,Kogi,2024,Mean_Tmin_C,24.98084112149533,18.60668224299065,25.44163043478261,False,False,False
T+1_R-30,Kwara,2024,Mean_Tmin_C,23.7088785046729,18.60668224299065,25.44163043478261,False,False,False
T+1_R-30,Lagos,2024,Mean_Tmin_C,26.44061818181818,18.60668224299065,25.44163043478261,False,True,True
T+1_R-30,Nasarawa,2024,Mean_Tmin_C,25.08780373831776,18.60668224299065,25.44163043478261,False,False,False
T+1_R-30,Niger,2024,Mean_Tmin_C,25.355934579439253,18.60668224299065,25.44163043478261,False,False,False
T+1_R-30,Ogun,2024,Mean_Tmin_C,24.70054545454545,18.60668224299065,25.44163043478261,False,False,False
T+1_R-30,Ondo,2024,Mean_Tmin_C,23.22214545454545,18.60668224299065,25.44163043478261,False,False,False
T+1_R-30,Osun,2024,Mean_Tmin_C,23.68796363636364,18.60668224299065,25.44163043478261,False,False,False
T+1_R-30,Oyo,2024,Mean_Tmin_C,23.848909090909093,18.60668224299065,25.44163043478261,False,False,False
T+1_R-30,Plateau,2024,Mean_Tmin_C,20.67495327102804,18.60668224299065,25.44163043478261,False,False,False
T+1_R-30,Rivers,2024,Mean_Tmin_C,24.983490909090907,18.60668224299065,25.44163043478261,False,False,False
T+1_R-30,Sokoto,2024,Mean_Tmin_C,25.219239130434783,18.60668224299065,25.44163043478261,False,False,False
T+1_R-30,Taraba,2024,Mean_Tmin_C,24.68092391304348,18.60668224299065,25.44163043478261,False,False,False
T+1_R-30,Yobe,2024,Mean_Tmin_C,25.001413043478266,18.60668224299065,25.44163043478261,False,False,False
T+1_R-30,Zamfara,2024,Mean_Tmin_C,23.745054347826088,18.60668224299065,25.44163043478261,False,False,False
T+1_R-30,Abia,2024,Rainfall_Anomaly_Z_2000_2019,-1.7581326918170115,-2.9722877578679507,15.012756673567567,False,False,False
T+1_R-30,Adamawa,2024,Rainfall_Anomaly_Z_2000_2019,-1.7309865590232532,-2.9722877578679507,15.012756673567567,False,False,False
T+1_R-30,Akwa Ibom,2024,Rainfall_Anomaly_Z_2000_2019,-2.993149340398346,-2.9722877578679507,15.012756673567567,True,False,True
T+1_R-30,Anambra,2024,Rainfall_Anomaly_Z_2000_2019,-1.4348027844410607,-2.9722877578679507,15.012756673567567,False,False,False
T+1_R-30,Bauchi,2024,Rainfall_Anomaly_Z_2000_2019,0.36593084367416473,-2.9722877578679507,15.012756673567567,False,False,False
T+1_R-30,Bayelsa,2024,Rainfall_Anomaly_Z_2000_2019,-1.4307064135056644,-2.9722877578679507,15.012756673567567,False,False,False
T+1_R-30,Benue,2024,Rainfall_Anomaly_Z_2000_2019,-1.6131576181780294,-2.9722877578679507,15.012756673567567,False,False,False
T+1_R-30,Borno,2024,Rainfall_Anomaly_Z_2000_2019,-0.9542492161724908,-2.9722877578679507,15.012756673567567,False,False,False
T+1_R-30,Cross River,2024,Rainfall_Anomaly_Z_2000_2019,-2.993149340398346,-2.9722877578679507,15.012756673567567,True,False,True
T+1_R-30,Delta,2024,Rainfall_Anomaly_Z_2000_2019,-1.4348027844410607,-2.9722877578679507,15.012756673567567,False,False,False
T+1_R-30,Ebonyi,2024,Rainfall_Anomaly_Z_2000_2019,-2.161901472087007,-2.9722877578679507,15.012756673567567,False,False,False
T+1_R-30,Edo,2024,Rainfall_Anomaly_Z_2000_2019,-1.3544273016317638,-2.9722877578679507,15.012756673567567,False,False,False
T+1_R-30,Ekiti,2024,Rainfall_Anomaly_Z_2000_2019,-1.8937447398871359,-2.9722877578679507,15.012756673567567,False,False,False
T+1_R-30,Enugu,2024,Rainfall_Anomaly_Z_2000_2019,-2.25395915261936,-2.9722877578679507,15.012756673567567,False,False,False
T+1_R-30,FCT,2024,Rainfall_Anomaly_Z_2000_2019,-1.199988819109454,-2.9722877578679507,15.012756673567567,False,False,False
T+1_R-30,Gombe,2024,Rainfall_Anomaly_Z_2000_2019,0.7230701786723953,-2.9722877578679507,15.012756673567567,False,False,False
T+1_R-30,Imo,2024,Rainfall_Anomaly_Z_2000_2019,-1.2240262780352293,-2.9722877578679507,15.012756673567567,False,False,False
T+1_R-30,Jigawa,2024,Rainfall_Anomaly_Z_2000_2019,0.8863646203500427,-2.9722877578679507,15.012756673567567,False,False,False
T+1_R-30,Kaduna,2024,Rainfall_Anomaly_Z_2000_2019,-0.6542678124854363,-2.9722877578679507,15.012756673567567,False,False,False
T+1_R-30,Kano,2024,Rainfall_Anomaly_Z_2000_2019,0.6755608428741803,-2.9722877578679507,15.012756673567567,False,False,False
T+1_R-30,Katsina,2024,Rainfall_Anomaly_Z_2000_2019,2.3283807982797984,-2.9722877578679507,15.012756673567567,False,False,False
T+1_R-30,Kebbi,2024,Rainfall_Anomaly_Z_2000_2019,7.094366710318714,-2.9722877578679507,15.012756673567567,False,False,False
T+1_R-30,Kogi,2024,Rainfall_Anomaly_Z_2000_2019,-1.844978075298414,-2.9722877578679507,15.012756673567567,False,False,False
T+1_R-30,Kwara,2024,Rainfall_Anomaly_Z_2000_2019,-1.278591543530027,-2.9722877578679507,15.012756673567567,False,False,False
T+1_R-30,Lagos,2024,Rainfall_Anomaly_Z_2000_2019,-1.8626697616472105,-2.9722877578679507,15.012756673567567,False,False,False
T+1_R-30,Nasarawa,2024,Rainfall_Anomaly_Z_2000_2019,-0.938279107694363,-2.9722877578679507,15.012756673567567,False,False,False
T+1_R-30,Niger,2024,Rainfall_Anomaly_Z_2000_2019,-1.9643949916169592,-2.9722877578679507,15.012756673567567,False,False,False
T+1_R-30,Ogun,2024,Rainfall_Anomaly_Z_2000_2019,-1.5940136962197529,-2.9722877578679507,15.012756673567567,False,False,False
T+1_R-30,Ondo,2024,Rainfall_Anomaly_Z_2000_2019,-1.8937447398871359,-2.9722877578679507,15.012756673567567,False,False,False
T+1_R-30,Osun,2024,Rainfall_Anomaly_Z_2000_2019,-1.4451096616109254,-2.9722877578679507,15.012756673567567,False,False,False
T+1_R-30,Oyo,2024,Rainfall_Anomaly_Z_2000_2019,-1.651341648022328,-2.9722877578679507,15.012756673567567,False,False,False
T+1_R-30,Plateau,2024,Rainfall_Anomaly_Z_2000_2019,0.12083815060330391,-2.9722877578679507,15.012756673567567,False,False,False
T+1_R-30,Rivers,2024,Rainfall_Anomaly_Z_2000_2019,-1.629164350206276,-2.9722877578679507,15.012756673567567,False,False,False
T+1_R-30,Sokoto,2024,Rainfall_Anomaly_Z_2000_2019,2.058773338259439,-2.9722877578679507,15.012756673567567,False,False,False
T+1_R-30,Taraba,2024,Rainfall_Anomaly_Z_2000_2019,-0.64635620365137,-2.9722877578679507,15.012756673567567,False,False,False
T+1_R-30,Yobe,2024,Rainfall_Anomaly_Z_2000_2019,-0.07186606180627149,-2.9722877578679507,15.012756673567567,False,False,False
T+1_R-30,Zamfara,2024,Rainfall_Anomaly_Z_2000_2019,-1.4231096248338928,-2.9722877578679507,15.012756673567567,False,False,False
T+2_R0,Abia,2024,Seasonal_Rainfall_mm,1356.55,340.79,5688.79,False,False,False
T+2_R0,Adamawa,2024,Seasonal_Rainfall_mm,904.24,340.79,5688.79,False,False,False
T+2_R0,Akwa Ibom,2024,Seasonal_Rainfall_mm,1869.09,340.79,5688.79,False,False,False
T+2_R0,Anambra,2024,Seasonal_Rainfall_mm,1347.01,340.79,5688.79,False,False,False
T+2_R0,Bauchi,2024,Seasonal_Rainfall_mm,1085.11,340.79,5688.79,False,False,False
T+2_R0,Bayelsa,2024,Seasonal_Rainfall_mm,1882.98,340.79,5688.79,False,False,False
T+2_R0,Benue,2024,Seasonal_Rainfall_mm,963.15,340.79,5688.79,False,False,False
T+2_R0,Borno,2024,Seasonal_Rainfall_mm,583.16,340.79,5688.79,False,False,False
T+2_R0,Cross River,2024,Seasonal_Rainfall_mm,1869.09,340.79,5688.79,False,False,False
T+2_R0,Delta,2024,Seasonal_Rainfall_mm,1347.01,340.79,5688.79,False,False,False
T+2_R0,Ebonyi,2024,Seasonal_Rainfall_mm,903.47,340.79,5688.79,False,False,False
T+2_R0,Edo,2024,Seasonal_Rainfall_mm,1355.78,340.79,5688.79,False,False,False
T+2_R0,Ekiti,2024,Seasonal_Rainfall_mm,1356.8000000000002,340.79,5688.79,False,False,False
T+2_R0,Enugu,2024,Seasonal_Rainfall_mm,975.9,340.79,5688.79,False,False,False
T+2_R0,FCT,2024,Seasonal_Rainfall_mm,1154.31,340.79,5688.79,False,False,False
T+2_R0,Gombe,2024,Seasonal_Rainfall_mm,1433.4500000000005,340.79,5688.79,False,False,False
T+2_R0,Imo,2024,Seasonal_Rainfall_mm,1603.58,340.79,5688.79,False,False,False
T+2_R0,Jigawa,2024,Seasonal_Rainfall_mm,1018.26,340.79,5688.79,False,False,False
T+2_R0,Kaduna,2024,Seasonal_Rainfall_mm,1456.84,340.79,5688.79,False,False,False
T+2_R0,Kano,2024,Seasonal_Rainfall_mm,1001.38,340.79,5688.79,False,False,False
T+2_R0,Katsina,2024,Seasonal_Rainfall_mm,1290.86,340.79,5688.79,False,False,False
T+2_R0,Kebbi,2024,Seasonal_Rainfall_mm,2129.96,340.79,5688.79,False,False,False
T+2_R0,Kogi,2024,Seasonal_Rainfall_mm,876.2099999999998,340.79,5688.79,False,False,False
T+2_R0,Kwara,2024,Seasonal_Rainfall_mm,1215.39,340.79,5688.79,False,False,False
T+2_R0,Lagos,2024,Seasonal_Rainfall_mm,1316.66,340.79,5688.79,False,False,False
T+2_R0,Nasarawa,2024,Seasonal_Rainfall_mm,1023.58,340.79,5688.79,False,False,False
T+2_R0,Niger,2024,Seasonal_Rainfall_mm,908.71,340.79,5688.79,False,False,False
T+2_R0,Ogun,2024,Seasonal_Rainfall_mm,1605.6,340.79,5688.79,False,False,False
T+2_R0,Ondo,2024,Seasonal_Rainfall_mm,1356.8000000000002,340.79,5688.79,False,False,False
T+2_R0,Osun,2024,Seasonal_Rainfall_mm,1679.4299999999998,340.79,5688.79,False,False,False
T+2_R0,Oyo,2024,Seasonal_Rainfall_mm,1632.55,340.79,5688.79,False,False,False
T+2_R0,Plateau,2024,Seasonal_Rainfall_mm,1375.73,340.79,5688.79,False,False,False
T+2_R0,Rivers,2024,Seasonal_Rainfall_mm,1770.85,340.79,5688.79,False,False,False
T+2_R0,Sokoto,2024,Seasonal_Rainfall_mm,1363.51,340.79,5688.79,False,False,False
T+2_R0,Taraba,2024,Seasonal_Rainfall_mm,1095.85,340.79,5688.79,False,False,False
T+2_R0,Yobe,2024,Seasonal_Rainfall_mm,926.85,340.79,5688.79,False,False,False
T+2_R0,Zamfara,2024,Seasonal_Rainfall_mm,694.8700000000001,340.79,5688.79,False,False,False
T+2_R0,Abia,2024,Seasonal_GDD_C,5177.7,2545.795,4805.745,False,True,True
T+2_R0,Adamawa,2024,Seasonal_GDD_C,3686.585,2545.795,4805.745,False,False,False
T+2_R0,Akwa Ibom,2024,Seasonal_GDD_C,5244.005000000001,2545.795,4805.745,False,True,True
T+2_R0,Anambra,2024,Seasonal_GDD_C,5191.875,2545.795,4805.745,False,True,True
T+2_R0,Bauchi,2024,Seasonal_GDD_C,3568.24,2545.795,4805.745,False,False,False
T+2_R0,Bayelsa,2024,Seasonal_GDD_C,5270.065,2545.795,4805.745,False,True,True
T+2_R0,Benue,2024,Seasonal_GDD_C,4186.71,2545.795,4805.745,False,False,False
T+2_R0,Borno,2024,Seasonal_GDD_C,4095.105,2545.795,4805.745,False,False,False
T+2_R0,Cross River,2024,Seasonal_GDD_C,5244.005000000001,2545.795,4805.745,False,True,True
T+2_R0,Delta,2024,Seasonal_GDD_C,5191.875,2545.795,4805.745,False,True,True
T+2_R0,Ebonyi,2024,Seasonal_GDD_C,5499.355,2545.795,4805.745,False,True,True
T+2_R0,Edo,2024,Seasonal_GDD_C,5133.435,2545.795,4805.745,False,True,True
T+2_R0,Ekiti,2024,Seasonal_GDD_C,4852.264999999999,2545.795,4805.745,False,True,True
T+2_R0,Enugu,2024,Seasonal_GDD_C,5272.129999999999,2545.795,4805.745,False,True,True
T+2_R0,FCT,2024,Seasonal_GDD_C,3997.07,2545.795,4805.745,False,False,False
T+2_R0,Gombe,2024,Seasonal_GDD_C,3623.21,2545.795,4805.745,False,False,False
T+2_R0,Imo,2024,Seasonal_GDD_C,5239.094999999999,2545.795,4805.745,False,True,True
T+2_R0,Jigawa,2024,Seasonal_GDD_C,3865.245,2545.795,4805.745,False,False,False
T+2_R0,Kaduna,2024,Seasonal_GDD_C,3168.6800000000003,2545.795,4805.745,False,False,False
T+2_R0,Kano,2024,Seasonal_GDD_C,3851.455,2545.795,4805.745,False,False,False
T+2_R0,Katsina,2024,Seasonal_GDD_C,3576.635,2545.795,4805.745,False,False,False
T+2_R0,Kebbi,2024,Seasonal_GDD_C,3741.3050000000003,2545.795,4805.745,False,False,False
T+2_R0,Kogi,2024,Seasonal_GDD_C,4215.005,2545.795,4805.745,False,False,False
T+2_R0,Kwara,2024,Seasonal_GDD_C,3943.295,2545.795,4805.745,False,False,False
T+2_R0,Lagos,2024,Seasonal_GDD_C,5289.834999999999,2545.795,4805.745,False,True,True
T+2_R0,Nasarawa,2024,Seasonal_GDD_C,4249.105,2545.795,4805.745,False,False,False
T+2_R0,Niger,2024,Seasonal_GDD_C,4320.51,2545.795,4805.745,False,False,False
T+2_R0,Ogun,2024,Seasonal_GDD_C,5132.57,2545.795,4805.745,False,True,True
T+2_R0,Ondo,2024,Seasonal_GDD_C,4852.264999999999,2545.795,4805.745,False,True,True
T+2_R0,Osun,2024,Seasonal_GDD_C,4960.16,2545.795,4805.745,False,True,True
T+2_R0,Oyo,2024,Seasonal_GDD_C,5022.030000000001,2545.795,4805.745,False,True,True
T+2_R0,Plateau,2024,Seasonal_GDD_C,3493.7900000000004,2545.795,4805.745,False,False,False
T+2_R0,Rivers,2024,Seasonal_GDD_C,5264.629999999999,2545.795,4805.745,False,True,True
T+2_R0,Sokoto,2024,Seasonal_GDD_C,3801.615,2545.795,4805.745,False,False,False
T+2_R0,Taraba,2024,Seasonal_GDD_C,3595.08,2545.795,4805.745,False,False,False
T+2_R0,Yobe,2024,Seasonal_GDD_C,3823.5950000000003,2545.795,4805.745,False,False,False
T+2_R0,Zamfara,2024,Seasonal_GDD_C,3628.635,2545.795,4805.745,False,False,False
T+2_R0,Abia,2024,Mean_Tmax_C,32.031090909090906,26.530373831775705,37.37739130434783,False,False,False
T+2_R0,Adamawa,2024,Mean_Tmax_C,34.40342391304348,26.530373831775705,37.37739130434783,False,False,False
T+2_R0,Akwa Ibom,2024,Mean_Tmax_C,31.75338181818182,26.530373831775705,37.37739130434783,False,False,False
T+2_R0,Anambra,2024,Mean_Tmax_C,32.05850909090909,26.530373831775705,37.37739130434783,False,False,False
T+2_R0,Bauchi,2024,Mean_Tmax_C,33.96880434782609,26.530373831775705,37.37739130434783,False,False,False
T+2_R0,Bayelsa,2024,Mean_Tmax_C,31.968800000000005,26.530373831775705,37.37739130434783,False,False,False
T+2_R0,Benue,2024,Mean_Tmax_C,33.120794392523365,26.530373831775705,37.37739130434783,False,False,False
T+2_R0,Borno,2024,Mean_Tmax_C,37.42760869565217,26.530373831775705,37.37739130434783,False,True,True
T+2_R0,Cross River,2024,Mean_Tmax_C,31.75338181818182,26.530373831775705,37.37739130434783,False,False,False
T+2_R0,Delta,2024,Mean_Tmax_C,32.05850909090909,26.530373831775705,37.37739130434783,False,False,False
T+2_R0,Ebonyi,2024,Mean_Tmax_C,33.96454545454545,26.530373831775705,37.37739130434783,False,False,False
T+2_R0,Edo,2024,Mean_Tmax_C,31.72083636363637,26.530373831775705,37.37739130434783,False,False,False
T+2_R0,Ekiti,2024,Mean_Tmax_C,31.06705454545454,26.530373831775705,37.37739130434783,False,False,False
T+2_R0,Enugu,2024,Mean_Tmax_C,32.86967272727273,26.530373831775705,37.37739130434783,False,False,False
T+2_R0,FCT,2024,Mean_Tmax_C,32.60518691588785,26.530373831775705,37.37739130434783,False,False,False
T+2_R0,Gombe,2024,Mean_Tmax_C,33.93304347826087,26.530373831775705,37.37739130434783,False,False,False
T+2_R0,Imo,2024,Mean_Tmax_C,32.22494545454545,26.530373831775705,37.37739130434783,False,False,False
T+2_R0,Jigawa,2024,Mean_Tmax_C,36.34570652173913,26.530373831775705,37.37739130434783,False,False,False
T+2_R0,Kaduna,2024,Mean_Tmax_C,31.12326086956521,26.530373831775705,37.37739130434783,False,False,False
T+2_R0,Kano,2024,Mean_Tmax_C,36.5625,26.530373831775705,37.37739130434783,False,False,False
T+2_R0,Katsina,2024,Mean_Tmax_C,33.8666847826087,26.530373831775705,37.37739130434783,False,False,False
T+2_R0,Kebbi,2024,Mean_Tmax_C,34.69858695652174,26.530373831775705,37.37739130434783,False,False,False
T+2_R0,Kogi,2024,Mean_Tmax_C,33.41172897196261,26.530373831775705,37.37739130434783,False,False,False
T+2_R0,Kwara,2024,Mean_Tmax_C,32.14434579439252,26.530373831775705,37.37739130434783,False,False,False
T+2_R0,Lagos,2024,Mean_Tmax_C,31.03090909090909,26.530373831775705,37.37739130434783,False,False,False
T+2_R0,Nasarawa,2024,Mean_Tmax_C,33.62345794392523,26.530373831775705,37.37739130434783,False,False,False
T+2_R0,Niger,2024,Mean_Tmax_C,34.02266355140187,26.530373831775705,37.37739130434783,False,False,False
T+2_R0,Ogun,2024,Mean_Tmax_C,31.627236363636364,26.530373831775705,37.37739130434783,False,False,False
T+2_R0,Ondo,2024,Mean_Tmax_C,31.06705454545454,26.530373831775705,37.37739130434783,False,False,False
T+2_R0,Osun,2024,Mean_Tmax_C,31.38592727272728,26.530373831775705,37.37739130434783,False,False,False
T+2_R0,Oyo,2024,Mean_Tmax_C,31.67494545454545,26.530373831775705,37.37739130434783,False,False,False
T+2_R0,Plateau,2024,Mean_Tmax_C,30.977289719626164,26.530373831775705,37.37739130434783,False,False,False
T+2_R0,Rivers,2024,Mean_Tmax_C,32.30472727272727,26.530373831775705,37.37739130434783,False,False,False
T+2_R0,Sokoto,2024,Mean_Tmax_C,35.102663043478266,26.530373831775705,37.37739130434783,False,False,False
T+2_R0,Taraba,2024,Mean_Tmax_C,33.396032608695656,26.530373831775705,37.37739130434783,False,False,False
T+2_R0,Yobe,2024,Mean_Tmax_C,35.55940217391304,26.530373831775705,37.37739130434783,False,False,False
T+2_R0,Zamfara,2024,Mean_Tmax_C,34.69663043478261,26.530373831775705,37.37739130434783,False,False,False
T+2_R0,Abia,2024,Mean_Tmin_C,25.62490909090909,18.60668224299065,25.44163043478261,False,True,True
T+2_R0,Adamawa,2024,Mean_Tmin_C,25.668152173913047,18.60668224299065,25.44163043478261,False,True,True
T+2_R0,Akwa Ibom,2024,Mean_Tmin_C,26.384836363636364,18.60668224299065,25.44163043478261,False,True,True
T+2_R0,Anambra,2024,Mean_Tmin_C,25.700581818181817,18.60668224299065,25.44163043478261,False,True,True
T+2_R0,Bauchi,2024,Mean_Tmin_C,24.816413043478263,18.60668224299065,25.44163043478261,False,False,False
T+2_R0,Bayelsa,2024,Mean_Tmin_C,26.358945454545456,18.60668224299065,25.44163043478261,False,True,True
T+2_R0,Benue,2024,Mean_Tmin_C,26.007336448598124,18.60668224299065,25.44163043478261,False,True,True
T+2_R0,Borno,2024,Mean_Tmin_C,27.08440217391305,18.60668224299065,25.44163043478261,False,True,True
T+2_R0,Cross River,2024,Mean_Tmin_C,26.384836363636364,18.60668224299065,25.44163043478261,False,True,True
T+2_R0,Delta,2024,Mean_Tmin_C,25.700581818181817,18.60668224299065,25.44163043478261,False,True,True
T+2_R0,Ebonyi,2024,Mean_Tmin_C,26.03076363636364,18.60668224299065,25.44163043478261,False,True,True
T+2_R0,Edo,2024,Mean_Tmin_C,25.613236363636364,18.60668224299065,25.44163043478261,False,True,True
T+2_R0,Ekiti,2024,Mean_Tmin_C,24.22214545454545,18.60668224299065,25.44163043478261,False,False,False
T+2_R0,Enugu,2024,Mean_Tmin_C,25.47309090909091,18.60668224299065,25.44163043478261,False,True,True
T+2_R0,FCT,2024,Mean_Tmin_C,24.75060747663552,18.60668224299065,25.44163043478261,False,False,False
T+2_R0,Gombe,2024,Mean_Tmin_C,25.44967391304348,18.60668224299065,25.44163043478261,False,True,True
T+2_R0,Imo,2024,Mean_Tmin_C,25.87756363636364,18.60668224299065,25.44163043478261,False,True,True
T+2_R0,Jigawa,2024,Mean_Tmin_C,25.66782608695652,18.60668224299065,25.44163043478261,False,True,True
T+2_R0,Kaduna,2024,Mean_Tmin_C,23.31891304347826,18.60668224299065,25.44163043478261,False,False,False
T+2_R0,Kano,2024,Mean_Tmin_C,25.301141304347823,18.60668224299065,25.44163043478261,False,False,False
T+2_R0,Katsina,2024,Mean_Tmin_C,25.009782608695648,18.60668224299065,25.44163043478261,False,False,False
T+2_R0,Kebbi,2024,Mean_Tmin_C,25.96777173913044,18.60668224299065,25.44163043478261,False,True,True
T+2_R0,Kogi,2024,Mean_Tmin_C,25.98084112149533,18.60668224299065,25.44163043478261,False,True,True
T+2_R0,Kwara,2024,Mean_Tmin_C,24.7088785046729,18.60668224299065,25.44163043478261,False,False,False
T+2_R0,Lagos,2024,Mean_Tmin_C,27.44061818181818,18.60668224299065,25.44163043478261,False,True,True
T+2_R0,Nasarawa,2024,Mean_Tmin_C,26.08780373831776,18.60668224299065,25.44163043478261,False,True,True
T+2_R0,Niger,2024,Mean_Tmin_C,26.355934579439253,18.60668224299065,25.44163043478261,False,True,True
T+2_R0,Ogun,2024,Mean_Tmin_C,25.70054545454545,18.60668224299065,25.44163043478261,False,True,True
T+2_R0,Ondo,2024,Mean_Tmin_C,24.22214545454545,18.60668224299065,25.44163043478261,False,False,False
T+2_R0,Osun,2024,Mean_Tmin_C,24.68796363636364,18.60668224299065,25.44163043478261,False,False,False
T+2_R0,Oyo,2024,Mean_Tmin_C,24.848909090909093,18.60668224299065,25.44163043478261,False,False,False
T+2_R0,Plateau,2024,Mean_Tmin_C,21.67495327102804,18.60668224299065,25.44163043478261,False,False,False
T+2_R0,Rivers,2024,Mean_Tmin_C,25.983490909090907,18.60668224299065,25.44163043478261,False,True,True
T+2_R0,Sokoto,2024,Mean_Tmin_C,26.219239130434783,18.60668224299065,25.44163043478261,False,True,True
T+2_R0,Taraba,2024,Mean_Tmin_C,25.68092391304348,18.60668224299065,25.44163043478261,False,True,True
T+2_R0,Yobe,2024,Mean_Tmin_C,26.001413043478266,18.60668224299065,25.44163043478261,False,True,True
T+2_R0,Zamfara,2024,Mean_Tmin_C,24.745054347826088,18.60668224299065,25.44163043478261,False,False,False
T+2_R0,Abia,2024,Rainfall_Anomaly_Z_2000_2019,-0.9196010910323762,-2.9722877578679507,15.012756673567567,False,False,False
T+2_R0,Adamawa,2024,Rainfall_Anomaly_Z_2000_2019,0.5051163098175504,-2.9722877578679507,15.012756673567567,False,False,False
T+2_R0,Akwa Ibom,2024,Rainfall_Anomaly_Z_2000_2019,-1.8894777114847503,-2.9722877578679507,15.012756673567567,False,False,False
T+2_R0,Anambra,2024,Rainfall_Anomaly_Z_2000_2019,-0.6683966152075341,-2.9722877578679507,15.012756673567567,False,False,False
T+2_R0,Bauchi,2024,Rainfall_Anomaly_Z_2000_2019,2.02423422833577,-2.9722877578679507,15.012756673567567,False,False,False
T+2_R0,Bayelsa,2024,Rainfall_Anomaly_Z_2000_2019,-0.5543351476094643,-2.9722877578679507,15.012756673567567,False,False,False
T+2_R0,Benue,2024,Rainfall_Anomaly_Z_2000_2019,-0.7241881075650657,-2.9722877578679507,15.012756673567567,False,False,False
T+2_R0,Borno,2024,Rainfall_Anomaly_Z_2000_2019,0.42056748374470254,-2.9722877578679507,15.012756673567567,False,False,False
T+2_R0,Cross River,2024,Rainfall_Anomaly_Z_2000_2019,-1.8894777114847503,-2.9722877578679507,15.012756673567567,False,False,False
T+2_R0,Delta,2024,Rainfall_Anomaly_Z_2000_2019,-0.6683966152075341,-2.9722877578679507,15.012756673567567,False,False,False
T+2_R0,Ebonyi,2024,Rainfall_Anomaly_Z_2000_2019,-1.546026003363861,-2.9722877578679507,15.012756673567567,False,False,False
T+2_R0,Edo,2024,Rainfall_Anomaly_Z_2000_2019,-0.6234406615451246,-2.9722877578679507,15.012756673567567,False,False,False
T+2_R0,Ekiti,2024,Rainfall_Anomaly_Z_2000_2019,-0.4765436240340352,-2.9722877578679507,15.012756673567567,False,False,False
T+2_R0,Enugu,2024,Rainfall_Anomaly_Z_2000_2019,-1.4811767773960562,-2.9722877578679507,15.012756673567567,False,False,False
T+2_R0,FCT,2024,Rainfall_Anomaly_Z_2000_2019,-0.08568234323625827,-2.9722877578679507,15.012756673567567,False,False,False
T+2_R0,Gombe,2024,Rainfall_Anomaly_Z_2000_2019,2.8998050239842996,-2.9722877578679507,15.012756673567567,False,False,False
T+2_R0,Imo,2024,Rainfall_Anomaly_Z_2000_2019,-0.38360296346834166,-2.9722877578679507,15.012756673567567,False,False,False
T+2_R0,Jigawa,2024,Rainfall_Anomaly_Z_2000_2019,2.6316584935954377,-2.9722877578679507,15.012756673567567,False,False,False
T+2_R0,Kaduna,2024,Rainfall_Anomaly_Z_2000_2019,0.6432506088992287,-2.9722877578679507,15.012756673567567,False,False,False
T+2_R0,Kano,2024,Rainfall_Anomaly_Z_2000_2019,2.4299972049098826,-2.9722877578679507,15.012756673567567,False,False,False
T+2_R0,Katsina,2024,Rainfall_Anomaly_Z_2000_2019,5.707961992605356,-2.9722877578679507,15.012756673567567,False,False,False
T+2_R0,Kebbi,2024,Rainfall_Anomaly_Z_2000_2019,13.219542711920042,-2.9722877578679507,15.012756673567567,False,False,False
T+2_R0,Kogi,2024,Rainfall_Anomaly_Z_2000_2019,-0.7200297516520903,-2.9722877578679507,15.012756673567567,False,False,False
T+2_R0,Kwara,2024,Rainfall_Anomaly_Z_2000_2019,0.4170836233829001,-2.9722877578679507,15.012756673567567,False,False,False
T+2_R0,Lagos,2024,Rainfall_Anomaly_Z_2000_2019,-0.4318672772924319,-2.9722877578679507,15.012756673567567,False,False,False
T+2_R0,Nasarawa,2024,Rainfall_Anomaly_Z_2000_2019,0.05565498808039316,-2.9722877578679507,15.012756673567567,False,False,False
T+2_R0,Niger,2024,Rainfall_Anomaly_Z_2000_2019,-0.9102163018812439,-2.9722877578679507,15.012756673567567,False,False,False
T+2_R0,Ogun,2024,Rainfall_Anomaly_Z_2000_2019,0.00739898672540789,-2.9722877578679507,15.012756673567567,False,False,False
T+2_R0,Ondo,2024,Rainfall_Anomaly_Z_2000_2019,-0.4765436240340352,-2.9722877578679507,15.012756673567567,False,False,False
T+2_R0,Osun,2024,Rainfall_Anomaly_Z_2000_2019,0.17072752189038023,-2.9722877578679507,15.012756673567567,False,False,False
T+2_R0,Oyo,2024,Rainfall_Anomaly_Z_2000_2019,0.1658194519402747,-2.9722877578679507,15.012756673567567,False,False,False
T+2_R0,Plateau,2024,Rainfall_Anomaly_Z_2000_2019,1.5272735899390373,-2.9722877578679507,15.012756673567567,False,False,False
T+2_R0,Rivers,2024,Rainfall_Anomaly_Z_2000_2019,-0.7322444356504656,-2.9722877578679507,15.012756673567567,False,False,False
T+2_R0,Sokoto,2024,Rainfall_Anomaly_Z_2000_2019,4.944994593631734,-2.9722877578679507,15.012756673567567,False,False,False
T+2_R0,Taraba,2024,Rainfall_Anomaly_Z_2000_2019,1.2225505917593709,-2.9722877578679507,15.012756673567567,False,False,False
T+2_R0,Yobe,2024,Rainfall_Anomaly_Z_2000_2019,2.0400254849642683,-2.9722877578679507,15.012756673567567,False,False,False
T+2_R0,Zamfara,2024,Rainfall_Anomaly_Z_2000_2019,-0.10219223368297295,-2.9722877578679507,15.012756673567567,False,False,False
T+2_R-10,Abia,2024,Seasonal_Rainfall_mm,1220.895,340.79,5688.79,False,False,False
T+2_R-10,Adamawa,2024,Seasonal_Rainfall_mm,813.816,340.79,5688.79,False,False,False
T+2_R-10,Akwa Ibom,2024,Seasonal_Rainfall_mm,1682.181,340.79,5688.79,False,False,False
T+2_R-10,Anambra,2024,Seasonal_Rainfall_mm,1212.309,340.79,5688.79,False,False,False
T+2_R-10,Bauchi,2024,Seasonal_Rainfall_mm,976.5989999999999,340.79,5688.79,False,False,False
T+2_R-10,Bayelsa,2024,Seasonal_Rainfall_mm,1694.682,340.79,5688.79,False,False,False
T+2_R-10,Benue,2024,Seasonal_Rainfall_mm,866.835,340.79,5688.79,False,False,False
T+2_R-10,Borno,2024,Seasonal_Rainfall_mm,524.8439999999999,340.79,5688.79,False,False,False
T+2_R-10,Cross River,2024,Seasonal_Rainfall_mm,1682.181,340.79,5688.79,False,False,False
T+2_R-10,Delta,2024,Seasonal_Rainfall_mm,1212.309,340.79,5688.79,False,False,False
T+2_R-10,Ebonyi,2024,Seasonal_Rainfall_mm,813.123,340.79,5688.79,False,False,False
T+2_R-10,Edo,2024,Seasonal_Rainfall_mm,1220.202,340.79,5688.79,False,False,False
T+2_R-10,Ekiti,2024,Seasonal_Rainfall_mm,1221.1200000000001,340.79,5688.79,False,False,False
T+2_R-10,Enugu,2024,Seasonal_Rainfall_mm,878.31,340.79,5688.79,False,False,False
T+2_R-10,FCT,2024,Seasonal_Rainfall_mm,1038.879,340.79,5688.79,False,False,False
T+2_R-10,Gombe,2024,Seasonal_Rainfall_mm,1290.1050000000005,340.79,5688.79,False,False,False
T+2_R-10,Imo,2024,Seasonal_Rainfall_mm,1443.222,340.79,5688.79,False,False,False
T+2_R-10,Jigawa,2024,Seasonal_Rainfall_mm,916.434,340.79,5688.79,False,False,False
T+2_R-10,Kaduna,2024,Seasonal_Rainfall_mm,1311.156,340.79,5688.79,False,False,False
T+2_R-10,Kano,2024,Seasonal_Rainfall_mm,901.242,340.79,5688.79,False,False,False
T+2_R-10,Katsina,2024,Seasonal_Rainfall_mm,1161.774,340.79,5688.79,False,False,False
T+2_R-10,Kebbi,2024,Seasonal_Rainfall_mm,1916.9640000000002,340.79,5688.79,False,False,False
T+2_R-10,Kogi,2024,Seasonal_Rainfall_mm,788.5889999999998,340.79,5688.79,False,False,False
T+2_R-10,Kwara,2024,Seasonal_Rainfall_mm,1093.851,340.79,5688.79,False,False,False
T+2_R-10,Lagos,2024,Seasonal_Rainfall_mm,1184.9940000000001,340.79,5688.79,False,False,False
T+2_R-10,Nasarawa,2024,Seasonal_Rainfall_mm,921.2220000000001,340.79,5688.79,False,False,False
T+2_R-10,Niger,2024,Seasonal_Rainfall_mm,817.839,340.79,5688.79,False,False,False
T+2_R-10,Ogun,2024,Seasonal_Rainfall_mm,1445.04,340.79,5688.79,False,False,False
T+2_R-10,Ondo,2024,Seasonal_Rainfall_mm,1221.1200000000001,340.79,5688.79,False,False,False
T+2_R-10,Osun,2024,Seasonal_Rainfall_mm,1511.4869999999999,340.79,5688.79,False,False,False
T+2_R-10,Oyo,2024,Seasonal_Rainfall_mm,1469.295,340.79,5688.79,False,False,False
T+2_R-10,Plateau,2024,Seasonal_Rainfall_mm,1238.1570000000002,340.79,5688.79,False,False,False
T+2_R-10,Rivers,2024,Seasonal_Rainfall_mm,1593.7649999999999,340.79,5688.79,False,False,False
T+2_R-10,Sokoto,2024,Seasonal_Rainfall_mm,1227.159,340.79,5688.79,False,False,False
T+2_R-10,Taraba,2024,Seasonal_Rainfall_mm,986.265,340.79,5688.79,False,False,False
T+2_R-10,Yobe,2024,Seasonal_Rainfall_mm,834.1650000000001,340.79,5688.79,False,False,False
T+2_R-10,Zamfara,2024,Seasonal_Rainfall_mm,625.3830000000002,340.79,5688.79,False,False,False
T+2_R-10,Abia,2024,Seasonal_GDD_C,5177.7,2545.795,4805.745,False,True,True
T+2_R-10,Adamawa,2024,Seasonal_GDD_C,3686.585,2545.795,4805.745,False,False,False
T+2_R-10,Akwa Ibom,2024,Seasonal_GDD_C,5244.005000000001,2545.795,4805.745,False,True,True
T+2_R-10,Anambra,2024,Seasonal_GDD_C,5191.875,2545.795,4805.745,False,True,True
T+2_R-10,Bauchi,2024,Seasonal_GDD_C,3568.24,2545.795,4805.745,False,False,False
T+2_R-10,Bayelsa,2024,Seasonal_GDD_C,5270.065,2545.795,4805.745,False,True,True
T+2_R-10,Benue,2024,Seasonal_GDD_C,4186.71,2545.795,4805.745,False,False,False
T+2_R-10,Borno,2024,Seasonal_GDD_C,4095.105,2545.795,4805.745,False,False,False
T+2_R-10,Cross River,2024,Seasonal_GDD_C,5244.005000000001,2545.795,4805.745,False,True,True
T+2_R-10,Delta,2024,Seasonal_GDD_C,5191.875,2545.795,4805.745,False,True,True
T+2_R-10,Ebonyi,2024,Seasonal_GDD_C,5499.355,2545.795,4805.745,False,True,True
T+2_R-10,Edo,2024,Seasonal_GDD_C,5133.435,2545.795,4805.745,False,True,True
T+2_R-10,Ekiti,2024,Seasonal_GDD_C,4852.264999999999,2545.795,4805.745,False,True,True
T+2_R-10,Enugu,2024,Seasonal_GDD_C,5272.129999999999,2545.795,4805.745,False,True,True
T+2_R-10,FCT,2024,Seasonal_GDD_C,3997.07,2545.795,4805.745,False,False,False
T+2_R-10,Gombe,2024,Seasonal_GDD_C,3623.21,2545.795,4805.745,False,False,False
T+2_R-10,Imo,2024,Seasonal_GDD_C,5239.094999999999,2545.795,4805.745,False,True,True
T+2_R-10,Jigawa,2024,Seasonal_GDD_C,3865.245,2545.795,4805.745,False,False,False
T+2_R-10,Kaduna,2024,Seasonal_GDD_C,3168.6800000000003,2545.795,4805.745,False,False,False
T+2_R-10,Kano,2024,Seasonal_GDD_C,3851.455,2545.795,4805.745,False,False,False
T+2_R-10,Katsina,2024,Seasonal_GDD_C,3576.635,2545.795,4805.745,False,False,False
T+2_R-10,Kebbi,2024,Seasonal_GDD_C,3741.3050000000003,2545.795,4805.745,False,False,False
T+2_R-10,Kogi,2024,Seasonal_GDD_C,4215.005,2545.795,4805.745,False,False,False
T+2_R-10,Kwara,2024,Seasonal_GDD_C,3943.295,2545.795,4805.745,False,False,False
T+2_R-10,Lagos,2024,Seasonal_GDD_C,5289.834999999999,2545.795,4805.745,False,True,True
T+2_R-10,Nasarawa,2024,Seasonal_GDD_C,4249.105,2545.795,4805.745,False,False,False
T+2_R-10,Niger,2024,Seasonal_GDD_C,4320.51,2545.795,4805.745,False,False,False
T+2_R-10,Ogun,2024,Seasonal_GDD_C,5132.57,2545.795,4805.745,False,True,True
T+2_R-10,Ondo,2024,Seasonal_GDD_C,4852.264999999999,2545.795,4805.745,False,True,True
T+2_R-10,Osun,2024,Seasonal_GDD_C,4960.16,2545.795,4805.745,False,True,True
T+2_R-10,Oyo,2024,Seasonal_GDD_C,5022.030000000001,2545.795,4805.745,False,True,True
T+2_R-10,Plateau,2024,Seasonal_GDD_C,3493.7900000000004,2545.795,4805.745,False,False,False
T+2_R-10,Rivers,2024,Seasonal_GDD_C,5264.629999999999,2545.795,4805.745,False,True,True
T+2_R-10,Sokoto,2024,Seasonal_GDD_C,3801.615,2545.795,4805.745,False,False,False
T+2_R-10,Taraba,2024,Seasonal_GDD_C,3595.08,2545.795,4805.745,False,False,False
T+2_R-10,Yobe,2024,Seasonal_GDD_C,3823.5950000000003,2545.795,4805.745,False,False,False
T+2_R-10,Zamfara,2024,Seasonal_GDD_C,3628.635,2545.795,4805.745,False,False,False
T+2_R-10,Abia,2024,Mean_Tmax_C,32.031090909090906,26.530373831775705,37.37739130434783,False,False,False
T+2_R-10,Adamawa,2024,Mean_Tmax_C,34.40342391304348,26.530373831775705,37.37739130434783,False,False,False
T+2_R-10,Akwa Ibom,2024,Mean_Tmax_C,31.75338181818182,26.530373831775705,37.37739130434783,False,False,False
T+2_R-10,Anambra,2024,Mean_Tmax_C,32.05850909090909,26.530373831775705,37.37739130434783,False,False,False
T+2_R-10,Bauchi,2024,Mean_Tmax_C,33.96880434782609,26.530373831775705,37.37739130434783,False,False,False
T+2_R-10,Bayelsa,2024,Mean_Tmax_C,31.968800000000005,26.530373831775705,37.37739130434783,False,False,False
T+2_R-10,Benue,2024,Mean_Tmax_C,33.120794392523365,26.530373831775705,37.37739130434783,False,False,False
T+2_R-10,Borno,2024,Mean_Tmax_C,37.42760869565217,26.530373831775705,37.37739130434783,False,True,True
T+2_R-10,Cross River,2024,Mean_Tmax_C,31.75338181818182,26.530373831775705,37.37739130434783,False,False,False
T+2_R-10,Delta,2024,Mean_Tmax_C,32.05850909090909,26.530373831775705,37.37739130434783,False,False,False
T+2_R-10,Ebonyi,2024,Mean_Tmax_C,33.96454545454545,26.530373831775705,37.37739130434783,False,False,False
T+2_R-10,Edo,2024,Mean_Tmax_C,31.72083636363637,26.530373831775705,37.37739130434783,False,False,False
T+2_R-10,Ekiti,2024,Mean_Tmax_C,31.06705454545454,26.530373831775705,37.37739130434783,False,False,False
T+2_R-10,Enugu,2024,Mean_Tmax_C,32.86967272727273,26.530373831775705,37.37739130434783,False,False,False
T+2_R-10,FCT,2024,Mean_Tmax_C,32.60518691588785,26.530373831775705,37.37739130434783,False,False,False
T+2_R-10,Gombe,2024,Mean_Tmax_C,33.93304347826087,26.530373831775705,37.37739130434783,False,False,False
T+2_R-10,Imo,2024,Mean_Tmax_C,32.22494545454545,26.530373831775705,37.37739130434783,False,False,False
T+2_R-10,Jigawa,2024,Mean_Tmax_C,36.34570652173913,26.530373831775705,37.37739130434783,False,False,False
T+2_R-10,Kaduna,2024,Mean_Tmax_C,31.12326086956521,26.530373831775705,37.37739130434783,False,False,False
T+2_R-10,Kano,2024,Mean_Tmax_C,36.5625,26.530373831775705,37.37739130434783,False,False,False
T+2_R-10,Katsina,2024,Mean_Tmax_C,33.8666847826087,26.530373831775705,37.37739130434783,False,False,False
T+2_R-10,Kebbi,2024,Mean_Tmax_C,34.69858695652174,26.530373831775705,37.37739130434783,False,False,False
T+2_R-10,Kogi,2024,Mean_Tmax_C,33.41172897196261,26.530373831775705,37.37739130434783,False,False,False
T+2_R-10,Kwara,2024,Mean_Tmax_C,32.14434579439252,26.530373831775705,37.37739130434783,False,False,False
T+2_R-10,Lagos,2024,Mean_Tmax_C,31.03090909090909,26.530373831775705,37.37739130434783,False,False,False
T+2_R-10,Nasarawa,2024,Mean_Tmax_C,33.62345794392523,26.530373831775705,37.37739130434783,False,False,False
T+2_R-10,Niger,2024,Mean_Tmax_C,34.02266355140187,26.530373831775705,37.37739130434783,False,False,False
T+2_R-10,Ogun,2024,Mean_Tmax_C,31.627236363636364,26.530373831775705,37.37739130434783,False,False,False
T+2_R-10,Ondo,2024,Mean_Tmax_C,31.06705454545454,26.530373831775705,37.37739130434783,False,False,False
T+2_R-10,Osun,2024,Mean_Tmax_C,31.38592727272728,26.530373831775705,37.37739130434783,False,False,False
T+2_R-10,Oyo,2024,Mean_Tmax_C,31.67494545454545,26.530373831775705,37.37739130434783,False,False,False
T+2_R-10,Plateau,2024,Mean_Tmax_C,30.977289719626164,26.530373831775705,37.37739130434783,False,False,False
T+2_R-10,Rivers,2024,Mean_Tmax_C,32.30472727272727,26.530373831775705,37.37739130434783,False,False,False
T+2_R-10,Sokoto,2024,Mean_Tmax_C,35.102663043478266,26.530373831775705,37.37739130434783,False,False,False
T+2_R-10,Taraba,2024,Mean_Tmax_C,33.396032608695656,26.530373831775705,37.37739130434783,False,False,False
T+2_R-10,Yobe,2024,Mean_Tmax_C,35.55940217391304,26.530373831775705,37.37739130434783,False,False,False
T+2_R-10,Zamfara,2024,Mean_Tmax_C,34.69663043478261,26.530373831775705,37.37739130434783,False,False,False
T+2_R-10,Abia,2024,Mean_Tmin_C,25.62490909090909,18.60668224299065,25.44163043478261,False,True,True
T+2_R-10,Adamawa,2024,Mean_Tmin_C,25.668152173913047,18.60668224299065,25.44163043478261,False,True,True
T+2_R-10,Akwa Ibom,2024,Mean_Tmin_C,26.384836363636364,18.60668224299065,25.44163043478261,False,True,True
T+2_R-10,Anambra,2024,Mean_Tmin_C,25.700581818181817,18.60668224299065,25.44163043478261,False,True,True
T+2_R-10,Bauchi,2024,Mean_Tmin_C,24.816413043478263,18.60668224299065,25.44163043478261,False,False,False
T+2_R-10,Bayelsa,2024,Mean_Tmin_C,26.358945454545456,18.60668224299065,25.44163043478261,False,True,True
T+2_R-10,Benue,2024,Mean_Tmin_C,26.007336448598124,18.60668224299065,25.44163043478261,False,True,True
T+2_R-10,Borno,2024,Mean_Tmin_C,27.08440217391305,18.60668224299065,25.44163043478261,False,True,True
T+2_R-10,Cross River,2024,Mean_Tmin_C,26.384836363636364,18.60668224299065,25.44163043478261,False,True,True
T+2_R-10,Delta,2024,Mean_Tmin_C,25.700581818181817,18.60668224299065,25.44163043478261,False,True,True
T+2_R-10,Ebonyi,2024,Mean_Tmin_C,26.03076363636364,18.60668224299065,25.44163043478261,False,True,True
T+2_R-10,Edo,2024,Mean_Tmin_C,25.613236363636364,18.60668224299065,25.44163043478261,False,True,True
T+2_R-10,Ekiti,2024,Mean_Tmin_C,24.22214545454545,18.60668224299065,25.44163043478261,False,False,False
T+2_R-10,Enugu,2024,Mean_Tmin_C,25.47309090909091,18.60668224299065,25.44163043478261,False,True,True
T+2_R-10,FCT,2024,Mean_Tmin_C,24.75060747663552,18.60668224299065,25.44163043478261,False,False,False
T+2_R-10,Gombe,2024,Mean_Tmin_C,25.44967391304348,18.60668224299065,25.44163043478261,False,True,True
T+2_R-10,Imo,2024,Mean_Tmin_C,25.87756363636364,18.60668224299065,25.44163043478261,False,True,True
T+2_R-10,Jigawa,2024,Mean_Tmin_C,25.66782608695652,18.60668224299065,25.44163043478261,False,True,True
T+2_R-10,Kaduna,2024,Mean_Tmin_C,23.31891304347826,18.60668224299065,25.44163043478261,False,False,False
T+2_R-10,Kano,2024,Mean_Tmin_C,25.301141304347823,18.60668224299065,25.44163043478261,False,False,False
T+2_R-10,Katsina,2024,Mean_Tmin_C,25.009782608695648,18.60668224299065,25.44163043478261,False,False,False
T+2_R-10,Kebbi,2024,Mean_Tmin_C,25.96777173913044,18.60668224299065,25.44163043478261,False,True,True
T+2_R-10,Kogi,2024,Mean_Tmin_C,25.98084112149533,18.60668224299065,25.44163043478261,False,True,True
T+2_R-10,Kwara,2024,Mean_Tmin_C,24.7088785046729,18.60668224299065,25.44163043478261,False,False,False
T+2_R-10,Lagos,2024,Mean_Tmin_C,27.44061818181818,18.60668224299065,25.44163043478261,False,True,True
T+2_R-10,Nasarawa,2024,Mean_Tmin_C,26.08780373831776,18.60668224299065,25.44163043478261,False,True,True
T+2_R-10,Niger,2024,Mean_Tmin_C,26.355934579439253,18.60668224299065,25.44163043478261,False,True,True
T+2_R-10,Ogun,2024,Mean_Tmin_C,25.70054545454545,18.60668224299065,25.44163043478261,False,True,True
T+2_R-10,Ondo,2024,Mean_Tmin_C,24.22214545454545,18.60668224299065,25.44163043478261,False,False,False
T+2_R-10,Osun,2024,Mean_Tmin_C,24.68796363636364,18.60668224299065,25.44163043478261,False,False,False
T+2_R-10,Oyo,2024,Mean_Tmin_C,24.848909090909093,18.60668224299065,25.44163043478261,False,False,False
T+2_R-10,Plateau,2024,Mean_Tmin_C,21.67495327102804,18.60668224299065,25.44163043478261,False,False,False
T+2_R-10,Rivers,2024,Mean_Tmin_C,25.983490909090907,18.60668224299065,25.44163043478261,False,True,True
T+2_R-10,Sokoto,2024,Mean_Tmin_C,26.219239130434783,18.60668224299065,25.44163043478261,False,True,True
T+2_R-10,Taraba,2024,Mean_Tmin_C,25.68092391304348,18.60668224299065,25.44163043478261,False,True,True
T+2_R-10,Yobe,2024,Mean_Tmin_C,26.001413043478266,18.60668224299065,25.44163043478261,False,True,True
T+2_R-10,Zamfara,2024,Mean_Tmin_C,24.745054347826088,18.60668224299065,25.44163043478261,False,False,False
T+2_R-10,Abia,2024,Rainfall_Anomaly_Z_2000_2019,-1.1991116246272546,-2.9722877578679507,15.012756673567567,False,False,False
T+2_R-10,Adamawa,2024,Rainfall_Anomaly_Z_2000_2019,-0.24025131312938383,-2.9722877578679507,15.012756673567567,False,False,False
T+2_R-10,Akwa Ibom,2024,Rainfall_Anomaly_Z_2000_2019,-2.2573682544559484,-2.9722877578679507,15.012756673567567,False,False,False
T+2_R-10,Anambra,2024,Rainfall_Anomaly_Z_2000_2019,-0.9238653382853763,-2.9722877578679507,15.012756673567567,False,False,False
T+2_R-10,Bauchi,2024,Rainfall_Anomaly_Z_2000_2019,1.4714664334485685,-2.9722877578679507,15.012756673567567,False,False,False
T+2_R-10,Bayelsa,2024,Rainfall_Anomaly_Z_2000_2019,-0.8464589029081977,-2.9722877578679507,15.012756673567567,False,False,False
T+2_R-10,Benue,2024,Rainfall_Anomaly_Z_2000_2019,-1.0205112777693868,-2.9722877578679507,15.012756673567567,False,False,False
T+2_R-10,Borno,2024,Rainfall_Anomaly_Z_2000_2019,-0.03770474956102871,-2.9722877578679507,15.012756673567567,False,False,False
T+2_R-10,Cross River,2024,Rainfall_Anomaly_Z_2000_2019,-2.2573682544559484,-2.9722877578679507,15.012756673567567,False,False,False
T+2_R-10,Delta,2024,Rainfall_Anomaly_Z_2000_2019,-0.9238653382853763,-2.9722877578679507,15.012756673567567,False,False,False
T+2_R-10,Ebonyi,2024,Rainfall_Anomaly_Z_2000_2019,-1.7513178262715765,-2.9722877578679507,15.012756673567567,False,False,False
T+2_R-10,Edo,2024,Rainfall_Anomaly_Z_2000_2019,-0.8671028749073376,-2.9722877578679507,15.012756673567567,False,False,False
T+2_R-10,Ekiti,2024,Rainfall_Anomaly_Z_2000_2019,-0.948943995985069,-2.9722877578679507,15.012756673567567,False,False,False
T+2_R-10,Enugu,2024,Rainfall_Anomaly_Z_2000_2019,-1.738770902470491,-2.9722877578679507,15.012756673567567,False,False,False
T+2_R-10,FCT,2024,Rainfall_Anomaly_Z_2000_2019,-0.45711783519399035,-2.9722877578679507,15.012756673567567,False,False,False
T+2_R-10,Gombe,2024,Rainfall_Anomaly_Z_2000_2019,2.174226742213665,-2.9722877578679507,15.012756673567567,False,False,False
T+2_R-10,Imo,2024,Rainfall_Anomaly_Z_2000_2019,-0.6637440683239707,-2.9722877578679507,15.012756673567567,False,False,False
T+2_R-10,Jigawa,2024,Rainfall_Anomaly_Z_2000_2019,2.049893869180306,-2.9722877578679507,15.012756673567567,False,False,False
T+2_R-10,Kaduna,2024,Rainfall_Anomaly_Z_2000_2019,0.21074446843767378,-2.9722877578679507,15.012756673567567,False,False,False
T+2_R-10,Kano,2024,Rainfall_Anomaly_Z_2000_2019,1.8451850842313149,-2.9722877578679507,15.012756673567567,False,False,False
T+2_R-10,Katsina,2024,Rainfall_Anomaly_Z_2000_2019,4.581434927830171,-2.9722877578679507,15.012756673567567,False,False,False
T+2_R-10,Kebbi,2024,Rainfall_Anomaly_Z_2000_2019,11.177817378052934,-2.9722877578679507,15.012756673567567,False,False,False
T+2_R-10,Kogi,2024,Rainfall_Anomaly_Z_2000_2019,-1.0950125262008648,-2.9722877578679507,15.012756673567567,False,False,False
T+2_R-10,Kwara,2024,Rainfall_Anomaly_Z_2000_2019,-0.14814143225474208,-2.9722877578679507,15.012756673567567,False,False,False
T+2_R-10,Lagos,2024,Rainfall_Anomaly_Z_2000_2019,-0.9088014387440245,-2.9722877578679507,15.012756673567567,False,False,False
T+2_R-10,Nasarawa,2024,Rainfall_Anomaly_Z_2000_2019,-0.2756563771778586,-2.9722877578679507,15.012756673567567,False,False,False
T+2_R-10,Niger,2024,Rainfall_Anomaly_Z_2000_2019,-1.2616091984598155,-2.9722877578679507,15.012756673567567,False,False,False
T+2_R-10,Ogun,2024,Rainfall_Anomaly_Z_2000_2019,-0.5264052409229788,-2.9722877578679507,15.012756673567567,False,False,False
T+2_R-10,Ondo,2024,Rainfall_Anomaly_Z_2000_2019,-0.948943995985069,-2.9722877578679507,15.012756673567567,False,False,False
T+2_R-10,Osun,2024,Rainfall_Anomaly_Z_2000_2019,-0.3678848726100549,-2.9722877578679507,15.012756673567567,False,False,False
T+2_R-10,Oyo,2024,Rainfall_Anomaly_Z_2000_2019,-0.4399009147139256,-2.9722877578679507,15.012756673567567,False,False,False
T+2_R-10,Plateau,2024,Rainfall_Anomaly_Z_2000_2019,1.0584617768271267,-2.9722877578679507,15.012756673567567,False,False,False
T+2_R-10,Rivers,2024,Rainfall_Anomaly_Z_2000_2019,-1.0312177405024023,-2.9722877578679507,15.012756673567567,False,False,False
T+2_R-10,Sokoto,2024,Rainfall_Anomaly_Z_2000_2019,3.98292084184097,-2.9722877578679507,15.012756673567567,False,False,False
T+2_R-10,Taraba,2024,Rainfall_Anomaly_Z_2000_2019,0.5995816599557909,-2.9722877578679507,15.012756673567567,False,False,False
T+2_R-10,Yobe,2024,Rainfall_Anomaly_Z_2000_2019,1.3360616360407556,-2.9722877578679507,15.012756673567567,False,False,False
T+2_R-10,Zamfara,2024,Rainfall_Anomaly_Z_2000_2019,-0.5424980307332792,-2.9722877578679507,15.012756673567567,False,False,False
T+2_R-20,Abia,2024,Seasonal_Rainfall_mm,1085.24,340.79,5688.79,False,False,False
T+2_R-20,Adamawa,2024,Seasonal_Rainfall_mm,723.392,340.79,5688.79,False,False,False
T+2_R-20,Akwa Ibom,2024,Seasonal_Rainfall_mm,1495.272,340.79,5688.79,False,False,False
T+2_R-20,Anambra,2024,Seasonal_Rainfall_mm,1077.608,340.79,5688.79,False,False,False
T+2_R-20,Bauchi,2024,Seasonal_Rainfall_mm,868.088,340.79,5688.79,False,False,False
T+2_R-20,Bayelsa,2024,Seasonal_Rainfall_mm,1506.384,340.79,5688.79,False,False,False
T+2_R-20,Benue,2024,Seasonal_Rainfall_mm,770.52,340.79,5688.79,False,False,False
T+2_R-20,Borno,2024,Seasonal_Rainfall_mm,466.528,340.79,5688.79,False,False,False
T+2_R-20,Cross River,2024,Seasonal_Rainfall_mm,1495.272,340.79,5688.79,False,False,False
T+2_R-20,Delta,2024,Seasonal_Rainfall_mm,1077.608,340.79,5688.79,False,False,False
T+2_R-20,Ebonyi,2024,Seasonal_Rainfall_mm,722.7760000000001,340.79,5688.79,False,False,False
T+2_R-20,Edo,2024,Seasonal_Rainfall_mm,1084.624,340.79,5688.79,False,False,False
T+2_R-20,Ekiti,2024,Seasonal_Rainfall_mm,1085.4400000000003,340.79,5688.79,False,False,False
T+2_R-20,Enugu,2024,Seasonal_Rainfall_mm,780.72,340.79,5688.79,False,False,False
T+2_R-20,FCT,2024,Seasonal_Rainfall_mm,923.448,340.79,5688.79,False,False,False
T+2_R-20,Gombe,2024,Seasonal_Rainfall_mm,1146.7600000000004,340.79,5688.79,False,False,False
T+2_R-20,Imo,2024,Seasonal_Rainfall_mm,1282.864,340.79,5688.79,False,False,False
T+2_R-20,Jigawa,2024,Seasonal_Rainfall_mm,814.6080000000001,340.79,5688.79,False,False,False
T+2_R-20,Kaduna,2024,Seasonal_Rainfall_mm,1165.472,340.79,5688.79,False,False,False
T+2_R-20,Kano,2024,Seasonal_Rainfall_mm,801.104,340.79,5688.79,False,False,False
T+2_R-20,Katsina,2024,Seasonal_Rainfall_mm,1032.6879999999999,340.79,5688.79,False,False,False
T+2_R-20,Kebbi,2024,Seasonal_Rainfall_mm,1703.968,340.79,5688.79,False,False,False
T+2_R-20,Kogi,2024,Seasonal_Rainfall_mm,700.9679999999998,340.79,5688.79,False,False,False
T+2_R-20,Kwara,2024,Seasonal_Rainfall_mm,972.3120000000001,340.79,5688.79,False,False,False
T+2_R-20,Lagos,2024,Seasonal_Rainfall_mm,1053.3280000000002,340.79,5688.79,False,False,False
T+2_R-20,Nasarawa,2024,Seasonal_Rainfall_mm,818.864,340.79,5688.79,False,False,False
T+2_R-20,Niger,2024,Seasonal_Rainfall_mm,726.9680000000001,340.79,5688.79,False,False,False
T+2_R-20,Ogun,2024,Seasonal_Rainfall_mm,1284.48,340.79,5688.79,False,False,False
T+2_R-20,Ondo,2024,Seasonal_Rainfall_mm,1085.4400000000003,340.79,5688.79,False,False,False
T+2_R-20,Osun,2024,Seasonal_Rainfall_mm,1343.5439999999999,340.79,5688.79,False,False,False
T+2_R-20,Oyo,2024,Seasonal_Rainfall_mm,1306.04,340.79,5688.79,False,False,False
T+2_R-20,Plateau,2024,Seasonal_Rainfall_mm,1100.584,340.79,5688.79,False,False,False
T+2_R-20,Rivers,2024,Seasonal_Rainfall_mm,1416.68,340.79,5688.79,False,False,False
T+2_R-20,Sokoto,2024,Seasonal_Rainfall_mm,1090.808,340.79,5688.79,False,False,False
T+2_R-20,Taraba,2024,Seasonal_Rainfall_mm,876.68,340.79,5688.79,False,False,False
T+2_R-20,Yobe,2024,Seasonal_Rainfall_mm,741.48,340.79,5688.79,False,False,False
T+2_R-20,Zamfara,2024,Seasonal_Rainfall_mm,555.8960000000001,340.79,5688.79,False,False,False
T+2_R-20,Abia,2024,Seasonal_GDD_C,5177.7,2545.795,4805.745,False,True,True
T+2_R-20,Adamawa,2024,Seasonal_GDD_C,3686.585,2545.795,4805.745,False,False,False
T+2_R-20,Akwa Ibom,2024,Seasonal_GDD_C,5244.005000000001,2545.795,4805.745,False,True,True
T+2_R-20,Anambra,2024,Seasonal_GDD_C,5191.875,2545.795,4805.745,False,True,True
T+2_R-20,Bauchi,2024,Seasonal_GDD_C,3568.24,2545.795,4805.745,False,False,False
T+2_R-20,Bayelsa,2024,Seasonal_GDD_C,5270.065,2545.795,4805.745,False,True,True
T+2_R-20,Benue,2024,Seasonal_GDD_C,4186.71,2545.795,4805.745,False,False,False
T+2_R-20,Borno,2024,Seasonal_GDD_C,4095.105,2545.795,4805.745,False,False,False
T+2_R-20,Cross River,2024,Seasonal_GDD_C,5244.005000000001,2545.795,4805.745,False,True,True
T+2_R-20,Delta,2024,Seasonal_GDD_C,5191.875,2545.795,4805.745,False,True,True
T+2_R-20,Ebonyi,2024,Seasonal_GDD_C,5499.355,2545.795,4805.745,False,True,True
T+2_R-20,Edo,2024,Seasonal_GDD_C,5133.435,2545.795,4805.745,False,True,True
T+2_R-20,Ekiti,2024,Seasonal_GDD_C,4852.264999999999,2545.795,4805.745,False,True,True
T+2_R-20,Enugu,2024,Seasonal_GDD_C,5272.129999999999,2545.795,4805.745,False,True,True
T+2_R-20,FCT,2024,Seasonal_GDD_C,3997.07,2545.795,4805.745,False,False,False
T+2_R-20,Gombe,2024,Seasonal_GDD_C,3623.21,2545.795,4805.745,False,False,False
T+2_R-20,Imo,2024,Seasonal_GDD_C,5239.094999999999,2545.795,4805.745,False,True,True
T+2_R-20,Jigawa,2024,Seasonal_GDD_C,3865.245,2545.795,4805.745,False,False,False
T+2_R-20,Kaduna,2024,Seasonal_GDD_C,3168.6800000000003,2545.795,4805.745,False,False,False
T+2_R-20,Kano,2024,Seasonal_GDD_C,3851.455,2545.795,4805.745,False,False,False
T+2_R-20,Katsina,2024,Seasonal_GDD_C,3576.635,2545.795,4805.745,False,False,False
T+2_R-20,Kebbi,2024,Seasonal_GDD_C,3741.3050000000003,2545.795,4805.745,False,False,False
T+2_R-20,Kogi,2024,Seasonal_GDD_C,4215.005,2545.795,4805.745,False,False,False
T+2_R-20,Kwara,2024,Seasonal_GDD_C,3943.295,2545.795,4805.745,False,False,False
T+2_R-20,Lagos,2024,Seasonal_GDD_C,5289.834999999999,2545.795,4805.745,False,True,True
T+2_R-20,Nasarawa,2024,Seasonal_GDD_C,4249.105,2545.795,4805.745,False,False,False
T+2_R-20,Niger,2024,Seasonal_GDD_C,4320.51,2545.795,4805.745,False,False,False
T+2_R-20,Ogun,2024,Seasonal_GDD_C,5132.57,2545.795,4805.745,False,True,True
T+2_R-20,Ondo,2024,Seasonal_GDD_C,4852.264999999999,2545.795,4805.745,False,True,True
T+2_R-20,Osun,2024,Seasonal_GDD_C,4960.16,2545.795,4805.745,False,True,True
T+2_R-20,Oyo,2024,Seasonal_GDD_C,5022.030000000001,2545.795,4805.745,False,True,True
T+2_R-20,Plateau,2024,Seasonal_GDD_C,3493.7900000000004,2545.795,4805.745,False,False,False
T+2_R-20,Rivers,2024,Seasonal_GDD_C,5264.629999999999,2545.795,4805.745,False,True,True
T+2_R-20,Sokoto,2024,Seasonal_GDD_C,3801.615,2545.795,4805.745,False,False,False
T+2_R-20,Taraba,2024,Seasonal_GDD_C,3595.08,2545.795,4805.745,False,False,False
T+2_R-20,Yobe,2024,Seasonal_GDD_C,3823.5950000000003,2545.795,4805.745,False,False,False
T+2_R-20,Zamfara,2024,Seasonal_GDD_C,3628.635,2545.795,4805.745,False,False,False
T+2_R-20,Abia,2024,Mean_Tmax_C,32.031090909090906,26.530373831775705,37.37739130434783,False,False,False
T+2_R-20,Adamawa,2024,Mean_Tmax_C,34.40342391304348,26.530373831775705,37.37739130434783,False,False,False
T+2_R-20,Akwa Ibom,2024,Mean_Tmax_C,31.75338181818182,26.530373831775705,37.37739130434783,False,False,False
T+2_R-20,Anambra,2024,Mean_Tmax_C,32.05850909090909,26.530373831775705,37.37739130434783,False,False,False
T+2_R-20,Bauchi,2024,Mean_Tmax_C,33.96880434782609,26.530373831775705,37.37739130434783,False,False,False
T+2_R-20,Bayelsa,2024,Mean_Tmax_C,31.968800000000005,26.530373831775705,37.37739130434783,False,False,False
T+2_R-20,Benue,2024,Mean_Tmax_C,33.120794392523365,26.530373831775705,37.37739130434783,False,False,False
T+2_R-20,Borno,2024,Mean_Tmax_C,37.42760869565217,26.530373831775705,37.37739130434783,False,True,True
T+2_R-20,Cross River,2024,Mean_Tmax_C,31.75338181818182,26.530373831775705,37.37739130434783,False,False,False
T+2_R-20,Delta,2024,Mean_Tmax_C,32.05850909090909,26.530373831775705,37.37739130434783,False,False,False
T+2_R-20,Ebonyi,2024,Mean_Tmax_C,33.96454545454545,26.530373831775705,37.37739130434783,False,False,False
T+2_R-20,Edo,2024,Mean_Tmax_C,31.72083636363637,26.530373831775705,37.37739130434783,False,False,False
T+2_R-20,Ekiti,2024,Mean_Tmax_C,31.06705454545454,26.530373831775705,37.37739130434783,False,False,False
T+2_R-20,Enugu,2024,Mean_Tmax_C,32.86967272727273,26.530373831775705,37.37739130434783,False,False,False
T+2_R-20,FCT,2024,Mean_Tmax_C,32.60518691588785,26.530373831775705,37.37739130434783,False,False,False
T+2_R-20,Gombe,2024,Mean_Tmax_C,33.93304347826087,26.530373831775705,37.37739130434783,False,False,False
T+2_R-20,Imo,2024,Mean_Tmax_C,32.22494545454545,26.530373831775705,37.37739130434783,False,False,False
T+2_R-20,Jigawa,2024,Mean_Tmax_C,36.34570652173913,26.530373831775705,37.37739130434783,False,False,False
T+2_R-20,Kaduna,2024,Mean_Tmax_C,31.12326086956521,26.530373831775705,37.37739130434783,False,False,False
T+2_R-20,Kano,2024,Mean_Tmax_C,36.5625,26.530373831775705,37.37739130434783,False,False,False
T+2_R-20,Katsina,2024,Mean_Tmax_C,33.8666847826087,26.530373831775705,37.37739130434783,False,False,False
T+2_R-20,Kebbi,2024,Mean_Tmax_C,34.69858695652174,26.530373831775705,37.37739130434783,False,False,False
T+2_R-20,Kogi,2024,Mean_Tmax_C,33.41172897196261,26.530373831775705,37.37739130434783,False,False,False
T+2_R-20,Kwara,2024,Mean_Tmax_C,32.14434579439252,26.530373831775705,37.37739130434783,False,False,False
T+2_R-20,Lagos,2024,Mean_Tmax_C,31.03090909090909,26.530373831775705,37.37739130434783,False,False,False
T+2_R-20,Nasarawa,2024,Mean_Tmax_C,33.62345794392523,26.530373831775705,37.37739130434783,False,False,False
T+2_R-20,Niger,2024,Mean_Tmax_C,34.02266355140187,26.530373831775705,37.37739130434783,False,False,False
T+2_R-20,Ogun,2024,Mean_Tmax_C,31.627236363636364,26.530373831775705,37.37739130434783,False,False,False
T+2_R-20,Ondo,2024,Mean_Tmax_C,31.06705454545454,26.530373831775705,37.37739130434783,False,False,False
T+2_R-20,Osun,2024,Mean_Tmax_C,31.38592727272728,26.530373831775705,37.37739130434783,False,False,False
T+2_R-20,Oyo,2024,Mean_Tmax_C,31.67494545454545,26.530373831775705,37.37739130434783,False,False,False
T+2_R-20,Plateau,2024,Mean_Tmax_C,30.977289719626164,26.530373831775705,37.37739130434783,False,False,False
T+2_R-20,Rivers,2024,Mean_Tmax_C,32.30472727272727,26.530373831775705,37.37739130434783,False,False,False
T+2_R-20,Sokoto,2024,Mean_Tmax_C,35.102663043478266,26.530373831775705,37.37739130434783,False,False,False
T+2_R-20,Taraba,2024,Mean_Tmax_C,33.396032608695656,26.530373831775705,37.37739130434783,False,False,False
T+2_R-20,Yobe,2024,Mean_Tmax_C,35.55940217391304,26.530373831775705,37.37739130434783,False,False,False
T+2_R-20,Zamfara,2024,Mean_Tmax_C,34.69663043478261,26.530373831775705,37.37739130434783,False,False,False
T+2_R-20,Abia,2024,Mean_Tmin_C,25.62490909090909,18.60668224299065,25.44163043478261,False,True,True
T+2_R-20,Adamawa,2024,Mean_Tmin_C,25.668152173913047,18.60668224299065,25.44163043478261,False,True,True
T+2_R-20,Akwa Ibom,2024,Mean_Tmin_C,26.384836363636364,18.60668224299065,25.44163043478261,False,True,True
T+2_R-20,Anambra,2024,Mean_Tmin_C,25.700581818181817,18.60668224299065,25.44163043478261,False,True,True
T+2_R-20,Bauchi,2024,Mean_Tmin_C,24.816413043478263,18.60668224299065,25.44163043478261,False,False,False
T+2_R-20,Bayelsa,2024,Mean_Tmin_C,26.358945454545456,18.60668224299065,25.44163043478261,False,True,True
T+2_R-20,Benue,2024,Mean_Tmin_C,26.007336448598124,18.60668224299065,25.44163043478261,False,True,True
T+2_R-20,Borno,2024,Mean_Tmin_C,27.08440217391305,18.60668224299065,25.44163043478261,False,True,True
T+2_R-20,Cross River,2024,Mean_Tmin_C,26.384836363636364,18.60668224299065,25.44163043478261,False,True,True
T+2_R-20,Delta,2024,Mean_Tmin_C,25.700581818181817,18.60668224299065,25.44163043478261,False,True,True
T+2_R-20,Ebonyi,2024,Mean_Tmin_C,26.03076363636364,18.60668224299065,25.44163043478261,False,True,True
T+2_R-20,Edo,2024,Mean_Tmin_C,25.613236363636364,18.60668224299065,25.44163043478261,False,True,True
T+2_R-20,Ekiti,2024,Mean_Tmin_C,24.22214545454545,18.60668224299065,25.44163043478261,False,False,False
T+2_R-20,Enugu,2024,Mean_Tmin_C,25.47309090909091,18.60668224299065,25.44163043478261,False,True,True
T+2_R-20,FCT,2024,Mean_Tmin_C,24.75060747663552,18.60668224299065,25.44163043478261,False,False,False
T+2_R-20,Gombe,2024,Mean_Tmin_C,25.44967391304348,18.60668224299065,25.44163043478261,False,True,True
T+2_R-20,Imo,2024,Mean_Tmin_C,25.87756363636364,18.60668224299065,25.44163043478261,False,True,True
T+2_R-20,Jigawa,2024,Mean_Tmin_C,25.66782608695652,18.60668224299065,25.44163043478261,False,True,True
T+2_R-20,Kaduna,2024,Mean_Tmin_C,23.31891304347826,18.60668224299065,25.44163043478261,False,False,False
T+2_R-20,Kano,2024,Mean_Tmin_C,25.301141304347823,18.60668224299065,25.44163043478261,False,False,False
T+2_R-20,Katsina,2024,Mean_Tmin_C,25.009782608695648,18.60668224299065,25.44163043478261,False,False,False
T+2_R-20,Kebbi,2024,Mean_Tmin_C,25.96777173913044,18.60668224299065,25.44163043478261,False,True,True
T+2_R-20,Kogi,2024,Mean_Tmin_C,25.98084112149533,18.60668224299065,25.44163043478261,False,True,True
T+2_R-20,Kwara,2024,Mean_Tmin_C,24.7088785046729,18.60668224299065,25.44163043478261,False,False,False
T+2_R-20,Lagos,2024,Mean_Tmin_C,27.44061818181818,18.60668224299065,25.44163043478261,False,True,True
T+2_R-20,Nasarawa,2024,Mean_Tmin_C,26.08780373831776,18.60668224299065,25.44163043478261,False,True,True
T+2_R-20,Niger,2024,Mean_Tmin_C,26.355934579439253,18.60668224299065,25.44163043478261,False,True,True
T+2_R-20,Ogun,2024,Mean_Tmin_C,25.70054545454545,18.60668224299065,25.44163043478261,False,True,True
T+2_R-20,Ondo,2024,Mean_Tmin_C,24.22214545454545,18.60668224299065,25.44163043478261,False,False,False
T+2_R-20,Osun,2024,Mean_Tmin_C,24.68796363636364,18.60668224299065,25.44163043478261,False,False,False
T+2_R-20,Oyo,2024,Mean_Tmin_C,24.848909090909093,18.60668224299065,25.44163043478261,False,False,False
T+2_R-20,Plateau,2024,Mean_Tmin_C,21.67495327102804,18.60668224299065,25.44163043478261,False,False,False
T+2_R-20,Rivers,2024,Mean_Tmin_C,25.983490909090907,18.60668224299065,25.44163043478261,False,True,True
T+2_R-20,Sokoto,2024,Mean_Tmin_C,26.219239130434783,18.60668224299065,25.44163043478261,False,True,True
T+2_R-20,Taraba,2024,Mean_Tmin_C,25.68092391304348,18.60668224299065,25.44163043478261,False,True,True
T+2_R-20,Yobe,2024,Mean_Tmin_C,26.001413043478266,18.60668224299065,25.44163043478261,False,True,True
T+2_R-20,Zamfara,2024,Mean_Tmin_C,24.745054347826088,18.60668224299065,25.44163043478261,False,False,False
T+2_R-20,Abia,2024,Rainfall_Anomaly_Z_2000_2019,-1.4786221582221328,-2.9722877578679507,15.012756673567567,False,False,False
T+2_R-20,Adamawa,2024,Rainfall_Anomaly_Z_2000_2019,-0.985618936076318,-2.9722877578679507,15.012756673567567,False,False,False
T+2_R-20,Akwa Ibom,2024,Rainfall_Anomaly_Z_2000_2019,-2.625258797427147,-2.9722877578679507,15.012756673567567,False,False,False
T+2_R-20,Anambra,2024,Rainfall_Anomaly_Z_2000_2019,-1.1793340613632184,-2.9722877578679507,15.012756673567567,False,False,False
T+2_R-20,Bauchi,2024,Rainfall_Anomaly_Z_2000_2019,0.9186986385613669,-2.9722877578679507,15.012756673567567,False,False,False
T+2_R-20,Bayelsa,2024,Rainfall_Anomaly_Z_2000_2019,-1.1385826582069312,-2.9722877578679507,15.012756673567567,False,False,False
T+2_R-20,Benue,2024,Rainfall_Anomaly_Z_2000_2019,-1.316834447973708,-2.9722877578679507,15.012756673567567,False,False,False
T+2_R-20,Borno,2024,Rainfall_Anomaly_Z_2000_2019,-0.49597698286675906,-2.9722877578679507,15.012756673567567,False,False,False
T+2_R-20,Cross River,2024,Rainfall_Anomaly_Z_2000_2019,-2.625258797427147,-2.9722877578679507,15.012756673567567,False,False,False
T+2_R-20,Delta,2024,Rainfall_Anomaly_Z_2000_2019,-1.1793340613632184,-2.9722877578679507,15.012756673567567,False,False,False
T+2_R-20,Ebonyi,2024,Rainfall_Anomaly_Z_2000_2019,-1.9566096491792917,-2.9722877578679507,15.012756673567567,False,False,False
T+2_R-20,Edo,2024,Rainfall_Anomaly_Z_2000_2019,-1.1107650882695506,-2.9722877578679507,15.012756673567567,False,False,False
T+2_R-20,Ekiti,2024,Rainfall_Anomaly_Z_2000_2019,-1.421344367936102,-2.9722877578679507,15.012756673567567,False,False,False
T+2_R-20,Enugu,2024,Rainfall_Anomaly_Z_2000_2019,-1.9963650275449252,-2.9722877578679507,15.012756673567567,False,False,False
T+2_R-20,FCT,2024,Rainfall_Anomaly_Z_2000_2019,-0.828553327151722,-2.9722877578679507,15.012756673567567,False,False,False
T+2_R-20,Gombe,2024,Rainfall_Anomaly_Z_2000_2019,1.4486484604430305,-2.9722877578679507,15.012756673567567,False,False,False
T+2_R-20,Imo,2024,Rainfall_Anomaly_Z_2000_2019,-0.9438851731795997,-2.9722877578679507,15.012756673567567,False,False,False
T+2_R-20,Jigawa,2024,Rainfall_Anomaly_Z_2000_2019,1.468129244765175,-2.9722877578679507,15.012756673567567,False,False,False
T+2_R-20,Kaduna,2024,Rainfall_Anomaly_Z_2000_2019,-0.2217616720238811,-2.9722877578679507,15.012756673567567,False,False,False
T+2_R-20,Kano,2024,Rainfall_Anomaly_Z_2000_2019,1.2603729635527479,-2.9722877578679507,15.012756673567567,False,False,False
T+2_R-20,Katsina,2024,Rainfall_Anomaly_Z_2000_2019,3.4549078630549843,-2.9722877578679507,15.012756673567567,False,False,False
T+2_R-20,Kebbi,2024,Rainfall_Anomaly_Z_2000_2019,9.136092044185824,-2.9722877578679507,15.012756673567567,False,False,False
T+2_R-20,Kogi,2024,Rainfall_Anomaly_Z_2000_2019,-1.4699953007496394,-2.9722877578679507,15.012756673567567,False,False,False
T+2_R-20,Kwara,2024,Rainfall_Anomaly_Z_2000_2019,-0.7133664878923842,-2.9722877578679507,15.012756673567567,False,False,False
T+2_R-20,Lagos,2024,Rainfall_Anomaly_Z_2000_2019,-1.3857356001956171,-2.9722877578679507,15.012756673567567,False,False,False
T+2_R-20,Nasarawa,2024,Rainfall_Anomaly_Z_2000_2019,-0.6069677424361107,-2.9722877578679507,15.012756673567567,False,False,False
T+2_R-20,Niger,2024,Rainfall_Anomaly_Z_2000_2019,-1.613002095038387,-2.9722877578679507,15.012756673567567,False,False,False
T+2_R-20,Ogun,2024,Rainfall_Anomaly_Z_2000_2019,-1.0602094685713654,-2.9722877578679507,15.012756673567567,False,False,False
T+2_R-20,Ondo,2024,Rainfall_Anomaly_Z_2000_2019,-1.421344367936102,-2.9722877578679507,15.012756673567567,False,False,False
T+2_R-20,Osun,2024,Rainfall_Anomaly_Z_2000_2019,-0.9064972671104901,-2.9722877578679507,15.012756673567567,False,False,False
T+2_R-20,Oyo,2024,Rainfall_Anomaly_Z_2000_2019,-1.045621281368127,-2.9722877578679507,15.012756673567567,False,False,False
T+2_R-20,Plateau,2024,Rainfall_Anomaly_Z_2000_2019,0.5896499637152153,-2.9722877578679507,15.012756673567567,False,False,False
T+2_R-20,Rivers,2024,Rainfall_Anomaly_Z_2000_2019,-1.3301910453543389,-2.9722877578679507,15.012756673567567,False,False,False
T+2_R-20,Sokoto,2024,Rainfall_Anomaly_Z_2000_2019,3.0208470900502045,-2.9722877578679507,15.012756673567567,False,False,False
T+2_R-20,Taraba,2024,Rainfall_Anomaly_Z_2000_2019,-0.023387271847789576,-2.9722877578679507,15.012756673567567,False,False,False
T+2_R-20,Yobe,2024,Rainfall_Anomaly_Z_2000_2019,0.6320977871172421,-2.9722877578679507,15.012756673567567,False,False,False
T+2_R-20,Zamfara,2024,Rainfall_Anomaly_Z_2000_2019,-0.9828038277835861,-2.9722877578679507,15.012756673567567,False,False,False
T+2_R-30,Abia,2024,Seasonal_Rainfall_mm,949.5849999999999,340.79,5688.79,False,False,False
T+2_R-30,Adamawa,2024,Seasonal_Rainfall_mm,632.968,340.79,5688.79,False,False,False
T+2_R-30,Akwa Ibom,2024,Seasonal_Rainfall_mm,1308.3629999999998,340.79,5688.79,False,False,False
T+2_R-30,Anambra,2024,Seasonal_Rainfall_mm,942.9069999999999,340.79,5688.79,False,False,False
T+2_R-30,Bauchi,2024,Seasonal_Rainfall_mm,759.5769999999999,340.79,5688.79,False,False,False
T+2_R-30,Bayelsa,2024,Seasonal_Rainfall_mm,1318.086,340.79,5688.79,False,False,False
T+2_R-30,Benue,2024,Seasonal_Rainfall_mm,674.2049999999999,340.79,5688.79,False,False,False
T+2_R-30,Borno,2024,Seasonal_Rainfall_mm,408.21199999999993,340.79,5688.79,False,False,False
T+2_R-30,Cross River,2024,Seasonal_Rainfall_mm,1308.3629999999998,340.79,5688.79,False,False,False
T+2_R-30,Delta,2024,Seasonal_Rainfall_mm,942.9069999999999,340.79,5688.79,False,False,False
T+2_R-30,Ebonyi,2024,Seasonal_Rainfall_mm,632.429,340.79,5688.79,False,False,False
T+2_R-30,Edo,2024,Seasonal_Rainfall_mm,949.0459999999999,340.79,5688.79,False,False,False
T+2_R-30,Ekiti,2024,Seasonal_Rainfall_mm,949.7600000000001,340.79,5688.79,False,False,False
T+2_R-30,Enugu,2024,Seasonal_Rainfall_mm,683.13,340.79,5688.79,False,False,False
T+2_R-30,FCT,2024,Seasonal_Rainfall_mm,808.0169999999999,340.79,5688.79,False,False,False
T+2_R-30,Gombe,2024,Seasonal_Rainfall_mm,1003.4150000000003,340.79,5688.79,False,False,False
T+2_R-30,Imo,2024,Seasonal_Rainfall_mm,1122.5059999999999,340.79,5688.79,False,False,False
T+2_R-30,Jigawa,2024,Seasonal_Rainfall_mm,712.7819999999999,340.79,5688.79,False,False,False
T+2_R-30,Kaduna,2024,Seasonal_Rainfall_mm,1019.7879999999999,340.79,5688.79,False,False,False
T+2_R-30,Kano,2024,Seasonal_Rainfall_mm,700.966,340.79,5688.79,False,False,False
T+2_R-30,Katsina,2024,Seasonal_Rainfall_mm,903.6019999999999,340.79,5688.79,False,False,False
T+2_R-30,Kebbi,2024,Seasonal_Rainfall_mm,1490.972,340.79,5688.79,False,False,False
T+2_R-30,Kogi,2024,Seasonal_Rainfall_mm,613.3469999999999,340.79,5688.79,False,False,False
T+2_R-30,Kwara,2024,Seasonal_Rainfall_mm,850.773,340.79,5688.79,False,False,False
T+2_R-30,Lagos,2024,Seasonal_Rainfall_mm,921.662,340.79,5688.79,False,False,False
T+2_R-30,Nasarawa,2024,Seasonal_Rainfall_mm,716.506,340.79,5688.79,False,False,False
T+2_R-30,Niger,2024,Seasonal_Rainfall_mm,636.097,340.79,5688.79,False,False,False
T+2_R-30,Ogun,2024,Seasonal_Rainfall_mm,1123.9199999999998,340.79,5688.79,False,False,False
T+2_R-30,Ondo,2024,Seasonal_Rainfall_mm,949.7600000000001,340.79,5688.79,False,False,False
T+2_R-30,Osun,2024,Seasonal_Rainfall_mm,1175.6009999999999,340.79,5688.79,False,False,False
T+2_R-30,Oyo,2024,Seasonal_Rainfall_mm,1142.7849999999999,340.79,5688.79,False,False,False
T+2_R-30,Plateau,2024,Seasonal_Rainfall_mm,963.011,340.79,5688.79,False,False,False
T+2_R-30,Rivers,2024,Seasonal_Rainfall_mm,1239.5949999999998,340.79,5688.79,False,False,False
T+2_R-30,Sokoto,2024,Seasonal_Rainfall_mm,954.4569999999999,340.79,5688.79,False,False,False
T+2_R-30,Taraba,2024,Seasonal_Rainfall_mm,767.0949999999999,340.79,5688.79,False,False,False
T+2_R-30,Yobe,2024,Seasonal_Rainfall_mm,648.795,340.79,5688.79,False,False,False
T+2_R-30,Zamfara,2024,Seasonal_Rainfall_mm,486.40900000000005,340.79,5688.79,False,False,False
T+2_R-30,Abia,2024,Seasonal_GDD_C,5177.7,2545.795,4805.745,False,True,True
T+2_R-30,Adamawa,2024,Seasonal_GDD_C,3686.585,2545.795,4805.745,False,False,False
T+2_R-30,Akwa Ibom,2024,Seasonal_GDD_C,5244.005000000001,2545.795,4805.745,False,True,True
T+2_R-30,Anambra,2024,Seasonal_GDD_C,5191.875,2545.795,4805.745,False,True,True
T+2_R-30,Bauchi,2024,Seasonal_GDD_C,3568.24,2545.795,4805.745,False,False,False
T+2_R-30,Bayelsa,2024,Seasonal_GDD_C,5270.065,2545.795,4805.745,False,True,True
T+2_R-30,Benue,2024,Seasonal_GDD_C,4186.71,2545.795,4805.745,False,False,False
T+2_R-30,Borno,2024,Seasonal_GDD_C,4095.105,2545.795,4805.745,False,False,False
T+2_R-30,Cross River,2024,Seasonal_GDD_C,5244.005000000001,2545.795,4805.745,False,True,True
T+2_R-30,Delta,2024,Seasonal_GDD_C,5191.875,2545.795,4805.745,False,True,True
T+2_R-30,Ebonyi,2024,Seasonal_GDD_C,5499.355,2545.795,4805.745,False,True,True
T+2_R-30,Edo,2024,Seasonal_GDD_C,5133.435,2545.795,4805.745,False,True,True
T+2_R-30,Ekiti,2024,Seasonal_GDD_C,4852.264999999999,2545.795,4805.745,False,True,True
T+2_R-30,Enugu,2024,Seasonal_GDD_C,5272.129999999999,2545.795,4805.745,False,True,True
T+2_R-30,FCT,2024,Seasonal_GDD_C,3997.07,2545.795,4805.745,False,False,False
T+2_R-30,Gombe,2024,Seasonal_GDD_C,3623.21,2545.795,4805.745,False,False,False
T+2_R-30,Imo,2024,Seasonal_GDD_C,5239.094999999999,2545.795,4805.745,False,True,True
T+2_R-30,Jigawa,2024,Seasonal_GDD_C,3865.245,2545.795,4805.745,False,False,False
T+2_R-30,Kaduna,2024,Seasonal_GDD_C,3168.6800000000003,2545.795,4805.745,False,False,False
T+2_R-30,Kano,2024,Seasonal_GDD_C,3851.455,2545.795,4805.745,False,False,False
T+2_R-30,Katsina,2024,Seasonal_GDD_C,3576.635,2545.795,4805.745,False,False,False
T+2_R-30,Kebbi,2024,Seasonal_GDD_C,3741.3050000000003,2545.795,4805.745,False,False,False
T+2_R-30,Kogi,2024,Seasonal_GDD_C,4215.005,2545.795,4805.745,False,False,False
T+2_R-30,Kwara,2024,Seasonal_GDD_C,3943.295,2545.795,4805.745,False,False,False
T+2_R-30,Lagos,2024,Seasonal_GDD_C,5289.834999999999,2545.795,4805.745,False,True,True
T+2_R-30,Nasarawa,2024,Seasonal_GDD_C,4249.105,2545.795,4805.745,False,False,False
T+2_R-30,Niger,2024,Seasonal_GDD_C,4320.51,2545.795,4805.745,False,False,False
T+2_R-30,Ogun,2024,Seasonal_GDD_C,5132.57,2545.795,4805.745,False,True,True
T+2_R-30,Ondo,2024,Seasonal_GDD_C,4852.264999999999,2545.795,4805.745,False,True,True
T+2_R-30,Osun,2024,Seasonal_GDD_C,4960.16,2545.795,4805.745,False,True,True
T+2_R-30,Oyo,2024,Seasonal_GDD_C,5022.030000000001,2545.795,4805.745,False,True,True
T+2_R-30,Plateau,2024,Seasonal_GDD_C,3493.7900000000004,2545.795,4805.745,False,False,False
T+2_R-30,Rivers,2024,Seasonal_GDD_C,5264.629999999999,2545.795,4805.745,False,True,True
T+2_R-30,Sokoto,2024,Seasonal_GDD_C,3801.615,2545.795,4805.745,False,False,False
T+2_R-30,Taraba,2024,Seasonal_GDD_C,3595.08,2545.795,4805.745,False,False,False
T+2_R-30,Yobe,2024,Seasonal_GDD_C,3823.5950000000003,2545.795,4805.745,False,False,False
T+2_R-30,Zamfara,2024,Seasonal_GDD_C,3628.635,2545.795,4805.745,False,False,False
T+2_R-30,Abia,2024,Mean_Tmax_C,32.031090909090906,26.530373831775705,37.37739130434783,False,False,False
T+2_R-30,Adamawa,2024,Mean_Tmax_C,34.40342391304348,26.530373831775705,37.37739130434783,False,False,False
T+2_R-30,Akwa Ibom,2024,Mean_Tmax_C,31.75338181818182,26.530373831775705,37.37739130434783,False,False,False
T+2_R-30,Anambra,2024,Mean_Tmax_C,32.05850909090909,26.530373831775705,37.37739130434783,False,False,False
T+2_R-30,Bauchi,2024,Mean_Tmax_C,33.96880434782609,26.530373831775705,37.37739130434783,False,False,False
T+2_R-30,Bayelsa,2024,Mean_Tmax_C,31.968800000000005,26.530373831775705,37.37739130434783,False,False,False
T+2_R-30,Benue,2024,Mean_Tmax_C,33.120794392523365,26.530373831775705,37.37739130434783,False,False,False
T+2_R-30,Borno,2024,Mean_Tmax_C,37.42760869565217,26.530373831775705,37.37739130434783,False,True,True
T+2_R-30,Cross River,2024,Mean_Tmax_C,31.75338181818182,26.530373831775705,37.37739130434783,False,False,False
T+2_R-30,Delta,2024,Mean_Tmax_C,32.05850909090909,26.530373831775705,37.37739130434783,False,False,False
T+2_R-30,Ebonyi,2024,Mean_Tmax_C,33.96454545454545,26.530373831775705,37.37739130434783,False,False,False
T+2_R-30,Edo,2024,Mean_Tmax_C,31.72083636363637,26.530373831775705,37.37739130434783,False,False,False
T+2_R-30,Ekiti,2024,Mean_Tmax_C,31.06705454545454,26.530373831775705,37.37739130434783,False,False,False
T+2_R-30,Enugu,2024,Mean_Tmax_C,32.86967272727273,26.530373831775705,37.37739130434783,False,False,False
T+2_R-30,FCT,2024,Mean_Tmax_C,32.60518691588785,26.530373831775705,37.37739130434783,False,False,False
T+2_R-30,Gombe,2024,Mean_Tmax_C,33.93304347826087,26.530373831775705,37.37739130434783,False,False,False
T+2_R-30,Imo,2024,Mean_Tmax_C,32.22494545454545,26.530373831775705,37.37739130434783,False,False,False
T+2_R-30,Jigawa,2024,Mean_Tmax_C,36.34570652173913,26.530373831775705,37.37739130434783,False,False,False
T+2_R-30,Kaduna,2024,Mean_Tmax_C,31.12326086956521,26.530373831775705,37.37739130434783,False,False,False
T+2_R-30,Kano,2024,Mean_Tmax_C,36.5625,26.530373831775705,37.37739130434783,False,False,False
T+2_R-30,Katsina,2024,Mean_Tmax_C,33.8666847826087,26.530373831775705,37.37739130434783,False,False,False
T+2_R-30,Kebbi,2024,Mean_Tmax_C,34.69858695652174,26.530373831775705,37.37739130434783,False,False,False
T+2_R-30,Kogi,2024,Mean_Tmax_C,33.41172897196261,26.530373831775705,37.37739130434783,False,False,False
T+2_R-30,Kwara,2024,Mean_Tmax_C,32.14434579439252,26.530373831775705,37.37739130434783,False,False,False
T+2_R-30,Lagos,2024,Mean_Tmax_C,31.03090909090909,26.530373831775705,37.37739130434783,False,False,False
T+2_R-30,Nasarawa,2024,Mean_Tmax_C,33.62345794392523,26.530373831775705,37.37739130434783,False,False,False
T+2_R-30,Niger,2024,Mean_Tmax_C,34.02266355140187,26.530373831775705,37.37739130434783,False,False,False
T+2_R-30,Ogun,2024,Mean_Tmax_C,31.627236363636364,26.530373831775705,37.37739130434783,False,False,False
T+2_R-30,Ondo,2024,Mean_Tmax_C,31.06705454545454,26.530373831775705,37.37739130434783,False,False,False
T+2_R-30,Osun,2024,Mean_Tmax_C,31.38592727272728,26.530373831775705,37.37739130434783,False,False,False
T+2_R-30,Oyo,2024,Mean_Tmax_C,31.67494545454545,26.530373831775705,37.37739130434783,False,False,False
T+2_R-30,Plateau,2024,Mean_Tmax_C,30.977289719626164,26.530373831775705,37.37739130434783,False,False,False
T+2_R-30,Rivers,2024,Mean_Tmax_C,32.30472727272727,26.530373831775705,37.37739130434783,False,False,False
T+2_R-30,Sokoto,2024,Mean_Tmax_C,35.102663043478266,26.530373831775705,37.37739130434783,False,False,False
T+2_R-30,Taraba,2024,Mean_Tmax_C,33.396032608695656,26.530373831775705,37.37739130434783,False,False,False
T+2_R-30,Yobe,2024,Mean_Tmax_C,35.55940217391304,26.530373831775705,37.37739130434783,False,False,False
T+2_R-30,Zamfara,2024,Mean_Tmax_C,34.69663043478261,26.530373831775705,37.37739130434783,False,False,False
T+2_R-30,Abia,2024,Mean_Tmin_C,25.62490909090909,18.60668224299065,25.44163043478261,False,True,True
T+2_R-30,Adamawa,2024,Mean_Tmin_C,25.668152173913047,18.60668224299065,25.44163043478261,False,True,True
T+2_R-30,Akwa Ibom,2024,Mean_Tmin_C,26.384836363636364,18.60668224299065,25.44163043478261,False,True,True
T+2_R-30,Anambra,2024,Mean_Tmin_C,25.700581818181817,18.60668224299065,25.44163043478261,False,True,True
T+2_R-30,Bauchi,2024,Mean_Tmin_C,24.816413043478263,18.60668224299065,25.44163043478261,False,False,False
T+2_R-30,Bayelsa,2024,Mean_Tmin_C,26.358945454545456,18.60668224299065,25.44163043478261,False,True,True
T+2_R-30,Benue,2024,Mean_Tmin_C,26.007336448598124,18.60668224299065,25.44163043478261,False,True,True
T+2_R-30,Borno,2024,Mean_Tmin_C,27.08440217391305,18.60668224299065,25.44163043478261,False,True,True
T+2_R-30,Cross River,2024,Mean_Tmin_C,26.384836363636364,18.60668224299065,25.44163043478261,False,True,True
T+2_R-30,Delta,2024,Mean_Tmin_C,25.700581818181817,18.60668224299065,25.44163043478261,False,True,True
T+2_R-30,Ebonyi,2024,Mean_Tmin_C,26.03076363636364,18.60668224299065,25.44163043478261,False,True,True
T+2_R-30,Edo,2024,Mean_Tmin_C,25.613236363636364,18.60668224299065,25.44163043478261,False,True,True
T+2_R-30,Ekiti,2024,Mean_Tmin_C,24.22214545454545,18.60668224299065,25.44163043478261,False,False,False
T+2_R-30,Enugu,2024,Mean_Tmin_C,25.47309090909091,18.60668224299065,25.44163043478261,False,True,True
T+2_R-30,FCT,2024,Mean_Tmin_C,24.75060747663552,18.60668224299065,25.44163043478261,False,False,False
T+2_R-30,Gombe,2024,Mean_Tmin_C,25.44967391304348,18.60668224299065,25.44163043478261,False,True,True
T+2_R-30,Imo,2024,Mean_Tmin_C,25.87756363636364,18.60668224299065,25.44163043478261,False,True,True
T+2_R-30,Jigawa,2024,Mean_Tmin_C,25.66782608695652,18.60668224299065,25.44163043478261,False,True,True
T+2_R-30,Kaduna,2024,Mean_Tmin_C,23.31891304347826,18.60668224299065,25.44163043478261,False,False,False
T+2_R-30,Kano,2024,Mean_Tmin_C,25.301141304347823,18.60668224299065,25.44163043478261,False,False,False
T+2_R-30,Katsina,2024,Mean_Tmin_C,25.009782608695648,18.60668224299065,25.44163043478261,False,False,False
T+2_R-30,Kebbi,2024,Mean_Tmin_C,25.96777173913044,18.60668224299065,25.44163043478261,False,True,True
T+2_R-30,Kogi,2024,Mean_Tmin_C,25.98084112149533,18.60668224299065,25.44163043478261,False,True,True
T+2_R-30,Kwara,2024,Mean_Tmin_C,24.7088785046729,18.60668224299065,25.44163043478261,False,False,False
T+2_R-30,Lagos,2024,Mean_Tmin_C,27.44061818181818,18.60668224299065,25.44163043478261,False,True,True
T+2_R-30,Nasarawa,2024,Mean_Tmin_C,26.08780373831776,18.60668224299065,25.44163043478261,False,True,True
T+2_R-30,Niger,2024,Mean_Tmin_C,26.355934579439253,18.60668224299065,25.44163043478261,False,True,True
T+2_R-30,Ogun,2024,Mean_Tmin_C,25.70054545454545,18.60668224299065,25.44163043478261,False,True,True
T+2_R-30,Ondo,2024,Mean_Tmin_C,24.22214545454545,18.60668224299065,25.44163043478261,False,False,False
T+2_R-30,Osun,2024,Mean_Tmin_C,24.68796363636364,18.60668224299065,25.44163043478261,False,False,False
T+2_R-30,Oyo,2024,Mean_Tmin_C,24.848909090909093,18.60668224299065,25.44163043478261,False,False,False
T+2_R-30,Plateau,2024,Mean_Tmin_C,21.67495327102804,18.60668224299065,25.44163043478261,False,False,False
T+2_R-30,Rivers,2024,Mean_Tmin_C,25.983490909090907,18.60668224299065,25.44163043478261,False,True,True
T+2_R-30,Sokoto,2024,Mean_Tmin_C,26.219239130434783,18.60668224299065,25.44163043478261,False,True,True
T+2_R-30,Taraba,2024,Mean_Tmin_C,25.68092391304348,18.60668224299065,25.44163043478261,False,True,True
T+2_R-30,Yobe,2024,Mean_Tmin_C,26.001413043478266,18.60668224299065,25.44163043478261,False,True,True
T+2_R-30,Zamfara,2024,Mean_Tmin_C,24.745054347826088,18.60668224299065,25.44163043478261,False,False,False
T+2_R-30,Abia,2024,Rainfall_Anomaly_Z_2000_2019,-1.7581326918170115,-2.9722877578679507,15.012756673567567,False,False,False
T+2_R-30,Adamawa,2024,Rainfall_Anomaly_Z_2000_2019,-1.7309865590232532,-2.9722877578679507,15.012756673567567,False,False,False
T+2_R-30,Akwa Ibom,2024,Rainfall_Anomaly_Z_2000_2019,-2.993149340398346,-2.9722877578679507,15.012756673567567,True,False,True
T+2_R-30,Anambra,2024,Rainfall_Anomaly_Z_2000_2019,-1.4348027844410607,-2.9722877578679507,15.012756673567567,False,False,False
T+2_R-30,Bauchi,2024,Rainfall_Anomaly_Z_2000_2019,0.36593084367416473,-2.9722877578679507,15.012756673567567,False,False,False
T+2_R-30,Bayelsa,2024,Rainfall_Anomaly_Z_2000_2019,-1.4307064135056644,-2.9722877578679507,15.012756673567567,False,False,False
T+2_R-30,Benue,2024,Rainfall_Anomaly_Z_2000_2019,-1.6131576181780294,-2.9722877578679507,15.012756673567567,False,False,False
T+2_R-30,Borno,2024,Rainfall_Anomaly_Z_2000_2019,-0.9542492161724908,-2.9722877578679507,15.012756673567567,False,False,False
T+2_R-30,Cross River,2024,Rainfall_Anomaly_Z_2000_2019,-2.993149340398346,-2.9722877578679507,15.012756673567567,True,False,True
T+2_R-30,Delta,2024,Rainfall_Anomaly_Z_2000_2019,-1.4348027844410607,-2.9722877578679507,15.012756673567567,False,False,False
T+2_R-30,Ebonyi,2024,Rainfall_Anomaly_Z_2000_2019,-2.161901472087007,-2.9722877578679507,15.012756673567567,False,False,False
T+2_R-30,Edo,2024,Rainfall_Anomaly_Z_2000_2019,-1.3544273016317638,-2.9722877578679507,15.012756673567567,False,False,False
T+2_R-30,Ekiti,2024,Rainfall_Anomaly_Z_2000_2019,-1.8937447398871359,-2.9722877578679507,15.012756673567567,False,False,False
T+2_R-30,Enugu,2024,Rainfall_Anomaly_Z_2000_2019,-2.25395915261936,-2.9722877578679507,15.012756673567567,False,False,False
T+2_R-30,FCT,2024,Rainfall_Anomaly_Z_2000_2019,-1.199988819109454,-2.9722877578679507,15.012756673567567,False,False,False
T+2_R-30,Gombe,2024,Rainfall_Anomaly_Z_2000_2019,0.7230701786723953,-2.9722877578679507,15.012756673567567,False,False,False
T+2_R-30,Imo,2024,Rainfall_Anomaly_Z_2000_2019,-1.2240262780352293,-2.9722877578679507,15.012756673567567,False,False,False
T+2_R-30,Jigawa,2024,Rainfall_Anomaly_Z_2000_2019,0.8863646203500427,-2.9722877578679507,15.012756673567567,False,False,False
T+2_R-30,Kaduna,2024,Rainfall_Anomaly_Z_2000_2019,-0.6542678124854363,-2.9722877578679507,15.012756673567567,False,False,False
T+2_R-30,Kano,2024,Rainfall_Anomaly_Z_2000_2019,0.6755608428741803,-2.9722877578679507,15.012756673567567,False,False,False
T+2_R-30,Katsina,2024,Rainfall_Anomaly_Z_2000_2019,2.3283807982797984,-2.9722877578679507,15.012756673567567,False,False,False
T+2_R-30,Kebbi,2024,Rainfall_Anomaly_Z_2000_2019,7.094366710318714,-2.9722877578679507,15.012756673567567,False,False,False
T+2_R-30,Kogi,2024,Rainfall_Anomaly_Z_2000_2019,-1.844978075298414,-2.9722877578679507,15.012756673567567,False,False,False
T+2_R-30,Kwara,2024,Rainfall_Anomaly_Z_2000_2019,-1.278591543530027,-2.9722877578679507,15.012756673567567,False,False,False
T+2_R-30,Lagos,2024,Rainfall_Anomaly_Z_2000_2019,-1.8626697616472105,-2.9722877578679507,15.012756673567567,False,False,False
T+2_R-30,Nasarawa,2024,Rainfall_Anomaly_Z_2000_2019,-0.938279107694363,-2.9722877578679507,15.012756673567567,False,False,False
T+2_R-30,Niger,2024,Rainfall_Anomaly_Z_2000_2019,-1.9643949916169592,-2.9722877578679507,15.012756673567567,False,False,False
T+2_R-30,Ogun,2024,Rainfall_Anomaly_Z_2000_2019,-1.5940136962197529,-2.9722877578679507,15.012756673567567,False,False,False
T+2_R-30,Ondo,2024,Rainfall_Anomaly_Z_2000_2019,-1.8937447398871359,-2.9722877578679507,15.012756673567567,False,False,False
T+2_R-30,Osun,2024,Rainfall_Anomaly_Z_2000_2019,-1.4451096616109254,-2.9722877578679507,15.012756673567567,False,False,False
T+2_R-30,Oyo,2024,Rainfall_Anomaly_Z_2000_2019,-1.651341648022328,-2.9722877578679507,15.012756673567567,False,False,False
T+2_R-30,Plateau,2024,Rainfall_Anomaly_Z_2000_2019,0.12083815060330391,-2.9722877578679507,15.012756673567567,False,False,False
T+2_R-30,Rivers,2024,Rainfall_Anomaly_Z_2000_2019,-1.629164350206276,-2.9722877578679507,15.012756673567567,False,False,False
T+2_R-30,Sokoto,2024,Rainfall_Anomaly_Z_2000_2019,2.058773338259439,-2.9722877578679507,15.012756673567567,False,False,False
T+2_R-30,Taraba,2024,Rainfall_Anomaly_Z_2000_2019,-0.64635620365137,-2.9722877578679507,15.012756673567567,False,False,False
T+2_R-30,Yobe,2024,Rainfall_Anomaly_Z_2000_2019,-0.07186606180627149,-2.9722877578679507,15.012756673567567,False,False,False
T+2_R-30,Zamfara,2024,Rainfall_Anomaly_Z_2000_2019,-1.4231096248338928,-2.9722877578679507,15.012756673567567,False,False,False
