Model,State,Year,Feature,Feature_Value,SHAP_Value,Absolute_SHAP,Fold
RandomForest,Adamawa,2020,Seasonal_Rainfall_mm,840.9300000000001,-0.010601887420454264,0.010601887420454264,1
RandomForest,Adamawa,2020,Seasonal_GDD_C,3048.325,-0.02209818599007013,0.02209818599007013,1
RandomForest,Adamawa,2020,Max_CDD_days,7.0,0.003968247826661243,0.003968247826661243,1
RandomForest,Adamawa,2020,Mean_Tmax_C,30.770217391304342,0.017048822653224518,0.017048822653224518,1
RandomForest,Adamawa,2020,Mean_Tmin_C,22.363750000000003,-0.03460543520822218,0.03460543520822218,1
RandomForest,Adamawa,2020,Mean_RH_pct,77.9875,0.00795320914887201,0.00795320914887201,1
RandomForest,Adamawa,2020,Mean_Solar_Radiation_MJ_m2_day,19.307717391304347,-0.08126977969503292,0.08126977969503292,1
RandomForest,Adamawa,2020,Rainfall_Anomaly_Z_2000_2019,-0.0167498342235269,0.013021187193613693,0.013021187193613693,1
RandomForest,Adamawa,2021,Seasonal_Rainfall_mm,885.8799999999999,0.007111046788552356,0.007111046788552356,1
RandomForest,Adamawa,2021,Seasonal_GDD_C,3097.5200000000004,-0.030698612253326978,0.030698612253326978,1
RandomForest,Adamawa,2021,Max_CDD_days,5.0,0.0012097211272744488,0.0012097211272744488,1
RandomForest,Adamawa,2021,Mean_Tmax_C,30.935597826086955,0.0188432683852944,0.0188432683852944,1
RandomForest,Adamawa,2021,Mean_Tmin_C,22.733097826086954,-0.006164651554278457,0.006164651554278457,1
RandomForest,Adamawa,2021,Mean_RH_pct,77.65951086956522,0.00737143125262095,0.00737143125262095,1
RandomForest,Adamawa,2021,Mean_Solar_Radiation_MJ_m2_day,19.328750000000003,-0.08574524263812365,0.08574524263812365,1
RandomForest,Adamawa,2021,Rainfall_Anomaly_Z_2000_2019,0.3537743037427714,0.0040822188435802615,0.0040822188435802615,1
RandomForest,Adamawa,2022,Seasonal_Rainfall_mm,1069.08,0.016677442849365984,0.016677442849365984,1
RandomForest,Adamawa,2022,Seasonal_GDD_C,2899.4700000000003,-0.01434534531135379,0.01434534531135379,1
RandomForest,Adamawa,2022,Max_CDD_days,11.0,-0.0032202844846091743,0.0032202844846091743,1
RandomForest,Adamawa,2022,Mean_Tmax_C,29.452228260869564,-0.013173386302727557,0.013173386302727557,1
RandomForest,Adamawa,2022,Mean_Tmin_C,22.06375,-0.027347468020635507,0.027347468020635507,1
RandomForest,Adamawa,2022,Mean_RH_pct,82.83494565217391,0.0275953919280605,0.0275953919280605,1
RandomForest,Adamawa,2022,Mean_Solar_Radiation_MJ_m2_day,18.905054347826084,-0.04862737055593834,0.04862737055593834,1
RandomForest,Adamawa,2022,Rainfall_Anomaly_Z_2000_2019,1.8638971530292263,-0.0006150700658383735,0.0006150700658383735,1
RandomForest,Adamawa,2023,Seasonal_Rainfall_mm,482.38,-0.11725442216980048,0.11725442216980048,1
RandomForest,Adamawa,2023,Seasonal_GDD_C,3532.025,0.1337821651130111,0.1337821651130111,1
RandomForest,Adamawa,2023,Max_CDD_days,15.0,0.012008676102252891,0.012008676102252891,1
RandomForest,Adamawa,2023,Mean_Tmax_C,34.15956521739131,0.03504241533941703,0.03504241533941703,1
RandomForest,Adamawa,2023,Mean_Tmin_C,24.23201086956522,-0.007698062100111796,0.007698062100111796,1
RandomForest,Adamawa,2023,Mean_RH_pct,64.68429347826087,-0.058809619786153296,0.058809619786153296,1
RandomForest,Adamawa,2023,Mean_Solar_Radiation_MJ_m2_day,19.35760869565217,-0.12257140555462283,0.12257140555462283,1
RandomForest,Adamawa,2023,Rainfall_Anomaly_Z_2000_2019,-2.9722877578679507,-0.0073975834019152555,0.0073975834019152555,1
RandomForest,Adamawa,2024,Seasonal_Rainfall_mm,904.24,0.036879213197868625,0.036879213197868625,1
RandomForest,Adamawa,2024,Seasonal_GDD_C,3318.585,0.1382155574334272,0.1382155574334272,1
RandomForest,Adamawa,2024,Max_CDD_days,12.0,0.0055295368512026126,0.0055295368512026126,1
RandomForest,Adamawa,2024,Mean_Tmax_C,32.40342391304348,0.05305682836018926,0.05305682836018926,1
RandomForest,Adamawa,2024,Mean_Tmin_C,23.668152173913047,0.05423587363193196,0.05423587363193196,1
RandomForest,Adamawa,2024,Mean_RH_pct,72.47163043478261,0.01594192043073177,0.01594192043073177,1
RandomForest,Adamawa,2024,Mean_Solar_Radiation_MJ_m2_day,18.33570652173913,0.03459402212758941,0.03459402212758941,1
RandomForest,Adamawa,2024,Rainfall_Anomaly_Z_2000_2019,0.5051163098175504,0.010825033279958826,0.010825033279958826,1
RandomForest,Benue,2020,Seasonal_Rainfall_mm,1077.63,0.045577043345042825,0.045577043345042825,1
RandomForest,Benue,2020,Seasonal_GDD_C,3520.465,0.19635006482686299,0.19635006482686299,1
RandomForest,Benue,2020,Max_CDD_days,8.0,-0.007342964215957684,0.007342964215957684,1
RandomForest,Benue,2020,Mean_Tmax_C,29.90981308411215,-0.0021468769663188832,0.0021468769663188832,1
RandomForest,Benue,2020,Mean_Tmin_C,22.99172897196262,0.056366361213812194,0.056366361213812194,1
RandomForest,Benue,2020,Mean_RH_pct,83.98392523364487,0.01371400325443468,0.01371400325443468,1
RandomForest,Benue,2020,Mean_Solar_Radiation_MJ_m2_day,17.57481308411215,0.036866532631342035,0.036866532631342035,1
RandomForest,Benue,2020,Rainfall_Anomaly_Z_2000_2019,-0.3719784151496503,0.020119777212137088,0.020119777212137088,1
RandomForest,Benue,2021,Seasonal_Rainfall_mm,1066.51,0.06399508245877639,0.06399508245877639,1
RandomForest,Benue,2021,Seasonal_GDD_C,3610.035,0.2631444320793007,0.2631444320793007,1
RandomForest,Benue,2021,Max_CDD_days,11.0,-0.0016886174316232975,0.0016886174316232975,1
RandomForest,Benue,2021,Mean_Tmax_C,30.42990654205608,0.05637155420688381,0.05637155420688381,1
RandomForest,Benue,2021,Mean_Tmin_C,23.308738317757008,0.0807818296127974,0.0807818296127974,1
RandomForest,Benue,2021,Mean_RH_pct,82.51841121495326,0.047321991778422084,0.047321991778422084,1
RandomForest,Benue,2021,Mean_Solar_Radiation_MJ_m2_day,17.50915887850467,0.06710188168794723,0.06710188168794723,1
RandomForest,Benue,2021,Rainfall_Anomaly_Z_2000_2019,-0.4061902580886742,0.027732435537998975,0.027732435537998975,1
RandomForest,Benue,2022,Seasonal_Rainfall_mm,1643.8200000000002,0.005457850304391776,0.005457850304391776,1
RandomForest,Benue,2022,Seasonal_GDD_C,3438.155,0.18392781442409542,0.18392781442409542,1
RandomForest,Benue,2022,Max_CDD_days,11.0,-0.009862784835535258,0.009862784835535258,1
RandomForest,Benue,2022,Mean_Tmax_C,29.182850467289725,-0.03291110087046785,0.03291110087046785,1
RandomForest,Benue,2022,Mean_Tmin_C,22.94943925233645,0.054877440794441665,0.054877440794441665,1
RandomForest,Benue,2022,Mean_RH_pct,86.46691588785046,0.01163383027564579,0.01163383027564579,1
RandomForest,Benue,2022,Mean_Solar_Radiation_MJ_m2_day,16.532897196261683,0.04435381406571354,0.04435381406571354,1
RandomForest,Benue,2022,Rainfall_Anomaly_Z_2000_2019,1.3699643324803616,0.009174798218291603,0.009174798218291603,1
RandomForest,Benue,2023,Seasonal_Rainfall_mm,745.6300000000001,-0.005785256703599349,0.005785256703599349,1
RandomForest,Benue,2023,Seasonal_GDD_C,3727.67,0.26631765423923937,0.26631765423923937,1
RandomForest,Benue,2023,Max_CDD_days,14.0,0.007241501507951475,0.007241501507951475,1
RandomForest,Benue,2023,Mean_Tmax_C,31.002336448598133,0.06169584030126268,0.06169584030126268,1
RandomForest,Benue,2023,Mean_Tmin_C,23.83570093457944,0.03151489752514939,0.03151489752514939,1
RandomForest,Benue,2023,Mean_RH_pct,81.90331775700933,0.04429569709731795,0.04429569709731795,1
RandomForest,Benue,2023,Mean_Solar_Radiation_MJ_m2_day,17.312803738317754,0.07055690923842872,0.07055690923842872,1
RandomForest,Benue,2023,Rainfall_Anomaly_Z_2000_2019,-1.3934111359910004,0.010652682944089135,0.010652682944089135,1
RandomForest,Benue,2024,Seasonal_Rainfall_mm,963.15,0.07348904422566396,0.07348904422566396,1
RandomForest,Benue,2024,Seasonal_GDD_C,3758.71,0.28366577700688944,0.28366577700688944,1
RandomForest,Benue,2024,Max_CDD_days,8.0,0.0037114129287212708,0.0037114129287212708,1
RandomForest,Benue,2024,Mean_Tmax_C,31.120794392523365,0.0659357971873656,0.0659357971873656,1
RandomForest,Benue,2024,Mean_Tmin_C,24.007336448598124,0.04136722909736315,0.04136722909736315,1
RandomForest,Benue,2024,Mean_RH_pct,81.08780373831776,0.04643301874830649,0.04643301874830649,1
RandomForest,Benue,2024,Mean_Solar_Radiation_MJ_m2_day,17.053878504672895,0.06574476454254856,0.06574476454254856,1
RandomForest,Benue,2024,Rainfall_Anomaly_Z_2000_2019,-0.7241881075650654,0.019625232100329747,0.019625232100329747,1
RandomForest,Edo,2020,Seasonal_Rainfall_mm,2079.9,-0.005005038554327623,0.005005038554327623,1
RandomForest,Edo,2020,Seasonal_GDD_C,4389.219999999999,0.10101061891429444,0.10101061891429444,1
RandomForest,Edo,2020,Max_CDD_days,11.0,-0.0109507840377426,0.0109507840377426,1
RandomForest,Edo,2020,Mean_Tmax_C,29.007563636363635,-0.0478725067290563,0.0478725067290563,1
RandomForest,Edo,2020,Mean_Tmin_C,22.914036363636363,0.04500550630281314,0.04500550630281314,1
RandomForest,Edo,2020,Mean_RH_pct,90.15025454545454,0.025429946115083254,0.025429946115083254,1
RandomForest,Edo,2020,Mean_Solar_Radiation_MJ_m2_day,15.870727272727272,0.00044281154709418765,0.00044281154709418765,1
RandomForest,Edo,2020,Rainfall_Anomaly_Z_2000_2019,0.6779554494747,0.015054260759069597,0.015054260759069597,1
RandomForest,Edo,2021,Seasonal_Rainfall_mm,2253.9,-0.005201176425808805,0.005201176425808805,1
RandomForest,Edo,2021,Seasonal_GDD_C,4388.07,0.09421147084256298,0.09421147084256298,1
RandomForest,Edo,2021,Max_CDD_days,11.0,-0.009291378423354285,0.009291378423354285,1
RandomForest,Edo,2021,Mean_Tmax_C,28.71949090909091,-0.035808572012519045,0.035808572012519045,1
RandomForest,Edo,2021,Mean_Tmin_C,23.193745454545454,0.0552289821703509,0.0552289821703509,1
RandomForest,Edo,2021,Mean_RH_pct,91.45414545454544,0.029713105360045174,0.029713105360045174,1
RandomForest,Edo,2021,Mean_Solar_Radiation_MJ_m2_day,16.033018181818182,0.016462993159578564,0.016462993159578564,1
RandomForest,Edo,2021,Rainfall_Anomaly_Z_2000_2019,0.990670086989821,0.02247963134911439,0.02247963134911439,1
RandomForest,Edo,2022,Seasonal_Rainfall_mm,1652.4699999999998,-9.565751051006513e-05,9.565751051006513e-05,1
RandomForest,Edo,2022,Seasonal_GDD_C,4373.27,0.1034593953807016,0.1034593953807016,1
RandomForest,Edo,2022,Max_CDD_days,14.0,-0.0003278774849545638,0.0003278774849545638,1
RandomForest,Edo,2022,Mean_Tmax_C,28.87414545454545,-0.04598083664373455,0.04598083664373455,1
RandomForest,Edo,2022,Mean_Tmin_C,22.931454545454542,0.03965888399151489,0.03965888399151489,1
RandomForest,Edo,2022,Mean_RH_pct,90.15778181818182,0.023405105325214354,0.023405105325214354,1
RandomForest,Edo,2022,Mean_Solar_Radiation_MJ_m2_day,15.479527272727276,-0.010675472371413905,0.010675472371413905,1
RandomForest,Edo,2022,Rainfall_Anomaly_Z_2000_2019,-0.0902262603706349,0.0067529390945761094,0.0067529390945761094,1
RandomForest,Edo,2023,Seasonal_Rainfall_mm,1627.1,0.017751164209472432,0.017751164209472432,1
RandomForest,Edo,2023,Seasonal_GDD_C,4491.344999999999,-0.33665563258895315,0.33665563258895315,1
RandomForest,Edo,2023,Max_CDD_days,5.0,-0.0021117057779060752,0.0021117057779060752,1
RandomForest,Edo,2023,Mean_Tmax_C,29.14454545454545,-0.10273387643631049,0.10273387643631049,1
RandomForest,Edo,2023,Mean_Tmin_C,23.51978181818182,0.04916896798086175,0.04916896798086175,1
RandomForest,Edo,2023,Mean_RH_pct,91.03549090909092,0.03450230079020558,0.03450230079020558,1
RandomForest,Edo,2023,Mean_Solar_Radiation_MJ_m2_day,15.572254545454545,-0.07520590684874265,0.07520590684874265,1
RandomForest,Edo,2023,Rainfall_Anomaly_Z_2000_2019,-0.1358214922887876,0.00330299532959218,0.00330299532959218,1
RandomForest,Edo,2024,Seasonal_Rainfall_mm,1355.78,0.015642617981442685,0.015642617981442685,1
RandomForest,Edo,2024,Seasonal_GDD_C,4583.435,-0.23453025483320264,0.23453025483320264,1
RandomForest,Edo,2024,Max_CDD_days,12.0,-0.005611255206671521,0.005611255206671521,1
RandomForest,Edo,2024,Mean_Tmax_C,29.72083636363637,0.09959828877004075,0.09959828877004075,1
RandomForest,Edo,2024,Mean_Tmin_C,23.613236363636364,0.052291238081185056,0.052291238081185056,1
RandomForest,Edo,2024,Mean_RH_pct,89.4073090909091,0.020391277644476586,0.020391277644476586,1
RandomForest,Edo,2024,Mean_Solar_Radiation_MJ_m2_day,15.766727272727271,-0.06497651462911709,0.06497651462911709,1
RandomForest,Edo,2024,Rainfall_Anomaly_Z_2000_2019,-0.6234406615451246,0.022377090871748658,0.022377090871748658,1
RandomForest,Imo,2020,Seasonal_Rainfall_mm,2503.75,-0.01614799514115309,0.01614799514115309,1
RandomForest,Imo,2020,Seasonal_GDD_C,4503.735000000001,-0.2286317734587848,0.2286317734587848,1
RandomForest,Imo,2020,Max_CDD_days,11.0,-0.007452959356519661,0.007452959356519661,1
RandomForest,Imo,2020,Mean_Tmax_C,29.527381818181816,0.08078583755362759,0.08078583755362759,1
RandomForest,Imo,2020,Mean_Tmin_C,23.227054545454543,0.05190654141466482,0.05190654141466482,1
RandomForest,Imo,2020,Mean_RH_pct,88.37385454545453,-0.015571782067123268,0.015571782067123268,1
RandomForest,Imo,2020,Mean_Solar_Radiation_MJ_m2_day,16.229454545454548,-0.008368202110256998,0.008368202110256998,1
RandomForest,Imo,2020,Rainfall_Anomaly_Z_2000_2019,1.1889697697778427,0.036559742239867674,0.036559742239867674,1
RandomForest,Imo,2021,Seasonal_Rainfall_mm,2524.21,-0.016920127013167093,0.016920127013167093,1
RandomForest,Imo,2021,Seasonal_GDD_C,4493.635,-0.313411750503881,0.313411750503881,1
RandomForest,Imo,2021,Max_CDD_days,10.0,-0.008045522283643068,0.008045522283643068,1
RandomForest,Imo,2021,Mean_Tmax_C,29.31836363636364,-0.06238108764430092,0.06238108764430092,1
RandomForest,Imo,2021,Mean_Tmin_C,23.36261818181818,0.06486091063334468,0.06486091063334468,1
RandomForest,Imo,2021,Mean_RH_pct,89.1672,0.009869085020281632,0.009869085020281632,1
RandomForest,Imo,2021,Mean_Solar_Radiation_MJ_m2_day,15.99338181818182,-0.0782380527202418,0.0782380527202418,1
RandomForest,Imo,2021,Rainfall_Anomaly_Z_2000_2019,1.2247128384451134,0.05243418137665757,0.05243418137665757,1
RandomForest,Imo,2022,Seasonal_Rainfall_mm,1574.03,0.00662726785240843,0.00662726785240843,1
RandomForest,Imo,2022,Seasonal_GDD_C,4493.415,-0.2604605582682862,0.2604605582682862,1
RandomForest,Imo,2022,Max_CDD_days,12.0,-0.007623894651257904,0.007623894651257904,1
RandomForest,Imo,2022,Mean_Tmax_C,29.49570909090909,0.08882867304387868,0.08882867304387868,1
RandomForest,Imo,2022,Mean_Tmin_C,23.18367272727273,0.030627094135872238,0.030627094135872238,1
RandomForest,Imo,2022,Mean_RH_pct,88.05512727272728,-0.02230949978881596,0.02230949978881596,1
RandomForest,Imo,2022,Mean_Solar_Radiation_MJ_m2_day,15.806545454545452,-0.05639642471813774,0.05639642471813774,1
RandomForest,Imo,2022,Rainfall_Anomaly_Z_2000_2019,-0.4352260171886667,0.020432861654772146,0.020432861654772146,1
RandomForest,Imo,2023,Seasonal_Rainfall_mm,1735.31,0.018009452894960032,0.018009452894960032,1
RandomForest,Imo,2023,Seasonal_GDD_C,4579.02,-0.2260303659770381,0.2260303659770381,1
RandomForest,Imo,2023,Max_CDD_days,5.0,-0.0005944807198422841,0.0005944807198422841,1
RandomForest,Imo,2023,Mean_Tmax_C,29.56218181818182,0.10148312019131202,0.10148312019131202,1
RandomForest,Imo,2023,Mean_Tmin_C,23.73978181818182,0.010956611740307333,0.010956611740307333,1
RandomForest,Imo,2023,Mean_RH_pct,89.20345454545453,0.018760537986182414,0.018760537986182414,1
RandomForest,Imo,2023,Mean_Solar_Radiation_MJ_m2_day,15.72330909090909,-0.05918254400685603,0.05918254400685603,1
RandomForest,Imo,2023,Rainfall_Anomaly_Z_2000_2019,-0.1534742031780414,0.029739829490549395,0.029739829490549395,1
RandomForest,Imo,2024,Seasonal_Rainfall_mm,1603.58,0.0231893018096373,0.0231893018096373,1
RandomForest,Imo,2024,Seasonal_GDD_C,4689.094999999999,-0.2960271442548057,0.2960271442548057,1
RandomForest,Imo,2024,Max_CDD_days,21.0,0.015720699298376162,0.015720699298376162,1
RandomForest,Imo,2024,Mean_Tmax_C,30.22494545454545,0.09684638609389991,0.09684638609389991,1
RandomForest,Imo,2024,Mean_Tmin_C,23.87756363636364,-0.01677561587864638,0.01677561587864638,1
RandomForest,Imo,2024,Mean_RH_pct,87.54370909090908,-0.005186686580152857,0.005186686580152857,1
RandomForest,Imo,2024,Mean_Solar_Radiation_MJ_m2_day,15.994727272727271,-0.04958565981948584,0.04958565981948584,1
RandomForest,Imo,2024,Rainfall_Anomaly_Z_2000_2019,-0.383602963468342,0.025706997406868427,0.025706997406868427,1
RandomForest,Kebbi,2020,Seasonal_Rainfall_mm,1098.97,0.04009462050034191,0.04009462050034191,1
RandomForest,Kebbi,2020,Seasonal_GDD_C,3345.455,0.11638869290356717,0.11638869290356717,1
RandomForest,Kebbi,2020,Max_CDD_days,13.0,0.0020148467473428996,0.0020148467473428996,1
RandomForest,Kebbi,2020,Mean_Tmax_C,32.88293478260869,0.03916531491028351,0.03916531491028351,1
RandomForest,Kebbi,2020,Mean_Tmin_C,23.48070652173913,0.07582581560813614,0.07582581560813614,1
RandomForest,Kebbi,2020,Mean_RH_pct,73.88619565217392,0.010207197514968878,0.010207197514968878,1
RandomForest,Kebbi,2020,Mean_Solar_Radiation_MJ_m2_day,20.12972826086957,-0.1251658556293008,0.1251658556293008,1
RandomForest,Kebbi,2020,Rainfall_Anomaly_Z_2000_2019,3.3367355138334545,0.00892855895876548,0.00892855895876548,1
RandomForest,Kebbi,2021,Seasonal_Rainfall_mm,920.31,0.03654577265812701,0.03654577265812701,1
RandomForest,Kebbi,2021,Seasonal_GDD_C,3519.02,0.1943380563756293,0.1943380563756293,1
RandomForest,Kebbi,2021,Max_CDD_days,17.0,0.013756491427094538,0.013756491427094538,1
RandomForest,Kebbi,2021,Mean_Tmax_C,34.18869565217391,0.04408756003185258,0.04408756003185258,1
RandomForest,Kebbi,2021,Mean_Tmin_C,24.06152173913044,-0.003529642125605729,0.003529642125605729,1
RandomForest,Kebbi,2021,Mean_RH_pct,68.49184782608695,-0.0326667071082349,0.0326667071082349,1
RandomForest,Kebbi,2021,Mean_Solar_Radiation_MJ_m2_day,21.076467391304348,0.025120934314162076,0.025120934314162076,1
RandomForest,Kebbi,2021,Rainfall_Anomaly_Z_2000_2019,1.6241463189720584,0.009646139027993663,0.009646139027993663,1
RandomForest,Kebbi,2022,Seasonal_Rainfall_mm,975.8,0.06472356727569147,0.06472356727569147,1
RandomForest,Kebbi,2022,Seasonal_GDD_C,3340.33,0.1440855491503367,0.1440855491503367,1
RandomForest,Kebbi,2022,Max_CDD_days,17.0,0.014192338634426925,0.014192338634426925,1
RandomForest,Kebbi,2022,Mean_Tmax_C,33.03179347826087,0.03946931944103229,0.03946931944103229,1
RandomForest,Kebbi,2022,Mean_Tmin_C,23.276141304347824,0.07755030722780692,0.07755030722780692,1
RandomForest,Kebbi,2022,Mean_RH_pct,72.70076086956522,0.01214157254637288,0.01214157254637288,1
RandomForest,Kebbi,2022,Mean_Solar_Radiation_MJ_m2_day,20.489239130434783,-0.05573242206865578,0.05573242206865578,1
RandomForest,Kebbi,2022,Rainfall_Anomaly_Z_2000_2019,2.1560593068980567,0.001319789310423895,0.001319789310423895,1
RandomForest,Kebbi,2023,Seasonal_Rainfall_mm,720.83,-0.07406165836472754,0.07406165836472754,1
RandomForest,Kebbi,2023,Seasonal_GDD_C,3586.71,0.17972860431936208,0.17972860431936208,1
RandomForest,Kebbi,2023,Max_CDD_days,14.0,0.013501251176761426,0.013501251176761426,1
RandomForest,Kebbi,2023,Mean_Tmax_C,34.64554347826088,0.03557218306133775,0.03557218306133775,1
RandomForest,Kebbi,2023,Mean_Tmin_C,24.340434782608693,-0.018659694915379565,0.018659694915379565,1
RandomForest,Kebbi,2023,Mean_RH_pct,67.71929347826088,-0.045444962231235515,0.045444962231235515,1
RandomForest,Kebbi,2023,Mean_Solar_Radiation_MJ_m2_day,21.040978260869565,0.01626767372921012,0.01626767372921012,1
RandomForest,Kebbi,2023,Rainfall_Anomaly_Z_2000_2019,-0.2880180859924044,0.0036404399084215516,0.0036404399084215516,1
RandomForest,Kebbi,2024,Seasonal_Rainfall_mm,2129.96,0.001203508777980186,0.001203508777980186,1
RandomForest,Kebbi,2024,Seasonal_GDD_C,3373.3050000000003,0.12928152789716976,0.12928152789716976,1
RandomForest,Kebbi,2024,Max_CDD_days,14.0,0.004147456377378433,0.004147456377378433,1
RandomForest,Kebbi,2024,Mean_Tmax_C,32.69858695652174,0.0413202322367291,0.0413202322367291,1
RandomForest,Kebbi,2024,Mean_Tmin_C,23.96777173913044,0.02892228257469662,0.02892228257469662,1
RandomForest,Kebbi,2024,Mean_RH_pct,77.36255434782608,0.010996769778492335,0.010996769778492335,1
RandomForest,Kebbi,2024,Mean_Solar_Radiation_MJ_m2_day,19.6483695652174,-0.1227532206683029,0.1227532206683029,1
RandomForest,Kebbi,2024,Rainfall_Anomaly_Z_2000_2019,13.219542711920042,-0.005592938091110866,0.005592938091110866,1
RandomForest,Niger,2020,Seasonal_Rainfall_mm,1264.06,0.03850779732074888,0.03850779732074888,1
RandomForest,Niger,2020,Seasonal_GDD_C,3610.925,0.25006868859857534,0.25006868859857534,1
RandomForest,Niger,2020,Max_CDD_days,11.0,-0.0021724864368667003,0.0021724864368667003,1
RandomForest,Niger,2020,Mean_Tmax_C,30.65976635514018,0.05208282235120816,0.05208282235120816,1
RandomForest,Niger,2020,Mean_Tmin_C,23.08719626168224,0.05049705172065361,0.05049705172065361,1
RandomForest,Niger,2020,Mean_RH_pct,80.98841121495329,0.042102228258527864,0.042102228258527864,1
RandomForest,Niger,2020,Mean_Solar_Radiation_MJ_m2_day,17.92752336448598,0.06285426011206438,0.06285426011206438,1
RandomForest,Niger,2020,Rainfall_Anomaly_Z_2000_2019,0.463901577301283,0.014548728486592657,0.014548728486592657,1
RandomForest,Niger,2021,Seasonal_Rainfall_mm,1391.2,-0.0006392537938309034,0.0006392537938309034,1
RandomForest,Niger,2021,Seasonal_GDD_C,3739.915,0.22971045651584318,0.22971045651584318,1
RandomForest,Niger,2021,Max_CDD_days,11.0,-0.0041792931239572,0.0041792931239572,1
RandomForest,Niger,2021,Mean_Tmax_C,31.35107476635514,0.050681623893022464,0.050681623893022464,1
RandomForest,Niger,2021,Mean_Tmin_C,23.60140186915888,0.07547276027575231,0.07547276027575231,1
RandomForest,Niger,2021,Mean_RH_pct,77.9722429906542,0.027622660877608618,0.027622660877608618,1
RandomForest,Niger,2021,Mean_Solar_Radiation_MJ_m2_day,18.662196261682244,0.037343584220967264,0.037343584220967264,1
RandomForest,Niger,2021,Rainfall_Anomaly_Z_2000_2019,0.9555445973076616,0.022244449573995996,0.022244449573995996,1
RandomForest,Niger,2022,Seasonal_Rainfall_mm,1145.23,0.04642067089377551,0.04642067089377551,1
RandomForest,Niger,2022,Seasonal_GDD_C,3627.66,0.2642947966902226,0.2642947966902226,1
RandomForest,Niger,2022,Max_CDD_days,16.0,0.026618802508075492,0.026618802508075492,1
RandomForest,Niger,2022,Mean_Tmax_C,30.746028037383176,0.04524686518785857,0.04524686518785857,1
RandomForest,Niger,2022,Mean_Tmin_C,23.15733644859813,0.053309507725814546,0.053309507725814546,1
RandomForest,Niger,2022,Mean_RH_pct,80.00023364485979,0.03908055015792593,0.03908055015792593,1
RandomForest,Niger,2022,Mean_Solar_Radiation_MJ_m2_day,17.411308411214954,0.0716342289643647,0.0716342289643647,1
RandomForest,Niger,2022,Rainfall_Anomaly_Z_2000_2019,0.0043928462382195,0.019184226244024504,0.019184226244024504,1
RandomForest,Niger,2023,Seasonal_Rainfall_mm,915.91,0.055108483051152145,0.055108483051152145,1
RandomForest,Niger,2023,Seasonal_GDD_C,3799.580000000001,0.28525585226406,0.28525585226406,1
RandomForest,Niger,2023,Max_CDD_days,13.0,0.007153894276981013,0.007153894276981013,1
RandomForest,Niger,2023,Mean_Tmax_C,31.54911214953271,0.06517707625203378,0.06517707625203378,1
RandomForest,Niger,2023,Mean_Tmin_C,23.960981308411213,0.03570860955780828,0.03570860955780828,1
RandomForest,Niger,2023,Mean_RH_pct,79.00640186915889,0.04142887662872855,0.04142887662872855,1
RandomForest,Niger,2023,Mean_Solar_Radiation_MJ_m2_day,18.090934579439253,0.06620185587489436,0.06620185587489436,1
RandomForest,Niger,2023,Rainfall_Anomaly_Z_2000_2019,-0.8823743186812605,0.016514996858899306,0.016514996858899306,1
RandomForest,Niger,2024,Seasonal_Rainfall_mm,908.71,0.05394712533986301,0.05394712533986301,1
RandomForest,Niger,2024,Seasonal_GDD_C,3892.51,0.2876813617198174,0.2876813617198174,1
RandomForest,Niger,2024,Max_CDD_days,8.0,0.005236905787693221,0.005236905787693221,1
RandomForest,Niger,2024,Mean_Tmax_C,32.02266355140187,0.06511265025823419,0.06511265025823419,1
RandomForest,Niger,2024,Mean_Tmin_C,24.355934579439253,0.027996350812345767,0.027996350812345767,1
RandomForest,Niger,2024,Mean_RH_pct,77.47570093457945,0.04161902050377351,0.04161902050377351,1
RandomForest,Niger,2024,Mean_Solar_Radiation_MJ_m2_day,17.4807476635514,0.07578456003251235,0.07578456003251235,1
RandomForest,Niger,2024,Rainfall_Anomaly_Z_2000_2019,-0.910216301881244,0.01433299185913933,0.01433299185913933,1
RandomForest,Plateau,2020,Seasonal_Rainfall_mm,3151.5600000000004,0.019508875142103352,0.019508875142103352,1
RandomForest,Plateau,2020,Seasonal_GDD_C,2706.965,0.27171804312925973,0.27171804312925973,1
RandomForest,Plateau,2020,Max_CDD_days,16.0,0.028973933422782032,0.028973933422782032,1
RandomForest,Plateau,2020,Mean_Tmax_C,26.56971962616822,0.027532935370423034,0.027532935370423034,1
RandomForest,Plateau,2020,Mean_Tmin_C,18.729018691588784,0.07104964181087496,0.07104964181087496,1
RandomForest,Plateau,2020,Mean_RH_pct,83.89084112149533,0.018002927419256208,0.018002927419256208,1
RandomForest,Plateau,2020,Mean_Solar_Radiation_MJ_m2_day,17.856962616822432,0.07399200891524027,0.07399200891524027,1
RandomForest,Plateau,2020,Rainfall_Anomaly_Z_2000_2019,7.578824999579921,-0.011886540310699889,0.011886540310699889,1
RandomForest,Plateau,2021,Seasonal_Rainfall_mm,5333.05,0.010480675107635161,0.010480675107635161,1
RandomForest,Plateau,2021,Seasonal_GDD_C,2844.225,0.11504606549137343,0.11504606549137343,1
RandomForest,Plateau,2021,Max_CDD_days,12.0,-0.00037351678631443767,0.00037351678631443767,1
RandomForest,Plateau,2021,Mean_Tmax_C,27.551261682242995,0.026744620427899102,0.026744620427899102,1
RandomForest,Plateau,2021,Mean_Tmin_C,19.03028037383177,0.06972804673362507,0.06972804673362507,1
RandomForest,Plateau,2021,Mean_RH_pct,80.33130841121496,0.010420616474726674,0.010420616474726674,1
RandomForest,Plateau,2021,Mean_Solar_Radiation_MJ_m2_day,18.323598130841127,0.0629045643057737,0.0629045643057737,1
RandomForest,Plateau,2021,Rainfall_Anomaly_Z_2000_2019,15.012756673567567,-0.011502500823734193,0.011502500823734193,1
RandomForest,Plateau,2022,Seasonal_Rainfall_mm,4683.82,0.01788782442682225,0.01788782442682225,1
RandomForest,Plateau,2022,Seasonal_GDD_C,2689.665,0.273397763116411,0.273397763116411,1
RandomForest,Plateau,2022,Max_CDD_days,11.0,-0.007450315745854006,0.007450315745854006,1
RandomForest,Plateau,2022,Mean_Tmax_C,26.530373831775705,0.029753311014814873,0.029753311014814873,1
RandomForest,Plateau,2022,Mean_Tmin_C,18.60668224299065,0.07476016091103502,0.07476016091103502,1
RandomForest,Plateau,2022,Mean_RH_pct,83.61780373831775,0.015463426264518588,0.015463426264518588,1
RandomForest,Plateau,2022,Mean_Solar_Radiation_MJ_m2_day,17.29607476635514,0.05964194109972086,0.05964194109972086,1
RandomForest,Plateau,2022,Rainfall_Anomaly_Z_2000_2019,12.800355305372891,-0.011731485322428068,0.011731485322428068,1
RandomForest,Plateau,2023,Seasonal_Rainfall_mm,1689.76,0.012802367382236354,0.012802367382236354,1
RandomForest,Plateau,2023,Seasonal_GDD_C,3006.79,0.08602050859254949,0.08602050859254949,1
RandomForest,Plateau,2023,Max_CDD_days,14.0,-0.001712049621412818,0.001712049621412818,1
RandomForest,Plateau,2023,Mean_Tmax_C,28.73845794392524,-0.0005724885706766866,0.0005724885706766866,1
RandomForest,Plateau,2023,Mean_Tmin_C,19.36238317757009,0.07194756415704584,0.07194756415704584,1
RandomForest,Plateau,2023,Mean_RH_pct,77.13406542056074,0.010980536585652446,0.010980536585652446,1
RandomForest,Plateau,2023,Mean_Solar_Radiation_MJ_m2_day,18.04565420560748,0.053746033521730796,0.053746033521730796,1
RandomForest,Plateau,2023,Rainfall_Anomaly_Z_2000_2019,2.597403438612348,0.006172600807861183,0.006172600807861183,1
RandomForest,Plateau,2024,Seasonal_Rainfall_mm,1375.73,0.011048394486534746,0.011048394486534746,1
RandomForest,Plateau,2024,Seasonal_GDD_C,3065.7900000000004,0.08386275289707804,0.08386275289707804,1
RandomForest,Plateau,2024,Max_CDD_days,9.0,-0.000652441428895293,0.000652441428895293,1
RandomForest,Plateau,2024,Mean_Tmax_C,28.977289719626164,-0.013792691519173686,0.013792691519173686,1
RandomForest,Plateau,2024,Mean_Tmin_C,19.67495327102804,0.06892570200760233,0.06892570200760233,1
RandomForest,Plateau,2024,Mean_RH_pct,77.79901869158877,0.01924834649454367,0.01924834649454367,1
RandomForest,Plateau,2024,Mean_Solar_Radiation_MJ_m2_day,16.974906542056075,0.04485244713699133,0.04485244713699133,1
RandomForest,Plateau,2024,Rainfall_Anomaly_Z_2000_2019,1.5272735899390373,0.005233187895930476,0.005233187895930476,1
RandomForest,Zamfara,2020,Seasonal_Rainfall_mm,1053.36,0.028836138760583746,0.028836138760583746,1
RandomForest,Zamfara,2020,Seasonal_GDD_C,3014.24,-0.02595805939924174,0.02595805939924174,1
RandomForest,Zamfara,2020,Max_CDD_days,14.0,0.00021639202910734488,0.00021639202910734488,1
RandomForest,Zamfara,2020,Mean_Tmax_C,31.15152173913044,0.002961974676651522,0.002961974676651522,1
RandomForest,Zamfara,2020,Mean_Tmin_C,21.61195652173913,-0.0031471022207522374,0.0031471022207522374,1
RandomForest,Zamfara,2020,Mean_RH_pct,74.64907608695653,-0.000917134930413612,0.000917134930413612,1
RandomForest,Zamfara,2020,Mean_Solar_Radiation_MJ_m2_day,20.28994565217392,-0.06792504972628066,0.06792504972628066,1
RandomForest,Zamfara,2020,Rainfall_Anomaly_Z_2000_2019,2.1693869852294045,-0.0039439575190390735,0.0039439575190390735,1
RandomForest,Zamfara,2021,Seasonal_Rainfall_mm,1541.42,-0.0015199155507611333,0.0015199155507611333,1
RandomForest,Zamfara,2021,Seasonal_GDD_C,3079.6249999999995,0.007082359708466712,0.007082359708466712,1
RandomForest,Zamfara,2021,Max_CDD_days,14.0,-0.001721456913503098,0.001721456913503098,1
RandomForest,Zamfara,2021,Mean_Tmax_C,31.58733695652174,0.0042543063409606115,0.0042543063409606115,1
RandomForest,Zamfara,2021,Mean_Tmin_C,21.88684782608696,-0.019127616170633376,0.019127616170633376,1
RandomForest,Zamfara,2021,Mean_RH_pct,73.01260869565218,0.008268797745620617,0.008268797745620617,1
RandomForest,Zamfara,2021,Mean_Solar_Radiation_MJ_m2_day,21.36407608695652,0.025974027015533335,0.025974027015533335,1
RandomForest,Zamfara,2021,Rainfall_Anomaly_Z_2000_2019,5.2619891598573565,0.006620692520424732,0.006620692520424732,1
RandomForest,Zamfara,2022,Seasonal_Rainfall_mm,1023.2999999999998,0.026732611855933983,0.026732611855933983,1
RandomForest,Zamfara,2022,Seasonal_GDD_C,2937.645,-0.0286066522413571,0.0286066522413571,1
RandomForest,Zamfara,2022,Max_CDD_days,18.0,0.011639127400600743,0.011639127400600743,1
RandomForest,Zamfara,2022,Mean_Tmax_C,30.60016304347826,0.0004118195403757081,0.0004118195403757081,1
RandomForest,Zamfara,2022,Mean_Tmin_C,21.330760869565218,0.036933889337096876,0.036933889337096876,1
RandomForest,Zamfara,2022,Mean_RH_pct,75.94385869565217,0.003401300205794902,0.003401300205794902,1
RandomForest,Zamfara,2022,Mean_Solar_Radiation_MJ_m2_day,20.194130434782608,-0.14566603967467415,0.14566603967467415,1
RandomForest,Zamfara,2022,Rainfall_Anomaly_Z_2000_2019,1.9789111802682988,-0.009917292537593145,0.009917292537593145,1
RandomForest,Zamfara,2023,Seasonal_Rainfall_mm,510.0,-0.11157348000259353,0.11157348000259353,1
RandomForest,Zamfara,2023,Seasonal_GDD_C,3380.49,0.12005203596665992,0.12005203596665992,1
RandomForest,Zamfara,2023,Max_CDD_days,29.0,-0.007977239032295446,0.007977239032295446,1
RandomForest,Zamfara,2023,Mean_Tmax_C,33.959184782608695,0.03371361037491401,0.03371361037491401,1
RandomForest,Zamfara,2023,Mean_Tmin_C,22.78527173913044,0.0163162004286111,0.0163162004286111,1
RandomForest,Zamfara,2023,Mean_RH_pct,63.992119565217386,-0.045080334806562976,0.045080334806562976,1
RandomForest,Zamfara,2023,Mean_Solar_Radiation_MJ_m2_day,21.07929347826087,0.02647408247585017,0.02647408247585017,1
RandomForest,Zamfara,2023,Rainfall_Anomaly_Z_2000_2019,-1.2736247707142192,-0.0029348803421741115,0.0029348803421741115,1
RandomForest,Zamfara,2024,Seasonal_Rainfall_mm,694.8700000000001,-0.07026610904026746,0.07026610904026746,1
RandomForest,Zamfara,2024,Seasonal_GDD_C,3260.635,0.08125059678628847,0.08125059678628847,1
RandomForest,Zamfara,2024,Max_CDD_days,17.0,0.008802464935119504,0.008802464935119504,1
RandomForest,Zamfara,2024,Mean_Tmax_C,32.69663043478261,0.029808827030864214,0.029808827030864214,1
RandomForest,Zamfara,2024,Mean_Tmin_C,22.745054347826088,-0.0024852290587506843,0.0024852290587506843,1
RandomForest,Zamfara,2024,Mean_RH_pct,70.14929347826086,0.014417506769948067,0.014417506769948067,1
RandomForest,Zamfara,2024,Mean_Solar_Radiation_MJ_m2_day,19.637336956521736,-0.1473248380684597,0.1473248380684597,1
RandomForest,Zamfara,2024,Rainfall_Anomaly_Z_2000_2019,-0.1021922336829729,-0.0023921002312099985,0.0023921002312099985,1
LightGBM,Adamawa,2020,Seasonal_Rainfall_mm,840.9300000000001,0.05187326134931581,0.05187326134931581,1
LightGBM,Adamawa,2020,Seasonal_GDD_C,3048.325,-0.09698961732528348,0.09698961732528348,1
LightGBM,Adamawa,2020,Max_CDD_days,7.0,0.0026523035461261685,0.0026523035461261685,1
LightGBM,Adamawa,2020,Mean_Tmax_C,30.770217391304342,0.023732954901243955,0.023732954901243955,1
LightGBM,Adamawa,2020,Mean_Tmin_C,22.363750000000003,-0.0936546601390343,0.0936546601390343,1
LightGBM,Adamawa,2020,Mean_RH_pct,77.9875,-0.0005172992153222298,0.0005172992153222298,1
LightGBM,Adamawa,2020,Mean_Solar_Radiation_MJ_m2_day,19.307717391304347,-0.14155856053375773,0.14155856053375773,1
LightGBM,Adamawa,2020,Rainfall_Anomaly_Z_2000_2019,-0.0167498342235269,0.012391816028014232,0.012391816028014232,1
LightGBM,Adamawa,2021,Seasonal_Rainfall_mm,885.8799999999999,0.046475654559200226,0.046475654559200226,1
LightGBM,Adamawa,2021,Seasonal_GDD_C,3097.5200000000004,-0.112993581031141,0.112993581031141,1
LightGBM,Adamawa,2021,Max_CDD_days,5.0,-0.001192723430941944,0.001192723430941944,1
LightGBM,Adamawa,2021,Mean_Tmax_C,30.935597826086955,0.026980869709095905,0.026980869709095905,1
LightGBM,Adamawa,2021,Mean_Tmin_C,22.733097826086954,-0.035031561344448285,0.035031561344448285,1
LightGBM,Adamawa,2021,Mean_RH_pct,77.65951086956522,-0.0030205594952051377,0.0030205594952051377,1
LightGBM,Adamawa,2021,Mean_Solar_Radiation_MJ_m2_day,19.328750000000003,-0.150656846888686,0.150656846888686,1
LightGBM,Adamawa,2021,Rainfall_Anomaly_Z_2000_2019,0.3537743037427714,-0.0024229129091171125,0.0024229129091171125,1
LightGBM,Adamawa,2022,Seasonal_Rainfall_mm,1069.08,0.020570739692728494,0.020570739692728494,1
LightGBM,Adamawa,2022,Seasonal_GDD_C,2899.4700000000003,-0.02585431432786907,0.02585431432786907,1
LightGBM,Adamawa,2022,Max_CDD_days,11.0,-0.018766304566255648,0.018766304566255648,1
LightGBM,Adamawa,2022,Mean_Tmax_C,29.452228260869564,-0.04596737041074963,0.04596737041074963,1
LightGBM,Adamawa,2022,Mean_Tmin_C,22.06375,0.03313476194243302,0.03313476194243302,1
LightGBM,Adamawa,2022,Mean_RH_pct,82.83494565217391,0.019229645655569883,0.019229645655569883,1
LightGBM,Adamawa,2022,Mean_Solar_Radiation_MJ_m2_day,18.905054347826084,-0.1198305653529064,0.1198305653529064,1
LightGBM,Adamawa,2022,Rainfall_Anomaly_Z_2000_2019,1.8638971530292263,-0.025817194204462223,0.025817194204462223,1
LightGBM,Adamawa,2023,Seasonal_Rainfall_mm,482.38,0.001081414110999968,0.001081414110999968,1
LightGBM,Adamawa,2023,Seasonal_GDD_C,3532.025,0.12906221268141677,0.12906221268141677,1
LightGBM,Adamawa,2023,Max_CDD_days,15.0,0.019890407927048572,0.019890407927048572,1
LightGBM,Adamawa,2023,Mean_Tmax_C,34.15956521739131,0.01990703589307976,0.01990703589307976,1
LightGBM,Adamawa,2023,Mean_Tmin_C,24.23201086956522,-0.11460999434670999,0.11460999434670999,1
LightGBM,Adamawa,2023,Mean_RH_pct,64.68429347826087,-0.10505333409008724,0.10505333409008724,1
LightGBM,Adamawa,2023,Mean_Solar_Radiation_MJ_m2_day,19.35760869565217,-0.19517767638711456,0.19517767638711456,1
LightGBM,Adamawa,2023,Rainfall_Anomaly_Z_2000_2019,-2.9722877578679507,-0.021971290373073347,0.021971290373073347,1
LightGBM,Adamawa,2024,Seasonal_Rainfall_mm,904.24,0.03685790643048676,0.03685790643048676,1
LightGBM,Adamawa,2024,Seasonal_GDD_C,3318.585,0.07221221205764404,0.07221221205764404,1
LightGBM,Adamawa,2024,Max_CDD_days,12.0,0.001630646545698905,0.001630646545698905,1
LightGBM,Adamawa,2024,Mean_Tmax_C,32.40342391304348,0.06883860155870473,0.06883860155870473,1
LightGBM,Adamawa,2024,Mean_Tmin_C,23.668152173913047,0.01753134641770087,0.01753134641770087,1
LightGBM,Adamawa,2024,Mean_RH_pct,72.47163043478261,0.05153698032456462,0.05153698032456462,1
LightGBM,Adamawa,2024,Mean_Solar_Radiation_MJ_m2_day,18.33570652173913,0.08892900598708055,0.08892900598708055,1
LightGBM,Adamawa,2024,Rainfall_Anomaly_Z_2000_2019,0.5051163098175504,-0.013203061009300996,0.013203061009300996,1
LightGBM,Benue,2020,Seasonal_Rainfall_mm,1077.63,0.04295970560038342,0.04295970560038342,1
LightGBM,Benue,2020,Seasonal_GDD_C,3520.465,0.19752195167681905,0.19752195167681905,1
LightGBM,Benue,2020,Max_CDD_days,8.0,-0.0021627177652765416,0.0021627177652765416,1
LightGBM,Benue,2020,Mean_Tmax_C,29.90981308411215,-0.018763572266617536,0.018763572266617536,1
LightGBM,Benue,2020,Mean_Tmin_C,22.99172897196262,0.06593919406779382,0.06593919406779382,1
LightGBM,Benue,2020,Mean_RH_pct,83.98392523364487,0.002722512743299874,0.002722512743299874,1
LightGBM,Benue,2020,Mean_Solar_Radiation_MJ_m2_day,17.57481308411215,0.051154411111913455,0.051154411111913455,1
LightGBM,Benue,2020,Rainfall_Anomaly_Z_2000_2019,-0.3719784151496503,-0.011470107401882965,0.011470107401882965,1
LightGBM,Benue,2021,Seasonal_Rainfall_mm,1066.51,0.05167371240587599,0.05167371240587599,1
LightGBM,Benue,2021,Seasonal_GDD_C,3610.035,0.2618892096524926,0.2618892096524926,1
LightGBM,Benue,2021,Max_CDD_days,11.0,-0.004727459944453525,0.004727459944453525,1
LightGBM,Benue,2021,Mean_Tmax_C,30.42990654205608,0.08922945652940027,0.08922945652940027,1
LightGBM,Benue,2021,Mean_Tmin_C,23.308738317757008,0.11194186673517836,0.11194186673517836,1
LightGBM,Benue,2021,Mean_RH_pct,82.51841121495326,0.04298319938308153,0.04298319938308153,1
LightGBM,Benue,2021,Mean_Solar_Radiation_MJ_m2_day,17.50915887850467,0.09013923184173737,0.09013923184173737,1
LightGBM,Benue,2021,Rainfall_Anomaly_Z_2000_2019,-0.4061902580886742,0.007042881360179452,0.007042881360179452,1
LightGBM,Benue,2022,Seasonal_Rainfall_mm,1643.8200000000002,-0.01801583009529308,0.01801583009529308,1
LightGBM,Benue,2022,Seasonal_GDD_C,3438.155,0.2212365532013616,0.2212365532013616,1
LightGBM,Benue,2022,Max_CDD_days,11.0,-0.02811108508739689,0.02811108508739689,1
LightGBM,Benue,2022,Mean_Tmax_C,29.182850467289725,-0.019819991664560624,0.019819991664560624,1
LightGBM,Benue,2022,Mean_Tmin_C,22.94943925233645,0.0600248489533366,0.0600248489533366,1
LightGBM,Benue,2022,Mean_RH_pct,86.46691588785046,0.03543777918246754,0.03543777918246754,1
LightGBM,Benue,2022,Mean_Solar_Radiation_MJ_m2_day,16.532897196261683,0.06735176858769114,0.06735176858769114,1
LightGBM,Benue,2022,Rainfall_Anomaly_Z_2000_2019,1.3699643324803616,0.007380155975897022,0.007380155975897022,1
LightGBM,Benue,2023,Seasonal_Rainfall_mm,745.6300000000001,0.07078316019671035,0.07078316019671035,1
LightGBM,Benue,2023,Seasonal_GDD_C,3727.67,0.30883357586353866,0.30883357586353866,1
LightGBM,Benue,2023,Max_CDD_days,14.0,0.006343183886975889,0.006343183886975889,1
LightGBM,Benue,2023,Mean_Tmax_C,31.002336448598133,0.09947704300680184,0.09947704300680184,1
LightGBM,Benue,2023,Mean_Tmin_C,23.83570093457944,-0.0232395461780979,0.0232395461780979,1
LightGBM,Benue,2023,Mean_RH_pct,81.90331775700933,0.0634744619154953,0.0634744619154953,1
LightGBM,Benue,2023,Mean_Solar_Radiation_MJ_m2_day,17.312803738317754,0.07834496706492115,0.07834496706492115,1
LightGBM,Benue,2023,Rainfall_Anomaly_Z_2000_2019,-1.3934111359910004,-0.0004603287990283434,0.0004603287990283434,1
LightGBM,Benue,2024,Seasonal_Rainfall_mm,963.15,0.0716732571688788,0.0716732571688788,1
LightGBM,Benue,2024,Seasonal_GDD_C,3758.71,0.2957202931371482,0.2957202931371482,1
LightGBM,Benue,2024,Max_CDD_days,8.0,0.008986596617987314,0.008986596617987314,1
LightGBM,Benue,2024,Mean_Tmax_C,31.120794392523365,0.10589220183268808,0.10589220183268808,1
LightGBM,Benue,2024,Mean_Tmin_C,24.007336448598124,-0.01466625681197988,0.01466625681197988,1
LightGBM,Benue,2024,Mean_RH_pct,81.08780373831776,0.06163929820705166,0.06163929820705166,1
LightGBM,Benue,2024,Mean_Solar_Radiation_MJ_m2_day,17.053878504672895,0.06824695128873937,0.06824695128873937,1
LightGBM,Benue,2024,Rainfall_Anomaly_Z_2000_2019,-0.7241881075650654,0.0018664188605684647,0.0018664188605684647,1
LightGBM,Edo,2020,Seasonal_Rainfall_mm,2079.9,-0.0017314475045511312,0.0017314475045511312,1
LightGBM,Edo,2020,Seasonal_GDD_C,4389.219999999999,0.07157085530858567,0.07157085530858567,1
LightGBM,Edo,2020,Max_CDD_days,11.0,-0.01769667113430305,0.01769667113430305,1
LightGBM,Edo,2020,Mean_Tmax_C,29.007563636363635,-0.048134917304969806,0.048134917304969806,1
LightGBM,Edo,2020,Mean_Tmin_C,22.914036363636363,0.05226066486233896,0.05226066486233896,1
LightGBM,Edo,2020,Mean_RH_pct,90.15025454545454,0.03751101457521953,0.03751101457521953,1
LightGBM,Edo,2020,Mean_Solar_Radiation_MJ_m2_day,15.870727272727272,-0.03891096549676647,0.03891096549676647,1
LightGBM,Edo,2020,Rainfall_Anomaly_Z_2000_2019,0.6779554494747,0.016970688271246422,0.016970688271246422,1
LightGBM,Edo,2021,Seasonal_Rainfall_mm,2253.9,0.00031987213247713166,0.00031987213247713166,1
LightGBM,Edo,2021,Seasonal_GDD_C,4388.07,0.04638185673445666,0.04638185673445666,1
LightGBM,Edo,2021,Max_CDD_days,11.0,-0.01779329187899566,0.01779329187899566,1
LightGBM,Edo,2021,Mean_Tmax_C,28.71949090909091,-0.0313439324541034,0.0313439324541034,1
LightGBM,Edo,2021,Mean_Tmin_C,23.193745454545454,0.09362307176078592,0.09362307176078592,1
LightGBM,Edo,2021,Mean_RH_pct,91.45414545454544,0.04701335635574605,0.04701335635574605,1
LightGBM,Edo,2021,Mean_Solar_Radiation_MJ_m2_day,16.033018181818182,-0.012417609501557767,0.012417609501557767,1
LightGBM,Edo,2021,Rainfall_Anomaly_Z_2000_2019,0.990670086989821,0.046490428553349,0.046490428553349,1
LightGBM,Edo,2022,Seasonal_Rainfall_mm,1652.4699999999998,-0.009104063954477751,0.009104063954477751,1
LightGBM,Edo,2022,Seasonal_GDD_C,4373.27,0.07443910247975,0.07443910247975,1
LightGBM,Edo,2022,Max_CDD_days,14.0,-0.012792412908548555,0.012792412908548555,1
LightGBM,Edo,2022,Mean_Tmax_C,28.87414545454545,-0.05605502257051756,0.05605502257051756,1
LightGBM,Edo,2022,Mean_Tmin_C,22.931454545454542,0.04280047349874199,0.04280047349874199,1
LightGBM,Edo,2022,Mean_RH_pct,90.15778181818182,0.031102324772587692,0.031102324772587692,1
LightGBM,Edo,2022,Mean_Solar_Radiation_MJ_m2_day,15.479527272727276,-0.037384873662545955,0.037384873662545955,1
LightGBM,Edo,2022,Rainfall_Anomaly_Z_2000_2019,-0.0902262603706349,-0.016607876773309247,0.016607876773309247,1
LightGBM,Edo,2023,Seasonal_Rainfall_mm,1627.1,-0.0024002191738712107,0.0024002191738712107,1
LightGBM,Edo,2023,Seasonal_GDD_C,4491.344999999999,-0.29708272060071966,0.29708272060071966,1
LightGBM,Edo,2023,Max_CDD_days,5.0,-0.007116953497221819,0.007116953497221819,1
LightGBM,Edo,2023,Mean_Tmax_C,29.14454545454545,-0.11738354802161421,0.11738354802161421,1
LightGBM,Edo,2023,Mean_Tmin_C,23.51978181818182,0.0756681982240527,0.0756681982240527,1
LightGBM,Edo,2023,Mean_RH_pct,91.03549090909092,0.038961355483243296,0.038961355483243296,1
LightGBM,Edo,2023,Mean_Solar_Radiation_MJ_m2_day,15.572254545454545,-0.08764012142875154,0.08764012142875154,1
LightGBM,Edo,2023,Rainfall_Anomaly_Z_2000_2019,-0.1358214922887876,-0.047229184574771606,0.047229184574771606,1
LightGBM,Edo,2024,Seasonal_Rainfall_mm,1355.78,0.00026438912673619995,0.00026438912673619995,1
LightGBM,Edo,2024,Seasonal_GDD_C,4583.435,-0.16478247625773845,0.16478247625773845,1
LightGBM,Edo,2024,Max_CDD_days,12.0,-0.011018839293652955,0.011018839293652955,1
LightGBM,Edo,2024,Mean_Tmax_C,29.72083636363637,0.1365600641637148,0.1365600641637148,1
LightGBM,Edo,2024,Mean_Tmin_C,23.613236363636364,0.050606753619818895,0.050606753619818895,1
LightGBM,Edo,2024,Mean_RH_pct,89.4073090909091,0.01632460000766196,0.01632460000766196,1
LightGBM,Edo,2024,Mean_Solar_Radiation_MJ_m2_day,15.766727272727271,-0.10230069597446058,0.10230069597446058,1
LightGBM,Edo,2024,Rainfall_Anomaly_Z_2000_2019,-0.6234406615451246,0.014994865027301761,0.014994865027301761,1
LightGBM,Imo,2020,Seasonal_Rainfall_mm,2503.75,-0.08111812869771073,0.08111812869771073,1
LightGBM,Imo,2020,Seasonal_GDD_C,4503.735000000001,-0.15267221039862308,0.15267221039862308,1
LightGBM,Imo,2020,Max_CDD_days,11.0,-0.01770355319562907,0.01770355319562907,1
LightGBM,Imo,2020,Mean_Tmax_C,29.527381818181816,0.08926776288788507,0.08926776288788507,1
LightGBM,Imo,2020,Mean_Tmin_C,23.227054545454543,0.07926878429939097,0.07926878429939097,1
LightGBM,Imo,2020,Mean_RH_pct,88.37385454545453,-0.021479920807177172,0.021479920807177172,1
LightGBM,Imo,2020,Mean_Solar_Radiation_MJ_m2_day,16.229454545454548,-0.030570178196074025,0.030570178196074025,1
LightGBM,Imo,2020,Rainfall_Anomaly_Z_2000_2019,1.1889697697778427,0.06663914241349167,0.06663914241349167,1
LightGBM,Imo,2021,Seasonal_Rainfall_mm,2524.21,-0.07545072412927632,0.07545072412927632,1
LightGBM,Imo,2021,Seasonal_GDD_C,4493.635,-0.2641885480380044,0.2641885480380044,1
LightGBM,Imo,2021,Max_CDD_days,10.0,-0.01708667590030195,0.01708667590030195,1
LightGBM,Imo,2021,Mean_Tmax_C,29.31836363636364,-0.10632116275833893,0.10632116275833893,1
LightGBM,Imo,2021,Mean_Tmin_C,23.36261818181818,0.08624630178305638,0.08624630178305638,1
LightGBM,Imo,2021,Mean_RH_pct,89.1672,-0.0018008536915150052,0.0018008536915150052,1
LightGBM,Imo,2021,Mean_Solar_Radiation_MJ_m2_day,15.99338181818182,-0.11572615232139366,0.11572615232139366,1
LightGBM,Imo,2021,Rainfall_Anomaly_Z_2000_2019,1.2247128384451134,0.09491676480856759,0.09491676480856759,1
LightGBM,Imo,2022,Seasonal_Rainfall_mm,1574.03,-0.0027553497590041345,0.0027553497590041345,1
LightGBM,Imo,2022,Seasonal_GDD_C,4493.415,-0.179491322117991,0.179491322117991,1
LightGBM,Imo,2022,Max_CDD_days,12.0,-0.021534887474359967,0.021534887474359967,1
LightGBM,Imo,2022,Mean_Tmax_C,29.49570909090909,0.1181256462753999,0.1181256462753999,1
LightGBM,Imo,2022,Mean_Tmin_C,23.18367272727273,0.04784322974410612,0.04784322974410612,1
LightGBM,Imo,2022,Mean_RH_pct,88.05512727272728,7.825004421931531e-05,7.825004421931531e-05,1
LightGBM,Imo,2022,Mean_Solar_Radiation_MJ_m2_day,15.806545454545452,-0.07115783463899451,0.07115783463899451,1
LightGBM,Imo,2022,Rainfall_Anomaly_Z_2000_2019,-0.4352260171886667,0.012188346116209054,0.012188346116209054,1
LightGBM,Imo,2023,Seasonal_Rainfall_mm,1735.31,-0.0038756451476792634,0.0038756451476792634,1
LightGBM,Imo,2023,Seasonal_GDD_C,4579.02,-0.1645538825264959,0.1645538825264959,1
LightGBM,Imo,2023,Max_CDD_days,5.0,-0.002122207837643999,0.002122207837643999,1
LightGBM,Imo,2023,Mean_Tmax_C,29.56218181818182,0.1444087597209687,0.1444087597209687,1
LightGBM,Imo,2023,Mean_Tmin_C,23.73978181818182,-0.016511827379947507,0.016511827379947507,1
LightGBM,Imo,2023,Mean_RH_pct,89.20345454545453,0.018509549833336664,0.018509549833336664,1
LightGBM,Imo,2023,Mean_Solar_Radiation_MJ_m2_day,15.72330909090909,-0.11397923565870594,0.11397923565870594,1
LightGBM,Imo,2023,Rainfall_Anomaly_Z_2000_2019,-0.1534742031780414,0.014799222096804902,0.014799222096804902,1
LightGBM,Imo,2024,Seasonal_Rainfall_mm,1603.58,0.020567818199075973,0.020567818199075973,1
LightGBM,Imo,2024,Seasonal_GDD_C,4689.094999999999,-0.26880281492832064,0.26880281492832064,1
LightGBM,Imo,2024,Max_CDD_days,21.0,0.03174244893653685,0.03174244893653685,1
LightGBM,Imo,2024,Mean_Tmax_C,30.22494545454545,0.09094543318703667,0.09094543318703667,1
LightGBM,Imo,2024,Mean_Tmin_C,23.87756363636364,-0.04417747942732999,0.04417747942732999,1
LightGBM,Imo,2024,Mean_RH_pct,87.54370909090908,0.006901645368305136,0.006901645368305136,1
LightGBM,Imo,2024,Mean_Solar_Radiation_MJ_m2_day,15.994727272727271,-0.10259390828836652,0.10259390828836652,1
LightGBM,Imo,2024,Rainfall_Anomaly_Z_2000_2019,-0.383602963468342,0.017255288932730907,0.017255288932730907,1
LightGBM,Kebbi,2020,Seasonal_Rainfall_mm,1098.97,0.039491246105170935,0.039491246105170935,1
LightGBM,Kebbi,2020,Seasonal_GDD_C,3345.455,0.03178362440396365,0.03178362440396365,1
LightGBM,Kebbi,2020,Max_CDD_days,13.0,-0.003366103203524515,0.003366103203524515,1
LightGBM,Kebbi,2020,Mean_Tmax_C,32.88293478260869,0.02196844599713411,0.02196844599713411,1
LightGBM,Kebbi,2020,Mean_Tmin_C,23.48070652173913,0.09476019479940764,0.09476019479940764,1
LightGBM,Kebbi,2020,Mean_RH_pct,73.88619565217392,-0.0024402746923551906,0.0024402746923551906,1
LightGBM,Kebbi,2020,Mean_Solar_Radiation_MJ_m2_day,20.12972826086957,-0.16843869715330384,0.16843869715330384,1
LightGBM,Kebbi,2020,Rainfall_Anomaly_Z_2000_2019,3.3367355138334545,0.04381663772433095,0.04381663772433095,1
LightGBM,Kebbi,2021,Seasonal_Rainfall_mm,920.31,0.014935269396424929,0.014935269396424929,1
LightGBM,Kebbi,2021,Seasonal_GDD_C,3519.02,0.12260350119371613,0.12260350119371613,1
LightGBM,Kebbi,2021,Max_CDD_days,17.0,-0.03126858783181203,0.03126858783181203,1
LightGBM,Kebbi,2021,Mean_Tmax_C,34.18869565217391,0.025032110424792097,0.025032110424792097,1
LightGBM,Kebbi,2021,Mean_Tmin_C,24.06152173913044,-0.10633656731268384,0.10633656731268384,1
LightGBM,Kebbi,2021,Mean_RH_pct,68.49184782608695,-0.08526178764339704,0.08526178764339704,1
LightGBM,Kebbi,2021,Mean_Solar_Radiation_MJ_m2_day,21.076467391304348,0.06529988623346722,0.06529988623346722,1
LightGBM,Kebbi,2021,Rainfall_Anomaly_Z_2000_2019,1.6241463189720584,0.002837369018609426,0.002837369018609426,1
LightGBM,Kebbi,2022,Seasonal_Rainfall_mm,975.8,0.07152116580606716,0.07152116580606716,1
LightGBM,Kebbi,2022,Seasonal_GDD_C,3340.33,0.05947205679335577,0.05947205679335577,1
LightGBM,Kebbi,2022,Max_CDD_days,17.0,-0.01141188557723899,0.01141188557723899,1
LightGBM,Kebbi,2022,Mean_Tmax_C,33.03179347826087,0.019402309112226516,0.019402309112226516,1
LightGBM,Kebbi,2022,Mean_Tmin_C,23.276141304347824,0.07406530862353619,0.07406530862353619,1
LightGBM,Kebbi,2022,Mean_RH_pct,72.70076086956522,0.03503389361963535,0.03503389361963535,1
LightGBM,Kebbi,2022,Mean_Solar_Radiation_MJ_m2_day,20.489239130434783,-0.031464770301518744,0.031464770301518744,1
LightGBM,Kebbi,2022,Rainfall_Anomaly_Z_2000_2019,2.1560593068980567,0.014831850609678716,0.014831850609678716,1
LightGBM,Kebbi,2023,Seasonal_Rainfall_mm,720.83,0.004848805321131571,0.004848805321131571,1
LightGBM,Kebbi,2023,Seasonal_GDD_C,3586.71,0.13822475419316899,0.13822475419316899,1
LightGBM,Kebbi,2023,Max_CDD_days,14.0,0.02881749845863312,0.02881749845863312,1
LightGBM,Kebbi,2023,Mean_Tmax_C,34.64554347826088,0.039989428385842296,0.039989428385842296,1
LightGBM,Kebbi,2023,Mean_Tmin_C,24.340434782608693,-0.11765679270285759,0.11765679270285759,1
LightGBM,Kebbi,2023,Mean_RH_pct,67.71929347826088,-0.08664525035650883,0.08664525035650883,1
LightGBM,Kebbi,2023,Mean_Solar_Radiation_MJ_m2_day,21.040978260869565,0.09855552469468733,0.09855552469468733,1
LightGBM,Kebbi,2023,Rainfall_Anomaly_Z_2000_2019,-0.2880180859924044,-0.011679424593509583,0.011679424593509583,1
LightGBM,Kebbi,2024,Seasonal_Rainfall_mm,2129.96,-0.010696784499448808,0.010696784499448808,1
LightGBM,Kebbi,2024,Seasonal_GDD_C,3373.3050000000003,0.0606768063598176,0.0606768063598176,1
LightGBM,Kebbi,2024,Max_CDD_days,14.0,-0.005099494921736801,0.005099494921736801,1
LightGBM,Kebbi,2024,Mean_Tmax_C,32.69858695652174,0.018485329181326535,0.018485329181326535,1
LightGBM,Kebbi,2024,Mean_Tmin_C,23.96777173913044,-0.032129271485893375,0.032129271485893375,1
LightGBM,Kebbi,2024,Mean_RH_pct,77.36255434782608,-0.005485497082572393,0.005485497082572393,1
LightGBM,Kebbi,2024,Mean_Solar_Radiation_MJ_m2_day,19.6483695652174,-0.18178115421102872,0.18178115421102872,1
LightGBM,Kebbi,2024,Rainfall_Anomaly_Z_2000_2019,13.219542711920042,0.029175586492829166,0.029175586492829166,1
LightGBM,Niger,2020,Seasonal_Rainfall_mm,1264.06,0.03542966906227602,0.03542966906227602,1
LightGBM,Niger,2020,Seasonal_GDD_C,3610.925,0.26379220253924357,0.26379220253924357,1
LightGBM,Niger,2020,Max_CDD_days,11.0,-0.005964089289746178,0.005964089289746178,1
LightGBM,Niger,2020,Mean_Tmax_C,30.65976635514018,0.08410264712605428,0.08410264712605428,1
LightGBM,Niger,2020,Mean_Tmin_C,23.08719626168224,0.09273240808957088,0.09273240808957088,1
LightGBM,Niger,2020,Mean_RH_pct,80.98841121495329,0.03548781729992088,0.03548781729992088,1
LightGBM,Niger,2020,Mean_Solar_Radiation_MJ_m2_day,17.92752336448598,0.09447498089562914,0.09447498089562914,1
LightGBM,Niger,2020,Rainfall_Anomaly_Z_2000_2019,0.463901577301283,-0.0062262770424461765,0.0062262770424461765,1
LightGBM,Niger,2021,Seasonal_Rainfall_mm,1391.2,-0.019494017736038045,0.019494017736038045,1
LightGBM,Niger,2021,Seasonal_GDD_C,3739.915,0.27071893038960854,0.27071893038960854,1
LightGBM,Niger,2021,Max_CDD_days,11.0,-0.007431208961438468,0.007431208961438468,1
LightGBM,Niger,2021,Mean_Tmax_C,31.35107476635514,0.08198105623750365,0.08198105623750365,1
LightGBM,Niger,2021,Mean_Tmin_C,23.60140186915888,0.1125884921762693,0.1125884921762693,1
LightGBM,Niger,2021,Mean_RH_pct,77.9722429906542,0.02781377632369666,0.02781377632369666,1
LightGBM,Niger,2021,Mean_Solar_Radiation_MJ_m2_day,18.662196261682244,0.10112353805389214,0.10112353805389214,1
LightGBM,Niger,2021,Rainfall_Anomaly_Z_2000_2019,0.9555445973076616,0.04537518801789629,0.04537518801789629,1
LightGBM,Niger,2022,Seasonal_Rainfall_mm,1145.23,0.04281975035304918,0.04281975035304918,1
LightGBM,Niger,2022,Seasonal_GDD_C,3627.66,0.2705883448511316,0.2705883448511316,1
LightGBM,Niger,2022,Max_CDD_days,16.0,0.02549584422651882,0.02549584422651882,1
LightGBM,Niger,2022,Mean_Tmax_C,30.746028037383176,0.07868938047013342,0.07868938047013342,1
LightGBM,Niger,2022,Mean_Tmin_C,23.15733644859813,0.08826606065353153,0.08826606065353153,1
LightGBM,Niger,2022,Mean_RH_pct,80.00023364485979,0.032949595095740136,0.032949595095740136,1
LightGBM,Niger,2022,Mean_Solar_Radiation_MJ_m2_day,17.411308411214954,0.0899067709333674,0.0899067709333674,1
LightGBM,Niger,2022,Rainfall_Anomaly_Z_2000_2019,0.0043928462382195,0.008887054437813605,0.008887054437813605,1
LightGBM,Niger,2023,Seasonal_Rainfall_mm,915.91,0.07291647145302002,0.07291647145302002,1
LightGBM,Niger,2023,Seasonal_GDD_C,3799.580000000001,0.3171750950290091,0.3171750950290091,1
LightGBM,Niger,2023,Max_CDD_days,13.0,0.010232719717460795,0.010232719717460795,1
LightGBM,Niger,2023,Mean_Tmax_C,31.54911214953271,0.10369589278390004,0.10369589278390004,1
LightGBM,Niger,2023,Mean_Tmin_C,23.960981308411213,-0.031040506721673716,0.031040506721673716,1
LightGBM,Niger,2023,Mean_RH_pct,79.00640186915889,0.06363380936519536,0.06363380936519536,1
LightGBM,Niger,2023,Mean_Solar_Radiation_MJ_m2_day,18.090934579439253,0.10476088662223365,0.10476088662223365,1
LightGBM,Niger,2023,Rainfall_Anomaly_Z_2000_2019,-0.8823743186812605,-0.006574972456532643,0.006574972456532643,1
LightGBM,Niger,2024,Seasonal_Rainfall_mm,908.71,0.06755125511627408,0.06755125511627408,1
LightGBM,Niger,2024,Seasonal_GDD_C,3892.51,0.3176134574736813,0.3176134574736813,1
LightGBM,Niger,2024,Max_CDD_days,8.0,0.009651690828447771,0.009651690828447771,1
LightGBM,Niger,2024,Mean_Tmax_C,32.02266355140187,0.08394247813676357,0.08394247813676357,1
LightGBM,Niger,2024,Mean_Tmin_C,24.355934579439253,-0.05732033020938282,0.05732033020938282,1
LightGBM,Niger,2024,Mean_RH_pct,77.47570093457945,0.05976559354592535,0.05976559354592535,1
LightGBM,Niger,2024,Mean_Solar_Radiation_MJ_m2_day,17.4807476635514,0.09842709119131049,0.09842709119131049,1
LightGBM,Niger,2024,Rainfall_Anomaly_Z_2000_2019,-0.910216301881244,-0.005911233451476407,0.005911233451476407,1
LightGBM,Plateau,2020,Seasonal_Rainfall_mm,3151.5600000000004,-0.02641465573456586,0.02641465573456586,1
LightGBM,Plateau,2020,Seasonal_GDD_C,2706.965,0.14961883988493163,0.14961883988493163,1
LightGBM,Plateau,2020,Max_CDD_days,16.0,0.02237694757544563,0.02237694757544563,1
LightGBM,Plateau,2020,Mean_Tmax_C,26.56971962616822,0.11375497940982227,0.11375497940982227,1
LightGBM,Plateau,2020,Mean_Tmin_C,18.729018691588784,0.14455812950181762,0.14455812950181762,1
LightGBM,Plateau,2020,Mean_RH_pct,83.89084112149533,0.03054772190402414,0.03054772190402414,1
LightGBM,Plateau,2020,Mean_Solar_Radiation_MJ_m2_day,17.856962616822432,0.09438150921949048,0.09438150921949048,1
LightGBM,Plateau,2020,Rainfall_Anomaly_Z_2000_2019,7.578824999579921,0.025529684744363,0.025529684744363,1
LightGBM,Plateau,2021,Seasonal_Rainfall_mm,5333.05,-0.03546464650923411,0.03546464650923411,1
LightGBM,Plateau,2021,Seasonal_GDD_C,2844.225,0.12541390372810488,0.12541390372810488,1
LightGBM,Plateau,2021,Max_CDD_days,12.0,-0.005966391110035194,0.005966391110035194,1
LightGBM,Plateau,2021,Mean_Tmax_C,27.551261682242995,0.11817881106442549,0.11817881106442549,1
LightGBM,Plateau,2021,Mean_Tmin_C,19.03028037383177,0.14807809904272878,0.14807809904272878,1
LightGBM,Plateau,2021,Mean_RH_pct,80.33130841121496,-0.002250151556638965,0.002250151556638965,1
LightGBM,Plateau,2021,Mean_Solar_Radiation_MJ_m2_day,18.323598130841127,0.09545588196301397,0.09545588196301397,1
LightGBM,Plateau,2021,Rainfall_Anomaly_Z_2000_2019,15.012756673567567,0.01249161562942473,0.01249161562942473,1
LightGBM,Plateau,2022,Seasonal_Rainfall_mm,4683.82,-0.026728957848559214,0.026728957848559214,1
LightGBM,Plateau,2022,Seasonal_GDD_C,2689.665,0.15043009318816086,0.15043009318816086,1
LightGBM,Plateau,2022,Max_CDD_days,11.0,-0.012457215767411623,0.012457215767411623,1
LightGBM,Plateau,2022,Mean_Tmax_C,26.530373831775705,0.11675689402742721,0.11675689402742721,1
LightGBM,Plateau,2022,Mean_Tmin_C,18.60668224299065,0.13797926038345296,0.13797926038345296,1
LightGBM,Plateau,2022,Mean_RH_pct,83.61780373831775,0.02670907663745881,0.02670907663745881,1
LightGBM,Plateau,2022,Mean_Solar_Radiation_MJ_m2_day,17.29607476635514,0.05927587494864125,0.05927587494864125,1
LightGBM,Plateau,2022,Rainfall_Anomaly_Z_2000_2019,12.800355305372891,0.03264784078492905,0.03264784078492905,1
LightGBM,Plateau,2023,Seasonal_Rainfall_mm,1689.76,-0.008109567440626209,0.008109567440626209,1
LightGBM,Plateau,2023,Seasonal_GDD_C,3006.79,0.11475872569439342,0.11475872569439342,1
LightGBM,Plateau,2023,Max_CDD_days,14.0,-0.002502209244358956,0.002502209244358956,1
LightGBM,Plateau,2023,Mean_Tmax_C,28.73845794392524,0.07976393192181772,0.07976393192181772,1
LightGBM,Plateau,2023,Mean_Tmin_C,19.36238317757009,0.15964819536220717,0.15964819536220717,1
LightGBM,Plateau,2023,Mean_RH_pct,77.13406542056074,0.0028011912099055476,0.0028011912099055476,1
LightGBM,Plateau,2023,Mean_Solar_Radiation_MJ_m2_day,18.04565420560748,0.09732562185798987,0.09732562185798987,1
LightGBM,Plateau,2023,Rainfall_Anomaly_Z_2000_2019,2.597403438612348,0.026367204956492328,0.026367204956492328,1
LightGBM,Plateau,2024,Seasonal_Rainfall_mm,1375.73,-0.0006613002041336781,0.0006613002041336781,1
LightGBM,Plateau,2024,Seasonal_GDD_C,3065.7900000000004,0.08714389785702534,0.08714389785702534,1
LightGBM,Plateau,2024,Max_CDD_days,9.0,-0.002019586473004444,0.002019586473004444,1
LightGBM,Plateau,2024,Mean_Tmax_C,28.977289719626164,0.037662481762687564,0.037662481762687564,1
LightGBM,Plateau,2024,Mean_Tmin_C,19.67495327102804,0.16128951082745263,0.16128951082745263,1
LightGBM,Plateau,2024,Mean_RH_pct,77.79901869158877,0.0022848352468979828,0.0022848352468979828,1
LightGBM,Plateau,2024,Mean_Solar_Radiation_MJ_m2_day,16.974906542056075,0.035045828385941606,0.035045828385941606,1
LightGBM,Plateau,2024,Rainfall_Anomaly_Z_2000_2019,1.5272735899390373,-0.013352913365417073,0.013352913365417073,1
LightGBM,Zamfara,2020,Seasonal_Rainfall_mm,1053.36,0.028307301062532004,0.028307301062532004,1
LightGBM,Zamfara,2020,Seasonal_GDD_C,3014.24,-0.023436923336150432,0.023436923336150432,1
LightGBM,Zamfara,2020,Max_CDD_days,14.0,0.02049133477450389,0.02049133477450389,1
LightGBM,Zamfara,2020,Mean_Tmax_C,31.15152173913044,-0.010373015394205144,0.010373015394205144,1
LightGBM,Zamfara,2020,Mean_Tmin_C,21.61195652173913,0.12593653592979567,0.12593653592979567,1
LightGBM,Zamfara,2020,Mean_RH_pct,74.64907608695653,-0.029998565786915024,0.029998565786915024,1
LightGBM,Zamfara,2020,Mean_Solar_Radiation_MJ_m2_day,20.28994565217392,-0.02409236322178275,0.02409236322178275,1
LightGBM,Zamfara,2020,Rainfall_Anomaly_Z_2000_2019,2.1693869852294045,-0.007846157868801364,0.007846157868801364,1
LightGBM,Zamfara,2021,Seasonal_Rainfall_mm,1541.42,-0.011605248707980725,0.011605248707980725,1
LightGBM,Zamfara,2021,Seasonal_GDD_C,3079.6249999999995,-0.0046517909051362084,0.0046517909051362084,1
LightGBM,Zamfara,2021,Max_CDD_days,14.0,0.02678997463439579,0.02678997463439579,1
LightGBM,Zamfara,2021,Mean_Tmax_C,31.58733695652174,-0.006707091521749057,0.006707091521749057,1
LightGBM,Zamfara,2021,Mean_Tmin_C,21.88684782608696,0.033912513408727245,0.033912513408727245,1
LightGBM,Zamfara,2021,Mean_RH_pct,73.01260869565218,0.006013705497637742,0.006013705497637742,1
LightGBM,Zamfara,2021,Mean_Solar_Radiation_MJ_m2_day,21.36407608695652,0.12549054516558775,0.12549054516558775,1
LightGBM,Zamfara,2021,Rainfall_Anomaly_Z_2000_2019,5.2619891598573565,0.009073455404373864,0.009073455404373864,1
LightGBM,Zamfara,2022,Seasonal_Rainfall_mm,1023.2999999999998,0.06670863272184945,0.06670863272184945,1
LightGBM,Zamfara,2022,Seasonal_GDD_C,2937.645,-0.03825728210157941,0.03825728210157941,1
LightGBM,Zamfara,2022,Max_CDD_days,18.0,0.009795692632639016,0.009795692632639016,1
LightGBM,Zamfara,2022,Mean_Tmax_C,30.60016304347826,-0.00836522894260531,0.00836522894260531,1
LightGBM,Zamfara,2022,Mean_Tmin_C,21.330760869565218,0.13329173572790942,0.13329173572790942,1
LightGBM,Zamfara,2022,Mean_RH_pct,75.94385869565217,-0.013583278241130916,0.013583278241130916,1
LightGBM,Zamfara,2022,Mean_Solar_Radiation_MJ_m2_day,20.194130434782608,-0.1772842597118475,0.1772842597118475,1
LightGBM,Zamfara,2022,Rainfall_Anomaly_Z_2000_2019,1.9789111802682988,-0.020503773206607512,0.020503773206607512,1
LightGBM,Zamfara,2023,Seasonal_Rainfall_mm,510.0,0.012990430135471423,0.012990430135471423,1
LightGBM,Zamfara,2023,Seasonal_GDD_C,3380.49,0.054796461801814765,0.054796461801814765,1
LightGBM,Zamfara,2023,Max_CDD_days,29.0,-0.014098577546080763,0.014098577546080763,1
LightGBM,Zamfara,2023,Mean_Tmax_C,33.959184782608695,0.042282015241525056,0.042282015241525056,1
LightGBM,Zamfara,2023,Mean_Tmin_C,22.78527173913044,0.017414982987250884,0.017414982987250884,1
LightGBM,Zamfara,2023,Mean_RH_pct,63.992119565217386,-0.050838090637541807,0.050838090637541807,1
LightGBM,Zamfara,2023,Mean_Solar_Radiation_MJ_m2_day,21.07929347826087,0.08097008859382863,0.08097008859382863,1
LightGBM,Zamfara,2023,Rainfall_Anomaly_Z_2000_2019,-1.2736247707142192,-0.02952572388737644,0.02952572388737644,1
LightGBM,Zamfara,2024,Seasonal_Rainfall_mm,694.8700000000001,0.019135195506997816,0.019135195506997816,1
LightGBM,Zamfara,2024,Seasonal_GDD_C,3260.635,0.004723315833716872,0.004723315833716872,1
LightGBM,Zamfara,2024,Max_CDD_days,17.0,0.009115666848481566,0.009115666848481566,1
LightGBM,Zamfara,2024,Mean_Tmax_C,32.69663043478261,0.01864207392478749,0.01864207392478749,1
LightGBM,Zamfara,2024,Mean_Tmin_C,22.745054347826088,-0.03184126070147916,0.03184126070147916,1
LightGBM,Zamfara,2024,Mean_RH_pct,70.14929347826086,0.03742357511907928,0.03742357511907928,1
LightGBM,Zamfara,2024,Mean_Solar_Radiation_MJ_m2_day,19.637336956521736,-0.18391600790754037,0.18391600790754037,1
LightGBM,Zamfara,2024,Rainfall_Anomaly_Z_2000_2019,-0.1021922336829729,-0.0024982783372704993,0.0024982783372704993,1
RandomForest,Abia,2020,Seasonal_Rainfall_mm,2008.66,0.006162320606126091,0.006162320606126091,2
RandomForest,Abia,2020,Seasonal_GDD_C,4451.275,-0.12001422793785793,0.12001422793785793,2
RandomForest,Abia,2020,Max_CDD_days,14.0,0.005282471051001057,0.005282471051001057,2
RandomForest,Abia,2020,Mean_Tmax_C,29.3248,0.048014471785280295,0.048014471785280295,2
RandomForest,Abia,2020,Mean_Tmin_C,23.04810909090909,0.04274134374902291,0.04274134374902291,2
RandomForest,Abia,2020,Mean_RH_pct,88.14436363636365,0.024214270504803386,0.024214270504803386,2
RandomForest,Abia,2020,Mean_Solar_Radiation_MJ_m2_day,16.229454545454548,0.016954668758559104,0.016954668758559104,2
RandomForest,Abia,2020,Rainfall_Anomaly_Z_2000_2019,0.4240398662678058,-0.012250186822320317,0.012250186822320317,2
RandomForest,Abia,2021,Seasonal_Rainfall_mm,1825.67,0.027620370567834375,0.027620370567834375,2
RandomForest,Abia,2021,Seasonal_GDD_C,4447.725,-0.12201715379115938,0.12201715379115938,2
RandomForest,Abia,2021,Max_CDD_days,10.0,-0.008075717200119164,0.008075717200119164,2
RandomForest,Abia,2021,Mean_Tmax_C,29.187018181818186,0.04462201814887656,0.04462201814887656,2
RandomForest,Abia,2021,Mean_Tmin_C,23.160072727272727,0.05963848339710251,0.05963848339710251,2
RandomForest,Abia,2021,Mean_RH_pct,88.67767272727274,0.01766480327726054,0.01766480327726054,2
RandomForest,Abia,2021,Mean_Solar_Radiation_MJ_m2_day,15.99338181818182,0.02477209260488862,0.02477209260488862,2
RandomForest,Abia,2021,Rainfall_Anomaly_Z_2000_2019,0.0469978660280299,-0.0056321041749087045,0.0056321041749087045,2
RandomForest,Abia,2022,Seasonal_Rainfall_mm,1477.87,0.0275581936542244,0.0275581936542244,2
RandomForest,Abia,2022,Seasonal_GDD_C,4437.709999999999,-0.1633034275792781,0.1633034275792781,2
RandomForest,Abia,2022,Max_CDD_days,12.0,0.00391240306453373,0.00391240306453373,2
RandomForest,Abia,2022,Mean_Tmax_C,29.30912727272728,0.03713980686775563,0.03713980686775563,2
RandomForest,Abia,2022,Mean_Tmin_C,22.96512727272728,0.03996434928792933,0.03996434928792933,2
RandomForest,Abia,2022,Mean_RH_pct,87.75738181818181,-0.028089810342836356,0.028089810342836356,2
RandomForest,Abia,2022,Mean_Solar_Radiation_MJ_m2_day,15.806545454545452,0.017111002599298607,0.017111002599298607,2
RandomForest,Abia,2022,Rainfall_Anomaly_Z_2000_2019,-0.6696271281432037,0.003616660097033112,0.003616660097033112,2
RandomForest,Abia,2023,Seasonal_Rainfall_mm,1447.29,0.028132341180086288,0.028132341180086288,2
RandomForest,Abia,2023,Seasonal_GDD_C,4529.725,-0.15935048339305796,0.15935048339305796,2
RandomForest,Abia,2023,Max_CDD_days,6.0,-0.00473714111166286,0.00473714111166286,2
RandomForest,Abia,2023,Mean_Tmax_C,29.38352727272727,0.07181616447638339,0.07181616447638339,2
RandomForest,Abia,2023,Mean_Tmin_C,23.559927272727275,0.0666173511606699,0.0666173511606699,2
RandomForest,Abia,2023,Mean_RH_pct,88.9818909090909,0.022959006519467733,0.022959006519467733,2
RandomForest,Abia,2023,Mean_Solar_Radiation_MJ_m2_day,15.72330909090909,0.01802812240676691,0.01802812240676691,2
RandomForest,Abia,2023,Rainfall_Anomaly_Z_2000_2019,-0.7326357317135213,0.008736158234849124,0.008736158234849124,2
RandomForest,Abia,2024,Seasonal_Rainfall_mm,1356.55,0.034747652851090036,0.034747652851090036,2
RandomForest,Abia,2024,Seasonal_GDD_C,4627.7,-0.18558024629864261,0.18558024629864261,2
RandomForest,Abia,2024,Max_CDD_days,23.0,0.012415541391780294,0.012415541391780294,2
RandomForest,Abia,2024,Mean_Tmax_C,30.031090909090903,0.08676311807577558,0.08676311807577558,2
RandomForest,Abia,2024,Mean_Tmin_C,23.62490909090909,0.06543346302371798,0.06543346302371798,2
RandomForest,Abia,2024,Mean_RH_pct,87.19501818181817,-0.025225360547071692,0.025225360547071692,2
RandomForest,Abia,2024,Mean_Solar_Radiation_MJ_m2_day,15.994727272727271,0.01657337701605933,0.01657337701605933,2
RandomForest,Abia,2024,Rainfall_Anomaly_Z_2000_2019,-0.9196010910323762,0.0008934724252917542,0.0008934724252917542,2
RandomForest,Bayelsa,2020,Seasonal_Rainfall_mm,3406.75,-0.04359480485402118,0.04359480485402118,2
RandomForest,Bayelsa,2020,Seasonal_GDD_C,4505.755,-0.2132171980990933,0.2132171980990933,2
RandomForest,Bayelsa,2020,Max_CDD_days,11.0,0.002859471462187089,0.002859471462187089,2
RandomForest,Bayelsa,2020,Mean_Tmax_C,29.097927272727272,-0.1368297884875785,0.1368297884875785,2
RandomForest,Bayelsa,2020,Mean_Tmin_C,23.6712,0.048596344703187286,0.048596344703187286,2
RandomForest,Bayelsa,2020,Mean_RH_pct,89.69930909090908,0.0031503143910104436,0.0031503143910104436,2
RandomForest,Bayelsa,2020,Mean_Solar_Radiation_MJ_m2_day,14.835854545454543,0.00934658676946881,0.00934658676946881,2
RandomForest,Bayelsa,2020,Rainfall_Anomaly_Z_2000_2019,1.8096273724998884,0.014624982070230321,0.014624982070230321,2
RandomForest,Bayelsa,2021,Seasonal_Rainfall_mm,3166.61,-0.04851380960263343,0.04851380960263343,2
RandomForest,Bayelsa,2021,Seasonal_GDD_C,4504.844999999999,-0.25679748290848997,0.25679748290848997,2
RandomForest,Bayelsa,2021,Max_CDD_days,10.0,0.0003532976827034588,0.0003532976827034588,2
RandomForest,Bayelsa,2021,Mean_Tmax_C,28.9708,-0.18812180433585424,0.18812180433585424,2
RandomForest,Bayelsa,2021,Mean_Tmin_C,23.79170909090909,-0.02795812710647877,0.02795812710647877,2
RandomForest,Bayelsa,2021,Mean_RH_pct,90.18509090909092,-0.0014707250513550153,0.0014707250513550153,2
RandomForest,Bayelsa,2021,Mean_Solar_Radiation_MJ_m2_day,14.8272,0.012126333755766635,0.012126333755766635,2
RandomForest,Bayelsa,2021,Rainfall_Anomaly_Z_2000_2019,1.4370764234858904,0.01005401195751937,0.01005401195751937,2
RandomForest,Bayelsa,2022,Seasonal_Rainfall_mm,1958.96,0.029009862884881634,0.029009862884881634,2
RandomForest,Bayelsa,2022,Seasonal_GDD_C,4498.56,-0.20091827495204284,0.20091827495204284,2
RandomForest,Bayelsa,2022,Max_CDD_days,8.0,-0.000856526408995919,0.000856526408995919,2
RandomForest,Bayelsa,2022,Mean_Tmax_C,29.092436363636363,-0.12567924941624442,0.12567924941624442,2
RandomForest,Bayelsa,2022,Mean_Tmin_C,23.62436363636364,0.05286488312916873,0.05286488312916873,2
RandomForest,Bayelsa,2022,Mean_RH_pct,89.43894545454545,0.0034059038728578065,0.0034059038728578065,2
RandomForest,Bayelsa,2022,Mean_Solar_Radiation_MJ_m2_day,14.540981818181818,0.013474752235143333,0.013474752235143333,2
RandomForest,Bayelsa,2022,Rainfall_Anomaly_Z_2000_2019,-0.4364604865530657,-0.0025946886811231626,0.0025946886811231626,2
RandomForest,Bayelsa,2023,Seasonal_Rainfall_mm,1741.0300000000002,0.03871841206816039,0.03871841206816039,2
RandomForest,Bayelsa,2023,Seasonal_GDD_C,4588.27,-0.21514828961884527,0.21514828961884527,2
RandomForest,Bayelsa,2023,Max_CDD_days,7.0,-0.001144910327246285,0.001144910327246285,2
RandomForest,Bayelsa,2023,Mean_Tmax_C,29.23770909090909,0.03517994708954883,0.03517994708954883,2
RandomForest,Bayelsa,2023,Mean_Tmin_C,24.131527272727272,-0.014290162185053787,0.014290162185053787,2
RandomForest,Bayelsa,2023,Mean_RH_pct,90.12861818181818,0.01603895134464308,0.01603895134464308,2
RandomForest,Bayelsa,2023,Mean_Solar_Radiation_MJ_m2_day,14.32669090909091,0.027704257241736342,0.027704257241736342,2
RandomForest,Bayelsa,2023,Rainfall_Anomaly_Z_2000_2019,-0.7745550493856657,0.013594025741270424,0.013594025741270424,2
RandomForest,Bayelsa,2024,Seasonal_Rainfall_mm,1882.98,0.008062266779611459,0.008062266779611459,2
RandomForest,Bayelsa,2024,Seasonal_GDD_C,4720.065,-0.1818739897959751,0.1818739897959751,2
RandomForest,Bayelsa,2024,Max_CDD_days,21.0,0.00908430706904789,0.00908430706904789,2
RandomForest,Bayelsa,2024,Mean_Tmax_C,29.968800000000005,0.08622621507581502,0.08622621507581502,2
RandomForest,Bayelsa,2024,Mean_Tmin_C,24.358945454545456,-0.07528972594280317,0.07528972594280317,2
RandomForest,Bayelsa,2024,Mean_RH_pct,88.53152727272726,0.016310108923852398,0.016310108923852398,2
RandomForest,Bayelsa,2024,Mean_Solar_Radiation_MJ_m2_day,14.644981818181815,0.03234593759447722,0.03234593759447722,2
RandomForest,Bayelsa,2024,Rainfall_Anomaly_Z_2000_2019,-0.5543351476094643,0.007639319349895747,0.007639319349895747,2
RandomForest,Ebonyi,2020,Seasonal_Rainfall_mm,1248.7199999999998,0.03828066582398724,0.03828066582398724,2
RandomForest,Ebonyi,2020,Seasonal_GDD_C,4596.469999999999,-0.17977115808548882,0.17977115808548882,2
RandomForest,Ebonyi,2020,Max_CDD_days,19.0,0.00817734618334308,0.00817734618334308,2
RandomForest,Ebonyi,2020,Mean_Tmax_C,30.334036363636365,0.08464555005054085,0.08464555005054085,2
RandomForest,Ebonyi,2020,Mean_Tmin_C,23.094836363636364,0.052185112272888474,0.052185112272888474,2
RandomForest,Ebonyi,2020,Mean_RH_pct,83.32458181818181,-0.019729980222341025,0.019729980222341025,2
RandomForest,Ebonyi,2020,Mean_Solar_Radiation_MJ_m2_day,17.43770909090909,0.017016008435412597,0.017016008435412597,2
RandomForest,Ebonyi,2020,Rainfall_Anomaly_Z_2000_2019,-0.7615284344474759,0.010193145307830002,0.010193145307830002,2
RandomForest,Ebonyi,2021,Seasonal_Rainfall_mm,769.45,0.025970874844843207,0.025970874844843207,2
RandomForest,Ebonyi,2021,Seasonal_GDD_C,4656.77,-0.20650430552214255,0.20650430552214255,2
RandomForest,Ebonyi,2021,Max_CDD_days,10.0,0.0006366384984864765,0.0006366384984864765,2
RandomForest,Ebonyi,2021,Mean_Tmax_C,30.56821818181817,0.09486602067398794,0.09486602067398794,2
RandomForest,Ebonyi,2021,Mean_Tmin_C,23.299200000000003,0.0653858947486293,0.0653858947486293,2
RandomForest,Ebonyi,2021,Mean_RH_pct,83.18792727272728,-0.011403006415847464,0.011403006415847464,2
RandomForest,Ebonyi,2021,Mean_Solar_Radiation_MJ_m2_day,17.348618181818182,0.0184039608391519,0.0184039608391519,2
RandomForest,Ebonyi,2021,Rainfall_Anomaly_Z_2000_2019,-1.8505542124476384,-0.0036894115809606035,0.0036894115809606035,2
RandomForest,Ebonyi,2022,Seasonal_Rainfall_mm,1074.2,0.028481061964333254,0.028481061964333254,2
RandomForest,Ebonyi,2022,Seasonal_GDD_C,4660.165,-0.2027618886663906,0.2027618886663906,2
RandomForest,Ebonyi,2022,Max_CDD_days,27.0,0.007432687767002028,0.007432687767002028,2
RandomForest,Ebonyi,2022,Mean_Tmax_C,30.774472727272727,0.10605258958347422,0.10605258958347422,2
RandomForest,Ebonyi,2022,Mean_Tmin_C,23.11763636363636,0.05681973221154868,0.05681973221154868,2
RandomForest,Ebonyi,2022,Mean_RH_pct,81.36676363636364,-0.008937552573408346,0.008937552573408346,2
RandomForest,Ebonyi,2022,Mean_Solar_Radiation_MJ_m2_day,16.68138181818182,0.02279304550659534,0.02279304550659534,2
RandomForest,Ebonyi,2022,Rainfall_Anomaly_Z_2000_2019,-1.1580831505294091,-0.005093123112119479,0.005093123112119479,2
RandomForest,Ebonyi,2023,Seasonal_Rainfall_mm,791.36,0.0386757946070185,0.0386757946070185,2
RandomForest,Ebonyi,2023,Seasonal_GDD_C,4805.745,-0.2479759101971582,0.2479759101971582,2
RandomForest,Ebonyi,2023,Max_CDD_days,10.0,0.003791577351165229,0.003791577351165229,2
RandomForest,Ebonyi,2023,Mean_Tmax_C,31.068763636363634,0.11893202606264187,0.11893202606264187,2
RandomForest,Ebonyi,2023,Mean_Tmin_C,23.88210909090909,-0.018207514957710103,0.018207514957710103,2
RandomForest,Ebonyi,2023,Mean_RH_pct,82.44301818181818,-0.004522308539350113,0.004522308539350113,2
RandomForest,Ebonyi,2023,Mean_Solar_Radiation_MJ_m2_day,17.042,0.01444821234452157,0.01444821234452157,2
RandomForest,Ebonyi,2023,Rainfall_Anomaly_Z_2000_2019,-1.8007690082913514,-0.0020406302578994916,0.0020406302578994916,2
RandomForest,Ebonyi,2024,Seasonal_Rainfall_mm,903.47,0.05390643467155315,0.05390643467155315,2
RandomForest,Ebonyi,2024,Seasonal_GDD_C,4949.355,-0.2537705143193269,0.2537705143193269,2
RandomForest,Ebonyi,2024,Max_CDD_days,32.0,-0.0011070741844012397,0.0011070741844012397,2
RandomForest,Ebonyi,2024,Mean_Tmax_C,31.96454545454545,0.13026200664625398,0.13026200664625398,2
RandomForest,Ebonyi,2024,Mean_Tmin_C,24.03076363636364,-0.00030965225345965707,0.00030965225345965707,2
RandomForest,Ebonyi,2024,Mean_RH_pct,78.39523636363637,0.013642150324538426,0.013642150324538426,2
RandomForest,Ebonyi,2024,Mean_Solar_Radiation_MJ_m2_day,17.160509090909088,0.024171892159526066,0.024171892159526066,2
RandomForest,Ebonyi,2024,Rainfall_Anomaly_Z_2000_2019,-1.546026003363861,-0.0009521824271402094,0.0009521824271402094,2
RandomForest,Gombe,2020,Seasonal_Rainfall_mm,1223.97,0.023487589673295194,0.023487589673295194,2
RandomForest,Gombe,2020,Seasonal_GDD_C,2917.48,-0.07088153586347397,0.07088153586347397,2
RandomForest,Gombe,2020,Max_CDD_days,16.0,0.017979282378553434,0.017979282378553434,2
RandomForest,Gombe,2020,Mean_Tmax_C,29.91402173913044,-0.02654223781815221,0.02654223781815221,2
RandomForest,Gombe,2020,Mean_Tmin_C,21.797717391304342,-0.045869270503463386,0.045869270503463386,2
RandomForest,Gombe,2020,Mean_RH_pct,81.48249999999999,0.016413180116777736,0.016413180116777736,2
RandomForest,Gombe,2020,Mean_Solar_Radiation_MJ_m2_day,19.93489130434783,-0.22370150227850813,0.22370150227850813,2
RandomForest,Gombe,2020,Rainfall_Anomaly_Z_2000_2019,1.8394671087077792,-0.0079468648344047,0.0079468648344047,2
RandomForest,Gombe,2021,Seasonal_Rainfall_mm,2116.09,0.008658964683531403,0.008658964683531403,2
RandomForest,Gombe,2021,Seasonal_GDD_C,2998.59,-0.06358132329276417,0.06358132329276417,2
RandomForest,Gombe,2021,Max_CDD_days,7.0,0.004042053721912413,0.004042053721912413,2
RandomForest,Gombe,2021,Mean_Tmax_C,30.202391304347824,-0.021376574484266754,0.021376574484266754,2
RandomForest,Gombe,2021,Mean_Tmin_C,22.390978260869566,-0.040066356654643205,0.040066356654643205,2
RandomForest,Gombe,2021,Mean_RH_pct,80.56173913043477,0.01284579348166074,0.01284579348166074,2
RandomForest,Gombe,2021,Mean_Solar_Radiation_MJ_m2_day,20.23293478260869,-0.19822613120515373,0.19822613120515373,2
RandomForest,Gombe,2021,Rainfall_Anomaly_Z_2000_2019,6.35516627319359,-0.01610773607710301,0.01610773607710301,2
RandomForest,Gombe,2022,Seasonal_Rainfall_mm,1999.82,0.01095651527149001,0.01095651527149001,2
RandomForest,Gombe,2022,Seasonal_GDD_C,2853.9350000000004,0.015066130238920361,0.015066130238920361,2
RandomForest,Gombe,2022,Max_CDD_days,11.0,0.010149627851773643,0.010149627851773643,2
RandomForest,Gombe,2022,Mean_Tmax_C,29.278260869565216,-0.020600002902123448,0.020600002902123448,2
RandomForest,Gombe,2022,Mean_Tmin_C,21.74277173913044,-0.02234083103876148,0.02234083103876148,2
RandomForest,Gombe,2022,Mean_RH_pct,83.41086956521738,0.00518778129058601,0.00518778129058601,2
RandomForest,Gombe,2022,Mean_Solar_Radiation_MJ_m2_day,19.402282608695653,-0.09498716294158985,0.09498716294158985,2
RandomForest,Gombe,2022,Rainfall_Anomaly_Z_2000_2019,5.766635199061448,-0.00912970394595878,0.00912970394595878,2
RandomForest,Gombe,2023,Seasonal_Rainfall_mm,741.76,0.010221803223682444,0.010221803223682444,2
RandomForest,Gombe,2023,Seasonal_GDD_C,3191.395,-0.049343562065008915,0.049343562065008915,2
RandomForest,Gombe,2023,Max_CDD_days,14.0,-0.004551413893380323,0.004551413893380323,2
RandomForest,Gombe,2023,Mean_Tmax_C,31.85722826086956,0.017344729675767556,0.017344729675767556,2
RandomForest,Gombe,2023,Mean_Tmin_C,22.83184782608696,-0.03554354833230369,0.03554354833230369,2
RandomForest,Gombe,2023,Mean_RH_pct,74.19826086956522,-0.00783133169267935,0.00783133169267935,2
RandomForest,Gombe,2023,Mean_Solar_Radiation_MJ_m2_day,19.625,-0.21861539425209617,0.21861539425209617,2
RandomForest,Gombe,2023,Rainfall_Anomaly_Z_2000_2019,-0.6013651718225336,0.016588590770374827,0.016588590770374827,2
RandomForest,Gombe,2024,Seasonal_Rainfall_mm,1433.4500000000005,0.0409680319173854,0.0409680319173854,2
RandomForest,Gombe,2024,Seasonal_GDD_C,3255.21,0.033076505252854854,0.033076505252854854,2
RandomForest,Gombe,2024,Max_CDD_days,16.0,0.024006132901092818,0.024006132901092818,2
RandomForest,Gombe,2024,Mean_Tmax_C,31.93304347826087,0.06293783836531144,0.06293783836531144,2
RandomForest,Gombe,2024,Mean_Tmin_C,23.44967391304348,0.06770799162933815,0.06770799162933815,2
RandomForest,Gombe,2024,Mean_RH_pct,73.95494565217392,0.003178648545245085,0.003178648545245085,2
RandomForest,Gombe,2024,Mean_Solar_Radiation_MJ_m2_day,19.025163043478265,0.02954058751952254,0.02954058751952254,2
RandomForest,Gombe,2024,Rainfall_Anomaly_Z_2000_2019,2.8998050239842987,0.004465825985294402,0.004465825985294402,2
RandomForest,Katsina,2020,Seasonal_Rainfall_mm,1286.37,0.0252791457060169,0.0252791457060169,2
RandomForest,Katsina,2020,Seasonal_GDD_C,3047.695,-0.07152591787788334,0.07152591787788334,2
RandomForest,Katsina,2020,Max_CDD_days,22.0,0.001557567131601106,0.001557567131601106,2
RandomForest,Katsina,2020,Mean_Tmax_C,31.075434782608696,0.004725969411571088,0.004725969411571088,2
RandomForest,Katsina,2020,Mean_Tmin_C,22.051684782608696,-0.03899558757432372,0.03899558757432372,2
RandomForest,Katsina,2020,Mean_RH_pct,73.52309782608695,-0.008190932456083638,0.008190932456083638,2
RandomForest,Katsina,2020,Mean_Solar_Radiation_MJ_m2_day,20.7358695652174,-0.14953223089414155,0.14953223089414155,2
RandomForest,Katsina,2020,Rainfall_Anomaly_Z_2000_2019,5.668777987207091,-0.01973009037685046,0.01973009037685046,2
RandomForest,Katsina,2021,Seasonal_Rainfall_mm,1784.42,0.028210030308347858,0.028210030308347858,2
RandomForest,Katsina,2021,Seasonal_GDD_C,3183.3,-0.012835347493851746,0.012835347493851746,2
RandomForest,Katsina,2021,Max_CDD_days,16.0,0.016392838917279672,0.016392838917279672,2
RandomForest,Katsina,2021,Mean_Tmax_C,32.14059782608695,0.02616867459705063,0.02616867459705063,2
RandomForest,Katsina,2021,Mean_Tmin_C,22.46048913043478,-0.021726166415384274,0.021726166415384274,2
RandomForest,Katsina,2021,Mean_RH_pct,67.67728260869565,-0.01967398931380208,0.01967398931380208,2
RandomForest,Katsina,2021,Mean_Solar_Radiation_MJ_m2_day,21.758967391304346,0.04299400578026996,0.04299400578026996,2
RandomForest,Katsina,2021,Rainfall_Anomaly_Z_2000_2019,10.01523542342234,-0.009810343608224355,0.009810343608224355,2
RandomForest,Katsina,2022,Seasonal_Rainfall_mm,1292.12,0.02438334084989085,0.02438334084989085,2
RandomForest,Katsina,2022,Seasonal_GDD_C,3019.4,-0.09823299040924774,0.09823299040924774,2
RandomForest,Katsina,2022,Max_CDD_days,24.0,0.00011102204604248952,0.00011102204604248952,2
RandomForest,Katsina,2022,Mean_Tmax_C,31.03358695652174,-0.001978609916894091,0.001978609916894091,2
RandomForest,Katsina,2022,Mean_Tmin_C,21.78597826086957,-0.05413819288658945,0.05413819288658945,2
RandomForest,Katsina,2022,Mean_RH_pct,72.87679347826086,-0.0190947159086391,0.0190947159086391,2
RandomForest,Katsina,2022,Mean_Solar_Radiation_MJ_m2_day,20.36951086956521,-0.21455237088285856,0.21455237088285856,2
RandomForest,Katsina,2022,Rainfall_Anomaly_Z_2000_2019,5.71895794957681,-0.020127908787647152,0.020127908787647152,2
RandomForest,Katsina,2023,Seasonal_Rainfall_mm,971.02,0.02638722112129199,0.02638722112129199,2
RandomForest,Katsina,2023,Seasonal_GDD_C,3287.665,0.04024835858151863,0.04024835858151863,2
RandomForest,Katsina,2023,Max_CDD_days,29.0,-0.009633380948557512,0.009633380948557512,2
RandomForest,Katsina,2023,Mean_Tmax_C,32.88858695652174,0.049351006880845504,0.049351006880845504,2
RandomForest,Katsina,2023,Mean_Tmin_C,22.846902173913044,-0.016073780315462787,0.016073780315462787,2
RandomForest,Katsina,2023,Mean_RH_pct,65.37760869565217,-0.03010384298011353,0.03010384298011353,2
RandomForest,Katsina,2023,Mean_Solar_Radiation_MJ_m2_day,21.052663043478265,-0.09476100742623114,0.09476100742623114,2
RandomForest,Katsina,2023,Rainfall_Anomaly_Z_2000_2019,2.916734311852252,0.00697382277458922,0.00697382277458922,2
RandomForest,Katsina,2024,Seasonal_Rainfall_mm,1290.86,0.03427248037153316,0.03427248037153316,2
RandomForest,Katsina,2024,Seasonal_GDD_C,3208.635,-0.05062157619171003,0.05062157619171003,2
RandomForest,Katsina,2024,Max_CDD_days,17.0,-0.0008095933776198431,0.0008095933776198431,2
RandomForest,Katsina,2024,Mean_Tmax_C,31.866684782608697,0.016466420666552944,0.016466420666552944,2
RandomForest,Katsina,2024,Mean_Tmin_C,23.009782608695648,0.04730231786566642,0.04730231786566642,2
RandomForest,Katsina,2024,Mean_RH_pct,71.46581521739131,-0.022134124999029753,0.022134124999029753,2
RandomForest,Katsina,2024,Mean_Solar_Radiation_MJ_m2_day,19.78010869565217,-0.19328559740401943,0.19328559740401943,2
RandomForest,Katsina,2024,Rainfall_Anomaly_Z_2000_2019,5.707961992605359,-0.008564347195910873,0.008564347195910873,2
RandomForest,Nasarawa,2020,Seasonal_Rainfall_mm,1003.25,0.024126239098172558,0.024126239098172558,2
RandomForest,Nasarawa,2020,Seasonal_GDD_C,3561.81,0.090447294564,0.090447294564,2
RandomForest,Nasarawa,2020,Max_CDD_days,10.0,0.010843117257653436,0.010843117257653436,2
RandomForest,Nasarawa,2020,Mean_Tmax_C,30.36845794392524,0.03225584322120487,0.03225584322120487,2
RandomForest,Nasarawa,2020,Mean_Tmin_C,22.91948598130841,0.033968692974853394,0.033968692974853394,2
RandomForest,Nasarawa,2020,Mean_RH_pct,81.91602803738317,0.01952129587145744,0.01952129587145744,2
RandomForest,Nasarawa,2020,Mean_Solar_Radiation_MJ_m2_day,17.922429906542053,0.04546271402387267,0.04546271402387267,2
RandomForest,Nasarawa,2020,Rainfall_Anomaly_Z_2000_2019,-0.0101489554872834,-0.0076096624786970496,0.0076096624786970496,2
RandomForest,Nasarawa,2021,Seasonal_Rainfall_mm,1309.91,0.050539081446437865,0.050539081446437865,2
RandomForest,Nasarawa,2021,Seasonal_GDD_C,3679.7800000000007,0.23770469705491679,0.23770469705491679,2
RandomForest,Nasarawa,2021,Max_CDD_days,20.0,0.005513126107981758,0.005513126107981758,2
RandomForest,Nasarawa,2021,Mean_Tmax_C,30.93126168224299,0.09427105819809661,0.09427105819809661,2
RandomForest,Nasarawa,2021,Mean_Tmin_C,23.45920560747663,0.08693439637411157,0.08693439637411157,2
RandomForest,Nasarawa,2021,Mean_RH_pct,79.75967289719625,0.05516866339784584,0.05516866339784584,2
RandomForest,Nasarawa,2021,Mean_Solar_Radiation_MJ_m2_day,18.07626168224299,0.08304884675577005,0.08304884675577005,2
RandomForest,Nasarawa,2021,Rainfall_Anomaly_Z_2000_2019,0.9824451091690752,0.0002124816216733586,0.0002124816216733586,2
RandomForest,Nasarawa,2022,Seasonal_Rainfall_mm,1853.69,0.033778592969858356,0.033778592969858356,2
RandomForest,Nasarawa,2022,Seasonal_GDD_C,3427.59,0.06892926509244038,0.06892926509244038,2
RandomForest,Nasarawa,2022,Max_CDD_days,16.0,0.03287302605558047,0.03287302605558047,2
RandomForest,Nasarawa,2022,Mean_Tmax_C,29.23373831775701,-0.014430461539005452,0.014430461539005452,2
RandomForest,Nasarawa,2022,Mean_Tmin_C,22.799813084112152,0.009231877192782687,0.009231877192782687,2
RandomForest,Nasarawa,2022,Mean_RH_pct,85.63934579439253,-0.0018555510798626085,0.0018555510798626085,2
RandomForest,Nasarawa,2022,Mean_Solar_Radiation_MJ_m2_day,17.14714953271028,0.03846899472232027,0.03846899472232027,2
RandomForest,Nasarawa,2022,Rainfall_Anomaly_Z_2000_2019,2.7425468520727296,0.005347300738413099,0.005347300738413099,2
RandomForest,Nasarawa,2023,Seasonal_Rainfall_mm,732.91,0.0150680069019934,0.0150680069019934,2
RandomForest,Nasarawa,2023,Seasonal_GDD_C,3883.0899999999992,0.27564538513087405,0.27564538513087405,2
RandomForest,Nasarawa,2023,Max_CDD_days,14.0,0.0045290340616601045,0.0045290340616601045,2
RandomForest,Nasarawa,2023,Mean_Tmax_C,32.209672897196256,0.11339147359686685,0.11339147359686685,2
RandomForest,Nasarawa,2023,Mean_Tmin_C,24.08088785046729,0.06260701572410539,0.06260701572410539,2
RandomForest,Nasarawa,2023,Mean_RH_pct,76.32126168224299,0.03930840855105545,0.03930840855105545,2
RandomForest,Nasarawa,2023,Mean_Solar_Radiation_MJ_m2_day,17.813551401869162,0.08638790610654494,0.08638790610654494,2
RandomForest,Nasarawa,2023,Rainfall_Anomaly_Z_2000_2019,-0.8851828022204732,0.09041516556127854,0.09041516556127854,2
RandomForest,Nasarawa,2024,Seasonal_Rainfall_mm,1023.58,0.030088120043444112,0.030088120043444112,2
RandomForest,Nasarawa,2024,Seasonal_GDD_C,3821.105,0.26726853665215417,0.26726853665215417,2
RandomForest,Nasarawa,2024,Max_CDD_days,16.0,0.014830332413057931,0.014830332413057931,2
RandomForest,Nasarawa,2024,Mean_Tmax_C,31.623457943925235,0.11732588966073333,0.11732588966073333,2
RandomForest,Nasarawa,2024,Mean_Tmin_C,24.08780373831776,0.05797509143814367,0.05797509143814367,2
RandomForest,Nasarawa,2024,Mean_RH_pct,78.61088785046731,0.05891902505163191,0.05891902505163191,2
RandomForest,Nasarawa,2024,Mean_Solar_Radiation_MJ_m2_day,17.359859813084114,0.07891858231836638,0.07891858231836638,2
RandomForest,Nasarawa,2024,Rainfall_Anomaly_Z_2000_2019,0.0556549880803931,-0.007749917152386843,0.007749917152386843,2
RandomForest,Oyo,2020,Seasonal_Rainfall_mm,1554.8200000000002,0.025960541402151923,0.025960541402151923,2
RandomForest,Oyo,2020,Seasonal_GDD_C,4334.17,0.04971686794807842,0.04971686794807842,2
RandomForest,Oyo,2020,Max_CDD_days,11.0,-0.003703375163720509,0.003703375163720509,2
RandomForest,Oyo,2020,Mean_Tmax_C,29.159127272727275,-0.021178593879956995,0.021178593879956995,2
RandomForest,Oyo,2020,Mean_Tmin_C,22.36210909090909,-0.006541096166579873,0.006541096166579873,2
RandomForest,Oyo,2020,Mean_RH_pct,88.19909090909091,-0.006935533749480527,0.006935533749480527,2
RandomForest,Oyo,2020,Mean_Solar_Radiation_MJ_m2_day,16.444181818181818,0.034648970600228694,0.034648970600228694,2
RandomForest,Oyo,2020,Rainfall_Anomaly_Z_2000_2019,-0.12257994838456,-0.006523986477443735,0.006523986477443735,2
RandomForest,Oyo,2021,Seasonal_Rainfall_mm,2370.13,0.001074074023675172,0.001074074023675172,2
RandomForest,Oyo,2021,Seasonal_GDD_C,4359.49,0.07769145728813,0.07769145728813,2
RandomForest,Oyo,2021,Max_CDD_days,10.0,-0.005640350369561194,0.005640350369561194,2
RandomForest,Oyo,2021,Mean_Tmax_C,29.11552727272727,-0.06009485569262695,0.06009485569262695,2
RandomForest,Oyo,2021,Mean_Tmin_C,22.589854545454543,-0.0012615418077407399,0.0012615418077407399,2
RandomForest,Oyo,2021,Mean_RH_pct,88.73483636363638,-0.014821478942481068,0.014821478942481068,2
RandomForest,Oyo,2021,Mean_Solar_Radiation_MJ_m2_day,16.970436363636363,0.022726068252494278,0.022726068252494278,2
RandomForest,Oyo,2021,Rainfall_Anomaly_Z_2000_2019,2.9024414729307835,0.011619272170238091,0.011619272170238091,2
RandomForest,Oyo,2022,Seasonal_Rainfall_mm,2143.53,0.008078353130779306,0.008078353130779306,2
RandomForest,Oyo,2022,Seasonal_GDD_C,4276.58,0.09557933117930216,0.09557933117930216,2
RandomForest,Oyo,2022,Max_CDD_days,14.0,0.0008862882185340927,0.0008862882185340927,2
RandomForest,Oyo,2022,Mean_Tmax_C,28.824472727272724,-0.0796626691171895,0.0796626691171895,2
RandomForest,Oyo,2022,Mean_Tmin_C,22.277927272727275,0.003878771800390449,0.003878771800390449,2
RandomForest,Oyo,2022,Mean_RH_pct,88.62149090909092,-0.008578356670358367,0.008578356670358367,2
RandomForest,Oyo,2022,Mean_Solar_Radiation_MJ_m2_day,16.104836363636363,0.04077289218930806,0.04077289218930806,2
RandomForest,Oyo,2022,Rainfall_Anomaly_Z_2000_2019,2.0616939608555525,0.012898052228879539,0.012898052228879539,2
RandomForest,Oyo,2023,Seasonal_Rainfall_mm,2181.9700000000003,0.000987947982062953,0.000987947982062953,2
RandomForest,Oyo,2023,Seasonal_GDD_C,4419.96,-0.12913349975003735,0.12913349975003735,2
RandomForest,Oyo,2023,Max_CDD_days,6.0,-0.005725726033378909,0.005725726033378909,2
RandomForest,Oyo,2023,Mean_Tmax_C,29.19127272727273,0.0367193587499858,0.0367193587499858,2
RandomForest,Oyo,2023,Mean_Tmin_C,22.95389090909091,0.03918837143634574,0.03918837143634574,2
RandomForest,Oyo,2023,Mean_RH_pct,89.49072727272726,0.01850072938751456,0.01850072938751456,2
RandomForest,Oyo,2023,Mean_Solar_Radiation_MJ_m2_day,16.222800000000003,0.020166772932162368,0.020166772932162368,2
RandomForest,Oyo,2023,Rainfall_Anomaly_Z_2000_2019,2.2043167956488974,0.01760104425232679,0.01760104425232679,2
RandomForest,Oyo,2024,Seasonal_Rainfall_mm,1632.55,0.026938262408531,0.026938262408531,2
RandomForest,Oyo,2024,Seasonal_GDD_C,4472.030000000001,-0.11736639088529306,0.11736639088529306,2
RandomForest,Oyo,2024,Max_CDD_days,19.0,0.016955962159737117,0.016955962159737117,2
RandomForest,Oyo,2024,Mean_Tmax_C,29.67494545454545,0.05178353785600276,0.05178353785600276,2
RandomForest,Oyo,2024,Mean_Tmin_C,22.848909090909093,0.02456257950100369,0.02456257950100369,2
RandomForest,Oyo,2024,Mean_RH_pct,87.58556363636363,-0.029663690627958206,0.029663690627958206,2
RandomForest,Oyo,2024,Mean_Solar_Radiation_MJ_m2_day,15.93450909090909,0.041746219824812934,0.041746219824812934,2
RandomForest,Oyo,2024,Rainfall_Anomaly_Z_2000_2019,0.1658194519402747,0.0010898010489280244,0.0010898010489280244,2
RandomForest,Yobe,2020,Seasonal_Rainfall_mm,772.9,0.017200415813040465,0.017200415813040465,2
RandomForest,Yobe,2020,Seasonal_GDD_C,3219.32,-0.005232477758934412,0.005232477758934412,2
RandomForest,Yobe,2020,Max_CDD_days,15.0,0.0013288491705341179,0.0013288491705341179,2
RandomForest,Yobe,2020,Mean_Tmax_C,32.583858695652175,0.043956891037084854,0.043956891037084854,2
RandomForest,Yobe,2020,Mean_Tmin_C,22.40875,-0.03356509166889545,0.03356509166889545,2
RandomForest,Yobe,2020,Mean_RH_pct,70.93402173913044,-0.00735973027721122,0.00735973027721122,2
RandomForest,Yobe,2020,Mean_Solar_Radiation_MJ_m2_day,20.724945652173915,-0.11529729876091346,0.11529729876091346,2
RandomForest,Yobe,2020,Rainfall_Anomaly_Z_2000_2019,0.8707398989279639,0.00181634627518195,0.00181634627518195,2
RandomForest,Yobe,2021,Seasonal_Rainfall_mm,1600.22,0.022989313107679533,0.022989313107679533,2
RandomForest,Yobe,2021,Seasonal_GDD_C,3185.955,-0.04537416094567611,0.04537416094567611,2
RandomForest,Yobe,2021,Max_CDD_days,14.0,-0.005893027460407908,0.005893027460407908,2
RandomForest,Yobe,2021,Mean_Tmax_C,32.06440217391304,0.021972846289198607,0.021972846289198607,2
RandomForest,Yobe,2021,Mean_Tmin_C,22.56554347826087,-0.044325885976049355,0.044325885976049355,2
RandomForest,Yobe,2021,Mean_RH_pct,72.73184782608696,-0.01888694687685656,0.01888694687685656,2
RandomForest,Yobe,2021,Mean_Solar_Radiation_MJ_m2_day,21.239565217391306,-0.14815611586498934,0.14815611586498934,2
RandomForest,Yobe,2021,Rainfall_Anomaly_Z_2000_2019,7.154425193111498,-0.015328118443012406,0.015328118443012406,2
RandomForest,Yobe,2022,Seasonal_Rainfall_mm,871.1000000000001,0.017065463305168553,0.017065463305168553,2
RandomForest,Yobe,2022,Seasonal_GDD_C,3119.54,-0.08448089379068507,0.08448089379068507,2
RandomForest,Yobe,2022,Max_CDD_days,19.0,-0.010049350112911944,0.010049350112911944,2
RandomForest,Yobe,2022,Mean_Tmax_C,31.67815217391304,0.00893365146274409,0.00893365146274409,2
RandomForest,Yobe,2022,Mean_Tmin_C,22.229891304347827,-0.044689983964970065,0.044689983964970065,2
RandomForest,Yobe,2022,Mean_RH_pct,73.64353260869565,-0.010749576645207235,0.010749576645207235,2
RandomForest,Yobe,2022,Mean_Solar_Radiation_MJ_m2_day,20.19375,-0.23877399294175347,0.23877399294175347,2
RandomForest,Yobe,2022,Rainfall_Anomaly_Z_2000_2019,1.6165914387055882,-0.009175549698133901,0.009175549698133901,2
RandomForest,Yobe,2023,Seasonal_Rainfall_mm,400.36,-0.13252087279796324,0.13252087279796324,2
RandomForest,Yobe,2023,Seasonal_GDD_C,3657.69,0.13371505993884752,0.13371505993884752,2
RandomForest,Yobe,2023,Max_CDD_days,29.0,-0.016857761991196703,0.016857761991196703,2
RandomForest,Yobe,2023,Mean_Tmax_C,35.847228260869564,0.04709873221166655,0.04709873221166655,2
RandomForest,Yobe,2023,Mean_Tmin_C,23.91027173913044,-0.00327109482875332,0.00327109482875332,2
RandomForest,Yobe,2023,Mean_RH_pct,58.51592391304348,-0.04380902225516364,0.04380902225516364,2
RandomForest,Yobe,2023,Mean_Solar_Radiation_MJ_m2_day,20.85445652173913,-0.14584377090389464,0.14584377090389464,2
RandomForest,Yobe,2023,Rainfall_Anomaly_Z_2000_2019,-1.9587869099188349,0.05064280171501134,0.05064280171501134,2
RandomForest,Yobe,2024,Seasonal_Rainfall_mm,926.85,0.0300917056136675,0.0300917056136675,2
RandomForest,Yobe,2024,Seasonal_GDD_C,3455.5950000000003,0.059957364623454974,0.059957364623454974,2
RandomForest,Yobe,2024,Max_CDD_days,31.0,-0.024020680317538123,0.024020680317538123,2
RandomForest,Yobe,2024,Mean_Tmax_C,33.55940217391304,0.08087107203377594,0.08087107203377594,2
RandomForest,Yobe,2024,Mean_Tmin_C,24.001413043478266,0.037527785309436734,0.037527785309436734,2
RandomForest,Yobe,2024,Mean_RH_pct,66.63913043478261,-0.02051127704976559,0.02051127704976559,2
RandomForest,Yobe,2024,Mean_Solar_Radiation_MJ_m2_day,20.06733695652174,-0.1562416131959071,0.1562416131959071,2
RandomForest,Yobe,2024,Rainfall_Anomaly_Z_2000_2019,2.0400254849642674,-0.011221849457633961,0.011221849457633961,2
LightGBM,Abia,2020,Seasonal_Rainfall_mm,2008.66,-0.02008809021122197,0.02008809021122197,2
LightGBM,Abia,2020,Seasonal_GDD_C,4451.275,-0.08263787907671516,0.08263787907671516,2
LightGBM,Abia,2020,Max_CDD_days,14.0,-0.030175321266657642,0.030175321266657642,2
LightGBM,Abia,2020,Mean_Tmax_C,29.3248,0.061880365547591375,0.061880365547591375,2
LightGBM,Abia,2020,Mean_Tmin_C,23.04810909090909,0.05562705611635738,0.05562705611635738,2
LightGBM,Abia,2020,Mean_RH_pct,88.14436363636365,0.024083221408870346,0.024083221408870346,2
LightGBM,Abia,2020,Mean_Solar_Radiation_MJ_m2_day,16.229454545454548,0.00198207604950116,0.00198207604950116,2
LightGBM,Abia,2020,Rainfall_Anomaly_Z_2000_2019,0.4240398662678058,-0.02209451930770508,0.02209451930770508,2
LightGBM,Abia,2021,Seasonal_Rainfall_mm,1825.67,0.0016616370741369068,0.0016616370741369068,2
LightGBM,Abia,2021,Seasonal_GDD_C,4447.725,-0.12665609015833765,0.12665609015833765,2
LightGBM,Abia,2021,Max_CDD_days,10.0,-0.006700935030041428,0.006700935030041428,2
LightGBM,Abia,2021,Mean_Tmax_C,29.187018181818186,0.09021658655521547,0.09021658655521547,2
LightGBM,Abia,2021,Mean_Tmin_C,23.160072727272727,0.10649062507760594,0.10649062507760594,2
LightGBM,Abia,2021,Mean_RH_pct,88.67767272727274,0.027850777974499554,0.027850777974499554,2
LightGBM,Abia,2021,Mean_Solar_Radiation_MJ_m2_day,15.99338181818182,-0.014342776393410386,0.014342776393410386,2
LightGBM,Abia,2021,Rainfall_Anomaly_Z_2000_2019,0.0469978660280299,-0.01939583884021262,0.01939583884021262,2
LightGBM,Abia,2022,Seasonal_Rainfall_mm,1477.87,0.0315074886987419,0.0315074886987419,2
LightGBM,Abia,2022,Seasonal_GDD_C,4437.709999999999,-0.13769675292892888,0.13769675292892888,2
LightGBM,Abia,2022,Max_CDD_days,12.0,-0.025340047160891985,0.025340047160891985,2
LightGBM,Abia,2022,Mean_Tmax_C,29.30912727272728,0.02344947947438374,0.02344947947438374,2
LightGBM,Abia,2022,Mean_Tmin_C,22.96512727272728,0.031162197595943374,0.031162197595943374,2
LightGBM,Abia,2022,Mean_RH_pct,87.75738181818181,-0.06695179503372468,0.06695179503372468,2
LightGBM,Abia,2022,Mean_Solar_Radiation_MJ_m2_day,15.806545454545452,-0.008504400789417407,0.008504400789417407,2
LightGBM,Abia,2022,Rainfall_Anomaly_Z_2000_2019,-0.6696271281432037,-0.06211206696897779,0.06211206696897779,2
LightGBM,Abia,2023,Seasonal_Rainfall_mm,1447.29,0.034518391389747397,0.034518391389747397,2
LightGBM,Abia,2023,Seasonal_GDD_C,4529.725,-0.15261502966654322,0.15261502966654322,2
LightGBM,Abia,2023,Max_CDD_days,6.0,0.0024679657087445235,0.0024679657087445235,2
LightGBM,Abia,2023,Mean_Tmax_C,29.38352727272727,0.06770397509825755,0.06770397509825755,2
LightGBM,Abia,2023,Mean_Tmin_C,23.559927272727275,0.081479837743307,0.081479837743307,2
LightGBM,Abia,2023,Mean_RH_pct,88.9818909090909,0.03609108985976691,0.03609108985976691,2
LightGBM,Abia,2023,Mean_Solar_Radiation_MJ_m2_day,15.72330909090909,-0.002087721446501024,0.002087721446501024,2
LightGBM,Abia,2023,Rainfall_Anomaly_Z_2000_2019,-0.7326357317135213,-0.04597351562838678,0.04597351562838678,2
LightGBM,Abia,2024,Seasonal_Rainfall_mm,1356.55,0.04300003815341014,0.04300003815341014,2
LightGBM,Abia,2024,Seasonal_GDD_C,4627.7,-0.16983273831307039,0.16983273831307039,2
LightGBM,Abia,2024,Max_CDD_days,23.0,0.06158371326110639,0.06158371326110639,2
LightGBM,Abia,2024,Mean_Tmax_C,30.031090909090903,0.08043738065747297,0.08043738065747297,2
LightGBM,Abia,2024,Mean_Tmin_C,23.62490909090909,0.07816352374432751,0.07816352374432751,2
LightGBM,Abia,2024,Mean_RH_pct,87.19501818181817,-0.055348973154505036,0.055348973154505036,2
LightGBM,Abia,2024,Mean_Solar_Radiation_MJ_m2_day,15.994727272727271,-0.004286384035818765,0.004286384035818765,2
LightGBM,Abia,2024,Rainfall_Anomaly_Z_2000_2019,-0.9196010910323762,-0.08953822902685693,0.08953822902685693,2
LightGBM,Bayelsa,2020,Seasonal_Rainfall_mm,3406.75,-0.0260707115456747,0.0260707115456747,2
LightGBM,Bayelsa,2020,Seasonal_GDD_C,4505.755,-0.2667061295773458,0.2667061295773458,2
LightGBM,Bayelsa,2020,Max_CDD_days,11.0,-0.026826093997642075,0.026826093997642075,2
LightGBM,Bayelsa,2020,Mean_Tmax_C,29.097927272727272,-0.1831722703598601,0.1831722703598601,2
LightGBM,Bayelsa,2020,Mean_Tmin_C,23.6712,0.05091187935027598,0.05091187935027598,2
LightGBM,Bayelsa,2020,Mean_RH_pct,89.69930909090908,0.017393985540844623,0.017393985540844623,2
LightGBM,Bayelsa,2020,Mean_Solar_Radiation_MJ_m2_day,14.835854545454543,0.0331172022869153,0.0331172022869153,2
LightGBM,Bayelsa,2020,Rainfall_Anomaly_Z_2000_2019,1.8096273724998884,0.03646198629415854,0.03646198629415854,2
LightGBM,Bayelsa,2021,Seasonal_Rainfall_mm,3166.61,-0.03197617970717762,0.03197617970717762,2
LightGBM,Bayelsa,2021,Seasonal_GDD_C,4504.844999999999,-0.2863015967703517,0.2863015967703517,2
LightGBM,Bayelsa,2021,Max_CDD_days,10.0,0.0005274152996670994,0.0005274152996670994,2
LightGBM,Bayelsa,2021,Mean_Tmax_C,28.9708,-0.21349618459614583,0.21349618459614583,2
LightGBM,Bayelsa,2021,Mean_Tmin_C,23.79170909090909,-0.043116912757644364,0.043116912757644364,2
LightGBM,Bayelsa,2021,Mean_RH_pct,90.18509090909092,0.016116237829052665,0.016116237829052665,2
LightGBM,Bayelsa,2021,Mean_Solar_Radiation_MJ_m2_day,14.8272,0.03525020786703427,0.03525020786703427,2
LightGBM,Bayelsa,2021,Rainfall_Anomaly_Z_2000_2019,1.4370764234858904,0.03259383795924481,0.03259383795924481,2
LightGBM,Bayelsa,2022,Seasonal_Rainfall_mm,1958.96,0.007577558142489095,0.007577558142489095,2
LightGBM,Bayelsa,2022,Seasonal_GDD_C,4498.56,-0.2926412878414382,0.2926412878414382,2
LightGBM,Bayelsa,2022,Max_CDD_days,8.0,0.001854746022634136,0.001854746022634136,2
LightGBM,Bayelsa,2022,Mean_Tmax_C,29.092436363636363,-0.18288272707482175,0.18288272707482175,2
LightGBM,Bayelsa,2022,Mean_Tmin_C,23.62436363636364,0.040767956503570395,0.040767956503570395,2
LightGBM,Bayelsa,2022,Mean_RH_pct,89.43894545454545,0.017146590658661823,0.017146590658661823,2
LightGBM,Bayelsa,2022,Mean_Solar_Radiation_MJ_m2_day,14.540981818181818,0.03753156812988367,0.03753156812988367,2
LightGBM,Bayelsa,2022,Rainfall_Anomaly_Z_2000_2019,-0.4364604865530657,0.0020403694067442626,0.0020403694067442626,2
LightGBM,Bayelsa,2023,Seasonal_Rainfall_mm,1741.0300000000002,0.04248262337245756,0.04248262337245756,2
LightGBM,Bayelsa,2023,Seasonal_GDD_C,4588.27,-0.13769327697385741,0.13769327697385741,2
LightGBM,Bayelsa,2023,Max_CDD_days,7.0,0.008101827641775049,0.008101827641775049,2
LightGBM,Bayelsa,2023,Mean_Tmax_C,29.23770909090909,0.06010452765778616,0.06010452765778616,2
LightGBM,Bayelsa,2023,Mean_Tmin_C,24.131527272727272,-0.06369411737039615,0.06369411737039615,2
LightGBM,Bayelsa,2023,Mean_RH_pct,90.12861818181818,0.04183328906021839,0.04183328906021839,2
LightGBM,Bayelsa,2023,Mean_Solar_Radiation_MJ_m2_day,14.32669090909091,0.06172367721254948,0.06172367721254948,2
LightGBM,Bayelsa,2023,Rainfall_Anomaly_Z_2000_2019,-0.7745550493856657,-0.03233810132649059,0.03233810132649059,2
LightGBM,Bayelsa,2024,Seasonal_Rainfall_mm,1882.98,-0.007315847574274376,0.007315847574274376,2
LightGBM,Bayelsa,2024,Seasonal_GDD_C,4720.065,-0.11897697764228873,0.11897697764228873,2
LightGBM,Bayelsa,2024,Max_CDD_days,21.0,0.03522735318614797,0.03522735318614797,2
LightGBM,Bayelsa,2024,Mean_Tmax_C,29.968800000000005,0.08663738050949633,0.08663738050949633,2
LightGBM,Bayelsa,2024,Mean_Tmin_C,24.358945454545456,-0.126654594448123,0.126654594448123,2
LightGBM,Bayelsa,2024,Mean_RH_pct,88.53152727272726,0.03984036538942559,0.03984036538942559,2
LightGBM,Bayelsa,2024,Mean_Solar_Radiation_MJ_m2_day,14.644981818181815,0.04540500300785277,0.04540500300785277,2
LightGBM,Bayelsa,2024,Rainfall_Anomaly_Z_2000_2019,-0.5543351476094643,0.01401544654869859,0.01401544654869859,2
LightGBM,Ebonyi,2020,Seasonal_Rainfall_mm,1248.7199999999998,0.054049688509929084,0.054049688509929084,2
LightGBM,Ebonyi,2020,Seasonal_GDD_C,4596.469999999999,-0.1396892646894501,0.1396892646894501,2
LightGBM,Ebonyi,2020,Max_CDD_days,19.0,0.044470171611223984,0.044470171611223984,2
LightGBM,Ebonyi,2020,Mean_Tmax_C,30.334036363636365,0.08702845105988566,0.08702845105988566,2
LightGBM,Ebonyi,2020,Mean_Tmin_C,23.094836363636364,0.07401636910954358,0.07401636910954358,2
LightGBM,Ebonyi,2020,Mean_RH_pct,83.32458181818181,-0.07201897489369681,0.07201897489369681,2
LightGBM,Ebonyi,2020,Mean_Solar_Radiation_MJ_m2_day,17.43770909090909,0.011064320256713868,0.011064320256713868,2
LightGBM,Ebonyi,2020,Rainfall_Anomaly_Z_2000_2019,-0.7615284344474759,-0.0567134751865426,0.0567134751865426,2
LightGBM,Ebonyi,2021,Seasonal_Rainfall_mm,769.45,0.023409106041501957,0.023409106041501957,2
LightGBM,Ebonyi,2021,Seasonal_GDD_C,4656.77,-0.21282032724125524,0.21282032724125524,2
LightGBM,Ebonyi,2021,Max_CDD_days,10.0,0.007131386971636549,0.007131386971636549,2
LightGBM,Ebonyi,2021,Mean_Tmax_C,30.56821818181817,0.11855055850107592,0.11855055850107592,2
LightGBM,Ebonyi,2021,Mean_Tmin_C,23.299200000000003,0.08503463810270565,0.08503463810270565,2
LightGBM,Ebonyi,2021,Mean_RH_pct,83.18792727272728,-0.05459137616856704,0.05459137616856704,2
LightGBM,Ebonyi,2021,Mean_Solar_Radiation_MJ_m2_day,17.348618181818182,0.009930056869106151,0.009930056869106151,2
LightGBM,Ebonyi,2021,Rainfall_Anomaly_Z_2000_2019,-1.8505542124476384,-0.04844876971814526,0.04844876971814526,2
LightGBM,Ebonyi,2022,Seasonal_Rainfall_mm,1074.2,0.023225675617086102,0.023225675617086102,2
LightGBM,Ebonyi,2022,Seasonal_GDD_C,4660.165,-0.17961237273288186,0.17961237273288186,2
LightGBM,Ebonyi,2022,Max_CDD_days,27.0,0.07900086407191274,0.07900086407191274,2
LightGBM,Ebonyi,2022,Mean_Tmax_C,30.774472727272727,0.11960548838266936,0.11960548838266936,2
LightGBM,Ebonyi,2022,Mean_Tmin_C,23.11763636363636,0.0727776608842021,0.0727776608842021,2
LightGBM,Ebonyi,2022,Mean_RH_pct,81.36676363636364,-0.0614334294138199,0.0614334294138199,2
LightGBM,Ebonyi,2022,Mean_Solar_Radiation_MJ_m2_day,16.68138181818182,0.019497367089421406,0.019497367089421406,2
LightGBM,Ebonyi,2022,Rainfall_Anomaly_Z_2000_2019,-1.1580831505294091,-0.06751499661950602,0.06751499661950602,2
LightGBM,Ebonyi,2023,Seasonal_Rainfall_mm,791.36,0.028714870792369136,0.028714870792369136,2
LightGBM,Ebonyi,2023,Seasonal_GDD_C,4805.745,-0.2246534280674773,0.2246534280674773,2
LightGBM,Ebonyi,2023,Max_CDD_days,10.0,0.018505138918245734,0.018505138918245734,2
LightGBM,Ebonyi,2023,Mean_Tmax_C,31.068763636363634,0.1409407463900679,0.1409407463900679,2
LightGBM,Ebonyi,2023,Mean_Tmin_C,23.88210909090909,-0.014832433388953334,0.014832433388953334,2
LightGBM,Ebonyi,2023,Mean_RH_pct,82.44301818181818,-0.051317083708045066,0.051317083708045066,2
LightGBM,Ebonyi,2023,Mean_Solar_Radiation_MJ_m2_day,17.042,-0.01667549965557468,0.01667549965557468,2
LightGBM,Ebonyi,2023,Rainfall_Anomaly_Z_2000_2019,-1.8007690082913514,-0.047147760527087,0.047147760527087,2
LightGBM,Ebonyi,2024,Seasonal_Rainfall_mm,903.47,0.10033855698819882,0.10033855698819882,2
LightGBM,Ebonyi,2024,Seasonal_GDD_C,4949.355,-0.20537372433160933,0.20537372433160933,2
LightGBM,Ebonyi,2024,Max_CDD_days,32.0,0.020987395301955626,0.020987395301955626,2
LightGBM,Ebonyi,2024,Mean_Tmax_C,31.96454545454545,0.14097347640576052,0.14097347640576052,2
LightGBM,Ebonyi,2024,Mean_Tmin_C,24.03076363636364,-0.022142088073481024,0.022142088073481024,2
LightGBM,Ebonyi,2024,Mean_RH_pct,78.39523636363637,0.07139515904094562,0.07139515904094562,2
LightGBM,Ebonyi,2024,Mean_Solar_Radiation_MJ_m2_day,17.160509090909088,0.0031286771529401842,0.0031286771529401842,2
LightGBM,Ebonyi,2024,Rainfall_Anomaly_Z_2000_2019,-1.546026003363861,0.010743075651138212,0.010743075651138212,2
LightGBM,Gombe,2020,Seasonal_Rainfall_mm,1223.97,0.03397312247461028,0.03397312247461028,2
LightGBM,Gombe,2020,Seasonal_GDD_C,2917.48,-0.05527475440663539,0.05527475440663539,2
LightGBM,Gombe,2020,Max_CDD_days,16.0,0.02772004209135936,0.02772004209135936,2
LightGBM,Gombe,2020,Mean_Tmax_C,29.91402173913044,-0.10006013384897698,0.10006013384897698,2
LightGBM,Gombe,2020,Mean_Tmin_C,21.797717391304342,-0.01305880420920076,0.01305880420920076,2
LightGBM,Gombe,2020,Mean_RH_pct,81.48249999999999,0.025713351687320585,0.025713351687320585,2
LightGBM,Gombe,2020,Mean_Solar_Radiation_MJ_m2_day,19.93489130434783,-0.10926154188988364,0.10926154188988364,2
LightGBM,Gombe,2020,Rainfall_Anomaly_Z_2000_2019,1.8394671087077792,0.040324734138285606,0.040324734138285606,2
LightGBM,Gombe,2021,Seasonal_Rainfall_mm,2116.09,0.010684854043564165,0.010684854043564165,2
LightGBM,Gombe,2021,Seasonal_GDD_C,2998.59,-0.0856948477349851,0.0856948477349851,2
LightGBM,Gombe,2021,Max_CDD_days,7.0,0.027121346470186224,0.027121346470186224,2
LightGBM,Gombe,2021,Mean_Tmax_C,30.202391304347824,-0.08211384745234862,0.08211384745234862,2
LightGBM,Gombe,2021,Mean_Tmin_C,22.390978260869566,-0.058502358913263004,0.058502358913263004,2
LightGBM,Gombe,2021,Mean_RH_pct,80.56173913043477,-0.0005340242420076265,0.0005340242420076265,2
LightGBM,Gombe,2021,Mean_Solar_Radiation_MJ_m2_day,20.23293478260869,-0.0849396252573963,0.0849396252573963,2
LightGBM,Gombe,2021,Rainfall_Anomaly_Z_2000_2019,6.35516627319359,-0.0335303797782753,0.0335303797782753,2
LightGBM,Gombe,2022,Seasonal_Rainfall_mm,1999.82,0.012702362160531014,0.012702362160531014,2
LightGBM,Gombe,2022,Seasonal_GDD_C,2853.9350000000004,-0.02951846386829474,0.02951846386829474,2
LightGBM,Gombe,2022,Max_CDD_days,11.0,-0.025850218582134127,0.025850218582134127,2
LightGBM,Gombe,2022,Mean_Tmax_C,29.278260869565216,-0.11622449808380522,0.11622449808380522,2
LightGBM,Gombe,2022,Mean_Tmin_C,21.74277173913044,-0.02300215548931031,0.02300215548931031,2
LightGBM,Gombe,2022,Mean_RH_pct,83.41086956521738,0.017942104883546136,0.017942104883546136,2
LightGBM,Gombe,2022,Mean_Solar_Radiation_MJ_m2_day,19.402282608695653,-0.0904427698029433,0.0904427698029433,2
LightGBM,Gombe,2022,Rainfall_Anomaly_Z_2000_2019,5.766635199061448,-0.03784652507213137,0.03784652507213137,2
LightGBM,Gombe,2023,Seasonal_Rainfall_mm,741.76,0.001980998241051241,0.001980998241051241,2
LightGBM,Gombe,2023,Seasonal_GDD_C,3191.395,-0.10608562522727238,0.10608562522727238,2
LightGBM,Gombe,2023,Max_CDD_days,14.0,-0.019803962077159034,0.019803962077159034,2
LightGBM,Gombe,2023,Mean_Tmax_C,31.85722826086956,-0.013403873730116029,0.013403873730116029,2
LightGBM,Gombe,2023,Mean_Tmin_C,22.83184782608696,-0.06874774561862565,0.06874774561862565,2
LightGBM,Gombe,2023,Mean_RH_pct,74.19826086956522,-0.06680231336661638,0.06680231336661638,2
LightGBM,Gombe,2023,Mean_Solar_Radiation_MJ_m2_day,19.625,-0.1463601284356406,0.1463601284356406,2
LightGBM,Gombe,2023,Rainfall_Anomaly_Z_2000_2019,-0.6013651718225336,0.06059369725956931,0.06059369725956931,2
LightGBM,Gombe,2024,Seasonal_Rainfall_mm,1433.4500000000005,0.031599095149333234,0.031599095149333234,2
LightGBM,Gombe,2024,Seasonal_GDD_C,3255.21,-0.04482251337543027,0.04482251337543027,2
LightGBM,Gombe,2024,Max_CDD_days,16.0,0.0644819010811341,0.0644819010811341,2
LightGBM,Gombe,2024,Mean_Tmax_C,31.93304347826087,0.04581031276217323,0.04581031276217323,2
LightGBM,Gombe,2024,Mean_Tmin_C,23.44967391304348,0.10839593663000836,0.10839593663000836,2
LightGBM,Gombe,2024,Mean_RH_pct,73.95494565217392,-0.09644177111577502,0.09644177111577502,2
LightGBM,Gombe,2024,Mean_Solar_Radiation_MJ_m2_day,19.025163043478265,0.06343744813479472,0.06343744813479472,2
LightGBM,Gombe,2024,Rainfall_Anomaly_Z_2000_2019,2.8998050239842987,-0.01905210166920298,0.01905210166920298,2
LightGBM,Katsina,2020,Seasonal_Rainfall_mm,1286.37,0.024169355390331906,0.024169355390331906,2
LightGBM,Katsina,2020,Seasonal_GDD_C,3047.695,-0.10665241129971709,0.10665241129971709,2
LightGBM,Katsina,2020,Max_CDD_days,22.0,0.03980836313231517,0.03980836313231517,2
LightGBM,Katsina,2020,Mean_Tmax_C,31.075434782608696,-0.028607320912815457,0.028607320912815457,2
LightGBM,Katsina,2020,Mean_Tmin_C,22.051684782608696,-0.037678822332987104,0.037678822332987104,2
LightGBM,Katsina,2020,Mean_RH_pct,73.52309782608695,-0.09088101320549802,0.09088101320549802,2
LightGBM,Katsina,2020,Mean_Solar_Radiation_MJ_m2_day,20.7358695652174,-0.055157393601944486,0.055157393601944486,2
LightGBM,Katsina,2020,Rainfall_Anomaly_Z_2000_2019,5.668777987207091,-0.05337221855572208,0.05337221855572208,2
LightGBM,Katsina,2021,Seasonal_Rainfall_mm,1784.42,0.03593011816301178,0.03593011816301178,2
LightGBM,Katsina,2021,Seasonal_GDD_C,3183.3,-0.09949602960217035,0.09949602960217035,2
LightGBM,Katsina,2021,Max_CDD_days,16.0,0.04001620599910017,0.04001620599910017,2
LightGBM,Katsina,2021,Mean_Tmax_C,32.14059782608695,0.05586853054354816,0.05586853054354816,2
LightGBM,Katsina,2021,Mean_Tmin_C,22.46048913043478,-0.07525633027000891,0.07525633027000891,2
LightGBM,Katsina,2021,Mean_RH_pct,67.67728260869565,-0.0881065954120993,0.0881065954120993,2
LightGBM,Katsina,2021,Mean_Solar_Radiation_MJ_m2_day,21.758967391304346,-0.03179635223496182,0.03179635223496182,2
LightGBM,Katsina,2021,Rainfall_Anomaly_Z_2000_2019,10.01523542342234,-0.03461916066467133,0.03461916066467133,2
LightGBM,Katsina,2022,Seasonal_Rainfall_mm,1292.12,0.026798298661833874,0.026798298661833874,2
LightGBM,Katsina,2022,Seasonal_GDD_C,3019.4,-0.12877916644971138,0.12877916644971138,2
LightGBM,Katsina,2022,Max_CDD_days,24.0,0.040544324317767715,0.040544324317767715,2
LightGBM,Katsina,2022,Mean_Tmax_C,31.03358695652174,-0.030945925299435077,0.030945925299435077,2
LightGBM,Katsina,2022,Mean_Tmin_C,21.78597826086957,-0.03061848988743744,0.03061848988743744,2
LightGBM,Katsina,2022,Mean_RH_pct,72.87679347826086,-0.10462542904086504,0.10462542904086504,2
LightGBM,Katsina,2022,Mean_Solar_Radiation_MJ_m2_day,20.36951086956521,-0.11788968583179348,0.11788968583179348,2
LightGBM,Katsina,2022,Rainfall_Anomaly_Z_2000_2019,5.71895794957681,-0.05344758965414216,0.05344758965414216,2
LightGBM,Katsina,2023,Seasonal_Rainfall_mm,971.02,0.05806438265386381,0.05806438265386381,2
LightGBM,Katsina,2023,Seasonal_GDD_C,3287.665,-0.052054501573463564,0.052054501573463564,2
LightGBM,Katsina,2023,Max_CDD_days,29.0,0.007467771073691492,0.007467771073691492,2
LightGBM,Katsina,2023,Mean_Tmax_C,32.88858695652174,0.08259803384146411,0.08259803384146411,2
LightGBM,Katsina,2023,Mean_Tmin_C,22.846902173913044,-0.049043832818127894,0.049043832818127894,2
LightGBM,Katsina,2023,Mean_RH_pct,65.37760869565217,-0.08903989342238532,0.08903989342238532,2
LightGBM,Katsina,2023,Mean_Solar_Radiation_MJ_m2_day,21.052663043478265,-0.014894009355777687,0.014894009355777687,2
LightGBM,Katsina,2023,Rainfall_Anomaly_Z_2000_2019,2.916734311852252,-0.025383593113511165,0.025383593113511165,2
LightGBM,Katsina,2024,Seasonal_Rainfall_mm,1290.86,0.03330056379563679,0.03330056379563679,2
LightGBM,Katsina,2024,Seasonal_GDD_C,3208.635,-0.15477965132595103,0.15477965132595103,2
LightGBM,Katsina,2024,Max_CDD_days,17.0,0.0339779015262161,0.0339779015262161,2
LightGBM,Katsina,2024,Mean_Tmax_C,31.866684782608697,-0.02549300482503265,0.02549300482503265,2
LightGBM,Katsina,2024,Mean_Tmin_C,23.009782608695648,0.03803950567368474,0.03803950567368474,2
LightGBM,Katsina,2024,Mean_RH_pct,71.46581521739131,-0.11347087887963825,0.11347087887963825,2
LightGBM,Katsina,2024,Mean_Solar_Radiation_MJ_m2_day,19.78010869565217,-0.1483009538983946,0.1483009538983946,2
LightGBM,Katsina,2024,Rainfall_Anomaly_Z_2000_2019,5.707961992605359,-0.038797398819386535,0.038797398819386535,2
LightGBM,Nasarawa,2020,Seasonal_Rainfall_mm,1003.25,0.07589088619453853,0.07589088619453853,2
LightGBM,Nasarawa,2020,Seasonal_GDD_C,3561.81,0.14041295393234335,0.14041295393234335,2
LightGBM,Nasarawa,2020,Max_CDD_days,10.0,0.0064407016845861535,0.0064407016845861535,2
LightGBM,Nasarawa,2020,Mean_Tmax_C,30.36845794392524,-0.002682684055402675,0.002682684055402675,2
LightGBM,Nasarawa,2020,Mean_Tmin_C,22.91948598130841,-0.005878040114265708,0.005878040114265708,2
LightGBM,Nasarawa,2020,Mean_RH_pct,81.91602803738317,0.013492315285798228,0.013492315285798228,2
LightGBM,Nasarawa,2020,Mean_Solar_Radiation_MJ_m2_day,17.922429906542053,0.04874309489569156,0.04874309489569156,2
LightGBM,Nasarawa,2020,Rainfall_Anomaly_Z_2000_2019,-0.0101489554872834,0.03658112182501379,0.03658112182501379,2
LightGBM,Nasarawa,2021,Seasonal_Rainfall_mm,1309.91,0.060164147762684896,0.060164147762684896,2
LightGBM,Nasarawa,2021,Seasonal_GDD_C,3679.7800000000007,0.21459489355662306,0.21459489355662306,2
LightGBM,Nasarawa,2021,Max_CDD_days,20.0,0.08013026467242422,0.08013026467242422,2
LightGBM,Nasarawa,2021,Mean_Tmax_C,30.93126168224299,0.11015829424987397,0.11015829424987397,2
LightGBM,Nasarawa,2021,Mean_Tmin_C,23.45920560747663,0.14778326673451617,0.14778326673451617,2
LightGBM,Nasarawa,2021,Mean_RH_pct,79.75967289719625,0.15862813130960768,0.15862813130960768,2
LightGBM,Nasarawa,2021,Mean_Solar_Radiation_MJ_m2_day,18.07626168224299,0.08278368393521861,0.08278368393521861,2
LightGBM,Nasarawa,2021,Rainfall_Anomaly_Z_2000_2019,0.9824451091690752,-0.013872911497469822,0.013872911497469822,2
LightGBM,Nasarawa,2022,Seasonal_Rainfall_mm,1853.69,0.02488264261227229,0.02488264261227229,2
LightGBM,Nasarawa,2022,Seasonal_GDD_C,3427.59,-0.06470631143137123,0.06470631143137123,2
LightGBM,Nasarawa,2022,Max_CDD_days,16.0,0.05925890156548049,0.05925890156548049,2
LightGBM,Nasarawa,2022,Mean_Tmax_C,29.23373831775701,-0.07172264985073025,0.07172264985073025,2
LightGBM,Nasarawa,2022,Mean_Tmin_C,22.799813084112152,-0.035536667579782945,0.035536667579782945,2
LightGBM,Nasarawa,2022,Mean_RH_pct,85.63934579439253,0.011704281782825825,0.011704281782825825,2
LightGBM,Nasarawa,2022,Mean_Solar_Radiation_MJ_m2_day,17.14714953271028,-0.037298320853820975,0.037298320853820975,2
LightGBM,Nasarawa,2022,Rainfall_Anomaly_Z_2000_2019,2.7425468520727296,-0.007091659301312075,0.007091659301312075,2
LightGBM,Nasarawa,2023,Seasonal_Rainfall_mm,732.91,0.0021993105043815408,0.0021993105043815408,2
LightGBM,Nasarawa,2023,Seasonal_GDD_C,3883.0899999999992,0.2053938558399165,0.2053938558399165,2
LightGBM,Nasarawa,2023,Max_CDD_days,14.0,-0.0009989032777295273,0.0009989032777295273,2
LightGBM,Nasarawa,2023,Mean_Tmax_C,32.209672897196256,0.20127749153700927,0.20127749153700927,2
LightGBM,Nasarawa,2023,Mean_Tmin_C,24.08088785046729,0.02756731904039044,0.02756731904039044,2
LightGBM,Nasarawa,2023,Mean_RH_pct,76.32126168224299,0.06412316221466526,0.06412316221466526,2
LightGBM,Nasarawa,2023,Mean_Solar_Radiation_MJ_m2_day,17.813551401869162,0.06697485048958692,0.06697485048958692,2
LightGBM,Nasarawa,2023,Rainfall_Anomaly_Z_2000_2019,-0.8851828022204732,0.08661955131460262,0.08661955131460262,2
LightGBM,Nasarawa,2024,Seasonal_Rainfall_mm,1023.58,-0.0031279930814856827,0.0031279930814856827,2
LightGBM,Nasarawa,2024,Seasonal_GDD_C,3821.105,0.2034616336545761,0.2034616336545761,2
LightGBM,Nasarawa,2024,Max_CDD_days,16.0,0.0447431140726185,0.0447431140726185,2
LightGBM,Nasarawa,2024,Mean_Tmax_C,31.623457943925235,0.12916492708496716,0.12916492708496716,2
LightGBM,Nasarawa,2024,Mean_Tmin_C,24.08780373831776,0.019536318845507494,0.019536318845507494,2
LightGBM,Nasarawa,2024,Mean_RH_pct,78.61088785046731,0.1859313595207353,0.1859313595207353,2
LightGBM,Nasarawa,2024,Mean_Solar_Radiation_MJ_m2_day,17.359859813084114,0.05639559627402505,0.05639559627402505,2
LightGBM,Nasarawa,2024,Rainfall_Anomaly_Z_2000_2019,0.0556549880803931,-0.02011848908746593,0.02011848908746593,2
LightGBM,Oyo,2020,Seasonal_Rainfall_mm,1554.8200000000002,0.029163277487441536,0.029163277487441536,2
LightGBM,Oyo,2020,Seasonal_GDD_C,4334.17,0.07731671674959409,0.07731671674959409,2
LightGBM,Oyo,2020,Max_CDD_days,11.0,-0.03221951307755661,0.03221951307755661,2
LightGBM,Oyo,2020,Mean_Tmax_C,29.159127272727275,0.017795859812271574,0.017795859812271574,2
LightGBM,Oyo,2020,Mean_Tmin_C,22.36210909090909,-0.04138827567323049,0.04138827567323049,2
LightGBM,Oyo,2020,Mean_RH_pct,88.19909090909091,-0.0030756640364012805,0.0030756640364012805,2
LightGBM,Oyo,2020,Mean_Solar_Radiation_MJ_m2_day,16.444181818181818,0.021428148654474802,0.021428148654474802,2
LightGBM,Oyo,2020,Rainfall_Anomaly_Z_2000_2019,-0.12257994838456,0.018224677273973464,0.018224677273973464,2
LightGBM,Oyo,2021,Seasonal_Rainfall_mm,2370.13,-0.010413792214945539,0.010413792214945539,2
LightGBM,Oyo,2021,Seasonal_GDD_C,4359.49,0.1400362844182161,0.1400362844182161,2
LightGBM,Oyo,2021,Max_CDD_days,10.0,-0.006693684356776296,0.006693684356776296,2
LightGBM,Oyo,2021,Mean_Tmax_C,29.11552727272727,-0.04099009764728977,0.04099009764728977,2
LightGBM,Oyo,2021,Mean_Tmin_C,22.589854545454543,-0.045014790086579486,0.045014790086579486,2
LightGBM,Oyo,2021,Mean_RH_pct,88.73483636363638,-0.00037304726230602905,0.00037304726230602905,2
LightGBM,Oyo,2021,Mean_Solar_Radiation_MJ_m2_day,16.970436363636363,-0.03986011074337226,0.03986011074337226,2
LightGBM,Oyo,2021,Rainfall_Anomaly_Z_2000_2019,2.9024414729307835,0.020897437488183793,0.020897437488183793,2
LightGBM,Oyo,2022,Seasonal_Rainfall_mm,2143.53,0.006046093729156692,0.006046093729156692,2
LightGBM,Oyo,2022,Seasonal_GDD_C,4276.58,0.14017080155843936,0.14017080155843936,2
LightGBM,Oyo,2022,Max_CDD_days,14.0,-0.029531608155863066,0.029531608155863066,2
LightGBM,Oyo,2022,Mean_Tmax_C,28.824472727272724,-0.10804172021065415,0.10804172021065415,2
LightGBM,Oyo,2022,Mean_Tmin_C,22.277927272727275,-0.03581085029224374,0.03581085029224374,2
LightGBM,Oyo,2022,Mean_RH_pct,88.62149090909092,0.004787216945094057,0.004787216945094057,2
LightGBM,Oyo,2022,Mean_Solar_Radiation_MJ_m2_day,16.104836363636363,-0.009904876972517677,0.009904876972517677,2
LightGBM,Oyo,2022,Rainfall_Anomaly_Z_2000_2019,2.0616939608555525,0.03218632724162046,0.03218632724162046,2
LightGBM,Oyo,2023,Seasonal_Rainfall_mm,2181.9700000000003,0.011087249696945559,0.011087249696945559,2
LightGBM,Oyo,2023,Seasonal_GDD_C,4419.96,-0.08923564399909202,0.08923564399909202,2
LightGBM,Oyo,2023,Max_CDD_days,6.0,0.008448074290904321,0.008448074290904321,2
LightGBM,Oyo,2023,Mean_Tmax_C,29.19127272727273,0.10766408035630241,0.10766408035630241,2
LightGBM,Oyo,2023,Mean_Tmin_C,22.95389090909091,0.0521900171615474,0.0521900171615474,2
LightGBM,Oyo,2023,Mean_RH_pct,89.49072727272726,0.05335946605169138,0.05335946605169138,2
LightGBM,Oyo,2023,Mean_Solar_Radiation_MJ_m2_day,16.222800000000003,-0.00025177216530971913,0.00025177216530971913,2
LightGBM,Oyo,2023,Rainfall_Anomaly_Z_2000_2019,2.2043167956488974,0.04695765670922859,0.04695765670922859,2
LightGBM,Oyo,2024,Seasonal_Rainfall_mm,1632.55,0.05168022909120433,0.05168022909120433,2
LightGBM,Oyo,2024,Seasonal_GDD_C,4472.030000000001,-0.08820409480832407,0.08820409480832407,2
LightGBM,Oyo,2024,Max_CDD_days,19.0,0.028172182209831826,0.028172182209831826,2
LightGBM,Oyo,2024,Mean_Tmax_C,29.67494545454545,0.06395870471768993,0.06395870471768993,2
LightGBM,Oyo,2024,Mean_Tmin_C,22.848909090909093,0.014535739263683893,0.014535739263683893,2
LightGBM,Oyo,2024,Mean_RH_pct,87.58556363636363,-0.05027671552969227,0.05027671552969227,2
LightGBM,Oyo,2024,Mean_Solar_Radiation_MJ_m2_day,15.93450909090909,0.012925582597342156,0.012925582597342156,2
LightGBM,Oyo,2024,Rainfall_Anomaly_Z_2000_2019,0.1658194519402747,-0.002192652104993357,0.002192652104993357,2
LightGBM,Yobe,2020,Seasonal_Rainfall_mm,772.9,0.004319152843695694,0.004319152843695694,2
LightGBM,Yobe,2020,Seasonal_GDD_C,3219.32,-0.06829259098691402,0.06829259098691402,2
LightGBM,Yobe,2020,Max_CDD_days,15.0,-0.002345825580709115,0.002345825580709115,2
LightGBM,Yobe,2020,Mean_Tmax_C,32.583858695652175,0.11676278293736693,0.11676278293736693,2
LightGBM,Yobe,2020,Mean_Tmin_C,22.40875,-0.08841950238119414,0.08841950238119414,2
LightGBM,Yobe,2020,Mean_RH_pct,70.93402173913044,-0.03174123607443587,0.03174123607443587,2
LightGBM,Yobe,2020,Mean_Solar_Radiation_MJ_m2_day,20.724945652173915,-0.015016011052415321,0.015016011052415321,2
LightGBM,Yobe,2020,Rainfall_Anomaly_Z_2000_2019,0.8707398989279639,0.0469931689793248,0.0469931689793248,2
LightGBM,Yobe,2021,Seasonal_Rainfall_mm,1600.22,0.010977953358973799,0.010977953358973799,2
LightGBM,Yobe,2021,Seasonal_GDD_C,3185.955,-0.10282427420805802,0.10282427420805802,2
LightGBM,Yobe,2021,Max_CDD_days,14.0,-0.029922588159729917,0.029922588159729917,2
LightGBM,Yobe,2021,Mean_Tmax_C,32.06440217391304,0.09556630225097099,0.09556630225097099,2
LightGBM,Yobe,2021,Mean_Tmin_C,22.56554347826087,-0.07905017990360041,0.07905017990360041,2
LightGBM,Yobe,2021,Mean_RH_pct,72.73184782608696,-0.06389161598161175,0.06389161598161175,2
LightGBM,Yobe,2021,Mean_Solar_Radiation_MJ_m2_day,21.239565217391306,-0.027063801951245015,0.027063801951245015,2
LightGBM,Yobe,2021,Rainfall_Anomaly_Z_2000_2019,7.154425193111498,-0.045193801647162746,0.045193801647162746,2
LightGBM,Yobe,2022,Seasonal_Rainfall_mm,871.1000000000001,-0.040436341969727875,0.040436341969727875,2
LightGBM,Yobe,2022,Seasonal_GDD_C,3119.54,-0.13474633409106274,0.13474633409106274,2
LightGBM,Yobe,2022,Max_CDD_days,19.0,-0.029112894066087955,0.029112894066087955,2
LightGBM,Yobe,2022,Mean_Tmax_C,31.67815217391304,-0.02547729607176836,0.02547729607176836,2
LightGBM,Yobe,2022,Mean_Tmin_C,22.229891304347827,-0.06682719404811989,0.06682719404811989,2
LightGBM,Yobe,2022,Mean_RH_pct,73.64353260869565,-0.09193236531335171,0.09193236531335171,2
LightGBM,Yobe,2022,Mean_Solar_Radiation_MJ_m2_day,20.19375,-0.1402059919474383,0.1402059919474383,2
LightGBM,Yobe,2022,Rainfall_Anomaly_Z_2000_2019,1.6165914387055882,-0.006646940987628525,0.006646940987628525,2
LightGBM,Yobe,2023,Seasonal_Rainfall_mm,400.36,-0.23941749854123046,0.23941749854123046,2
LightGBM,Yobe,2023,Seasonal_GDD_C,3657.69,0.14096642078452246,0.14096642078452246,2
LightGBM,Yobe,2023,Max_CDD_days,29.0,-0.01390656586629817,0.01390656586629817,2
LightGBM,Yobe,2023,Mean_Tmax_C,35.847228260869564,0.07397427043150877,0.07397427043150877,2
LightGBM,Yobe,2023,Mean_Tmin_C,23.91027173913044,-0.04029152834215582,0.04029152834215582,2
LightGBM,Yobe,2023,Mean_RH_pct,58.51592391304348,-0.034910444361353224,0.034910444361353224,2
LightGBM,Yobe,2023,Mean_Solar_Radiation_MJ_m2_day,20.85445652173913,-0.04378469762068071,0.04378469762068071,2
LightGBM,Yobe,2023,Rainfall_Anomaly_Z_2000_2019,-1.9587869099188349,0.04863853276593876,0.04863853276593876,2
LightGBM,Yobe,2024,Seasonal_Rainfall_mm,926.85,0.08207941894256054,0.08207941894256054,2
LightGBM,Yobe,2024,Seasonal_GDD_C,3455.5950000000003,0.12090668783904637,0.12090668783904637,2
LightGBM,Yobe,2024,Max_CDD_days,31.0,0.0003133291865136487,0.0003133291865136487,2
LightGBM,Yobe,2024,Mean_Tmax_C,33.55940217391304,0.14098597433876298,0.14098597433876298,2
LightGBM,Yobe,2024,Mean_Tmin_C,24.001413043478266,-0.04874386008485378,0.04874386008485378,2
LightGBM,Yobe,2024,Mean_RH_pct,66.63913043478261,-0.0650113902342091,0.0650113902342091,2
LightGBM,Yobe,2024,Mean_Solar_Radiation_MJ_m2_day,20.06733695652174,-0.08897333850217376,0.08897333850217376,2
LightGBM,Yobe,2024,Rainfall_Anomaly_Z_2000_2019,2.0400254849642674,-0.028965979463788642,0.028965979463788642,2
RandomForest,Bauchi,2020,Seasonal_Rainfall_mm,1338.38,0.03633338393992006,0.03633338393992006,3
RandomForest,Bauchi,2020,Seasonal_GDD_C,2857.49,0.04643096127506502,0.04643096127506502,3
RandomForest,Bauchi,2020,Max_CDD_days,16.0,0.011123855709013834,0.011123855709013834,3
RandomForest,Bauchi,2020,Mean_Tmax_C,29.895434782608696,0.00859986438834716,0.00859986438834716,3
RandomForest,Bauchi,2020,Mean_Tmin_C,21.164239130434783,-0.058243847900393726,0.058243847900393726,3
RandomForest,Bauchi,2020,Mean_RH_pct,79.14635869565218,0.021670262989197015,0.021670262989197015,3
RandomForest,Bauchi,2020,Mean_Solar_Radiation_MJ_m2_day,19.908967391304348,-0.21282541796917367,0.21282541796917367,3
RandomForest,Bauchi,2020,Rainfall_Anomaly_Z_2000_2019,3.3144213928728363,0.0411873190939054,0.0411873190939054,3
RandomForest,Bauchi,2021,Seasonal_Rainfall_mm,3158.65,-0.0171287224400061,0.0171287224400061,3
RandomForest,Bauchi,2021,Seasonal_GDD_C,2917.545,0.026644881955048674,0.026644881955048674,3
RandomForest,Bauchi,2021,Max_CDD_days,7.0,0.0037956995744401626,0.0037956995744401626,3
RandomForest,Bauchi,2021,Mean_Tmax_C,29.966413043478266,0.008213220278464115,0.008213220278464115,3
RandomForest,Bauchi,2021,Mean_Tmin_C,21.746032608695653,-0.08417080160331222,0.08417080160331222,3
RandomForest,Bauchi,2021,Mean_RH_pct,79.24277173913043,0.01656233587302087,0.01656233587302087,3
RandomForest,Bauchi,2021,Mean_Solar_Radiation_MJ_m2_day,20.37092391304348,-0.18546770334914425,0.18546770334914425,3
RandomForest,Bauchi,2021,Rainfall_Anomaly_Z_2000_2019,12.587090836517508,0.042555812895710705,0.042555812895710705,3
RandomForest,Bauchi,2022,Seasonal_Rainfall_mm,1997.89,-0.0005342319916000317,0.0005342319916000317,3
RandomForest,Bauchi,2022,Seasonal_GDD_C,2784.585,0.12227532442147065,0.12227532442147065,3
RandomForest,Bauchi,2022,Max_CDD_days,11.0,0.00019437181443305305,0.00019437181443305305,3
RandomForest,Bauchi,2022,Mean_Tmax_C,29.248695652173915,-0.009083911931141726,0.009083911931141726,3
RandomForest,Bauchi,2022,Mean_Tmin_C,21.01853260869565,-0.03598743180951891,0.03598743180951891,3
RandomForest,Bauchi,2022,Mean_RH_pct,80.89706521739132,0.017695212261523534,0.017695212261523534,3
RandomForest,Bauchi,2022,Mean_Solar_Radiation_MJ_m2_day,19.61842391304348,-0.16231009366932095,0.16231009366932095,3
RandomForest,Bauchi,2022,Rainfall_Anomaly_Z_2000_2019,6.674042891209951,0.030137349167743036,0.030137349167743036,3
RandomForest,Bauchi,2023,Seasonal_Rainfall_mm,515.3399999999999,-0.027571376293525934,0.027571376293525934,3
RandomForest,Bauchi,2023,Seasonal_GDD_C,3288.375,0.0495197729072939,0.0495197729072939,3
RandomForest,Bauchi,2023,Max_CDD_days,14.0,0.02842978817928589,0.02842978817928589,3
RandomForest,Bauchi,2023,Mean_Tmax_C,33.11086956521739,0.04496855529940791,0.04496855529940791,3
RandomForest,Bauchi,2023,Mean_Tmin_C,22.632336956521737,-0.043506140137069015,0.043506140137069015,3
RandomForest,Bauchi,2023,Mean_RH_pct,67.03826086956522,-0.0283074077664403,0.0283074077664403,3
RandomForest,Bauchi,2023,Mean_Solar_Radiation_MJ_m2_day,20.07690217391304,-0.2637214780472081,0.2637214780472081,3
RandomForest,Bauchi,2023,Rainfall_Anomaly_Z_2000_2019,-0.878241156582634,-0.02581666665219752,0.02581666665219752,3
RandomForest,Bauchi,2024,Seasonal_Rainfall_mm,1085.11,0.018700047633160747,0.018700047633160747,3
RandomForest,Bauchi,2024,Seasonal_GDD_C,3200.24,0.04958696512383807,0.04958696512383807,3
RandomForest,Bauchi,2024,Max_CDD_days,16.0,0.015110141499209303,0.015110141499209303,3
RandomForest,Bauchi,2024,Mean_Tmax_C,31.968804347826087,0.039104910870798634,0.039104910870798634,3
RandomForest,Bauchi,2024,Mean_Tmin_C,22.816413043478263,0.007764920428331655,0.007764920428331655,3
RandomForest,Bauchi,2024,Mean_RH_pct,71.98304347826088,-0.03353914002246749,0.03353914002246749,3
RandomForest,Bauchi,2024,Mean_Solar_Radiation_MJ_m2_day,19.371358695652173,-0.12294488496073229,0.12294488496073229,3
RandomForest,Bauchi,2024,Rainfall_Anomaly_Z_2000_2019,2.0242342283357715,-0.02617609277327019,0.02617609277327019,3
RandomForest,Delta,2020,Seasonal_Rainfall_mm,2209.44,-0.018399564233006146,0.018399564233006146,3
RandomForest,Delta,2020,Seasonal_GDD_C,4440.435,-0.27521505983878786,0.27521505983878786,3
RandomForest,Delta,2020,Max_CDD_days,11.0,0.0017633866526946596,0.0017633866526946596,3
RandomForest,Delta,2020,Mean_Tmax_C,29.250690909090903,-0.04059494768808355,0.04059494768808355,3
RandomForest,Delta,2020,Mean_Tmin_C,23.043381818181818,0.017107611763447755,0.017107611763447755,3
RandomForest,Delta,2020,Mean_RH_pct,87.63425454545454,-0.0253784089666657,0.0253784089666657,3
RandomForest,Delta,2020,Mean_Solar_Radiation_MJ_m2_day,16.51316363636364,0.09396716372369561,0.09396716372369561,3
RandomForest,Delta,2020,Rainfall_Anomaly_Z_2000_2019,0.9672548710028384,0.02873276586165166,0.02873276586165166,3
RandomForest,Delta,2021,Seasonal_Rainfall_mm,2162.34,-0.009489673291430509,0.009489673291430509,3
RandomForest,Delta,2021,Seasonal_GDD_C,4433.014999999999,-0.260106351763128,0.260106351763128,3
RandomForest,Delta,2021,Max_CDD_days,10.0,0.001376136686817907,0.001376136686817907,3
RandomForest,Delta,2021,Mean_Tmax_C,29.016872727272727,-0.09483360702182189,0.09483360702182189,3
RandomForest,Delta,2021,Mean_Tmin_C,23.223236363636364,0.03800133454795131,0.03800133454795131,3
RandomForest,Delta,2021,Mean_RH_pct,88.82174545454546,-0.009564836424569133,0.009564836424569133,3
RandomForest,Delta,2021,Mean_Solar_Radiation_MJ_m2_day,16.543636363636363,0.09782827161756026,0.09782827161756026,3
RandomForest,Delta,2021,Rainfall_Anomaly_Z_2000_2019,0.8779268269870816,0.018161927853821407,0.018161927853821407,3
RandomForest,Delta,2022,Seasonal_Rainfall_mm,1429.84,0.0366029770421269,0.0366029770421269,3
RandomForest,Delta,2022,Seasonal_GDD_C,4430.95,-0.2689354312055416,0.2689354312055416,3
RandomForest,Delta,2022,Max_CDD_days,14.0,0.005312588870233841,0.005312588870233841,3
RandomForest,Delta,2022,Mean_Tmax_C,29.22610909090909,-0.06308126979170905,0.06308126979170905,3
RandomForest,Delta,2022,Mean_Tmin_C,22.99898181818181,0.018223298969997477,0.018223298969997477,3
RandomForest,Delta,2022,Mean_RH_pct,87.20010909090908,-0.032487347604683886,0.032487347604683886,3
RandomForest,Delta,2022,Mean_Solar_Radiation_MJ_m2_day,15.91301818181818,-0.05066409632464711,0.05066409632464711,3
RandomForest,Delta,2022,Rainfall_Anomaly_Z_2000_2019,-0.5113044307951118,0.022869693186635776,0.022869693186635776,3
RandomForest,Delta,2023,Seasonal_Rainfall_mm,1587.33,0.03794640991749559,0.03794640991749559,3
RandomForest,Delta,2023,Seasonal_GDD_C,4537.595,-0.19770853032885802,0.19770853032885802,3
RandomForest,Delta,2023,Max_CDD_days,8.0,0.0023946685252779864,0.0023946685252779864,3
RandomForest,Delta,2023,Mean_Tmax_C,29.387600000000003,0.03727891764014672,0.03727891764014672,3
RandomForest,Delta,2023,Mean_Tmin_C,23.61309090909091,0.036135231841840455,0.036135231841840455,3
RandomForest,Delta,2023,Mean_RH_pct,88.52974545454545,-0.017523398258357536,0.017523398258357536,3
RandomForest,Delta,2023,Mean_Solar_Radiation_MJ_m2_day,16.094145454545455,0.03140496105385129,0.03140496105385129,3
RandomForest,Delta,2023,Rainfall_Anomaly_Z_2000_2019,-0.2126149689683303,0.05867409506795924,0.05867409506795924,3
RandomForest,Delta,2024,Seasonal_Rainfall_mm,1347.01,0.036740787263885556,0.036740787263885556,3
RandomForest,Delta,2024,Seasonal_GDD_C,4641.875,-0.21976039530147548,0.21976039530147548,3
RandomForest,Delta,2024,Max_CDD_days,21.0,0.01243967445660042,0.01243967445660042,3
RandomForest,Delta,2024,Mean_Tmax_C,30.05850909090909,0.08057541060887272,0.08057541060887272,3
RandomForest,Delta,2024,Mean_Tmin_C,23.700581818181817,0.032032435490794146,0.032032435490794146,3
RandomForest,Delta,2024,Mean_RH_pct,86.4098909090909,-0.006706190275350722,0.006706190275350722,3
RandomForest,Delta,2024,Mean_Solar_Radiation_MJ_m2_day,16.385490909090908,0.0911377298427019,0.0911377298427019,3
RandomForest,Delta,2024,Rainfall_Anomaly_Z_2000_2019,-0.6683966152075341,0.036066427904351425,0.036066427904351425,3
RandomForest,FCT,2020,Seasonal_Rainfall_mm,1351.59,0.023587583788187334,0.023587583788187334,3
RandomForest,FCT,2020,Seasonal_GDD_C,3289.0600000000004,0.1317943001730197,0.1317943001730197,3
RandomForest,FCT,2020,Max_CDD_days,11.0,0.0027930311643869425,0.0027930311643869425,3
RandomForest,FCT,2020,Mean_Tmax_C,29.09359813084112,-0.04542470177346282,0.04542470177346282,3
RandomForest,FCT,2020,Mean_Tmin_C,21.645280373831778,-0.06566593389471354,0.06566593389471354,3
RandomForest,FCT,2020,Mean_RH_pct,83.91345794392525,0.0002837925419273106,0.0002837925419273106,3
RandomForest,FCT,2020,Mean_Solar_Radiation_MJ_m2_day,17.96242990654206,0.17283443237860255,0.17283443237860255,3
RandomForest,FCT,2020,Rainfall_Anomaly_Z_2000_2019,0.5491280097315004,-0.006159554882998373,0.006159554882998373,3
RandomForest,FCT,2021,Seasonal_Rainfall_mm,1297.06,0.021912457029069073,0.021912457029069073,3
RandomForest,FCT,2021,Seasonal_GDD_C,3421.295,0.09030970658745822,0.09030970658745822,3
RandomForest,FCT,2021,Max_CDD_days,11.0,0.0014889572853754509,0.0014889572853754509,3
RandomForest,FCT,2021,Mean_Tmax_C,29.86471962616822,-0.008748820165515703,0.008748820165515703,3
RandomForest,FCT,2021,Mean_Tmin_C,22.11,-0.07036755951267713,0.07036755951267713,3
RandomForest,FCT,2021,Mean_RH_pct,80.99528037383179,0.029097246809431383,0.029097246809431383,3
RandomForest,FCT,2021,Mean_Solar_Radiation_MJ_m2_day,18.48135514018692,0.16165349010238095,0.16165349010238095,3
RandomForest,FCT,2021,Rainfall_Anomaly_Z_2000_2019,0.3736606103634354,-0.008116950237494116,0.008116950237494116,3
RandomForest,FCT,2022,Seasonal_Rainfall_mm,1705.36,0.01906874314489103,0.01906874314489103,3
RandomForest,FCT,2022,Seasonal_GDD_C,3226.32,0.1315894181195239,0.1315894181195239,3
RandomForest,FCT,2022,Max_CDD_days,16.0,0.03943373639712354,0.03943373639712354,3
RandomForest,FCT,2022,Mean_Tmax_C,28.59168224299065,-0.04252080308252365,0.04252080308252365,3
RandomForest,FCT,2022,Mean_Tmin_C,21.56084112149533,-0.04225322306810337,0.04225322306810337,3
RandomForest,FCT,2022,Mean_RH_pct,85.18794392523364,0.008774727309976357,0.008774727309976357,3
RandomForest,FCT,2022,Mean_Solar_Radiation_MJ_m2_day,17.31228971962617,0.15667615147390365,0.15667615147390365,3
RandomForest,FCT,2022,Rainfall_Anomaly_Z_2000_2019,1.68749408114981,0.005081337247296059,0.005081337247296059,3
RandomForest,FCT,2023,Seasonal_Rainfall_mm,979.87,0.023542240368340888,0.023542240368340888,3
RandomForest,FCT,2023,Seasonal_GDD_C,3536.7900000000004,0.13182120654773238,0.13182120654773238,3
RandomForest,FCT,2023,Max_CDD_days,10.0,0.010047749076616637,0.010047749076616637,3
RandomForest,FCT,2023,Mean_Tmax_C,30.488364485981304,0.033429757246671986,0.033429757246671986,3
RandomForest,FCT,2023,Mean_Tmin_C,22.5657476635514,-0.046023680220843834,0.046023680220843834,3
RandomForest,FCT,2023,Mean_RH_pct,81.15247663551402,0.02850358965064519,0.02850358965064519,3
RandomForest,FCT,2023,Mean_Solar_Radiation_MJ_m2_day,18.32929906542056,0.20470846889162125,0.20470846889162125,3
RandomForest,FCT,2023,Rainfall_Anomaly_Z_2000_2019,-0.6469978236280662,0.03906495391300093,0.03906495391300093,3
RandomForest,FCT,2024,Seasonal_Rainfall_mm,1154.31,0.024565769438426307,0.024565769438426307,3
RandomForest,FCT,2024,Seasonal_GDD_C,3569.07,0.14651629885577855,0.14651629885577855,3
RandomForest,FCT,2024,Max_CDD_days,11.0,-0.00011872612785022058,0.00011872612785022058,3
RandomForest,FCT,2024,Mean_Tmax_C,30.60518691588785,0.043621585531099315,0.043621585531099315,3
RandomForest,FCT,2024,Mean_Tmin_C,22.75060747663552,-0.029710702294194587,0.029710702294194587,3
RandomForest,FCT,2024,Mean_RH_pct,80.45640186915888,0.04296130719966335,0.04296130719966335,3
RandomForest,FCT,2024,Mean_Solar_Radiation_MJ_m2_day,17.145467289719626,0.15504378010082706,0.15504378010082706,3
RandomForest,FCT,2024,Rainfall_Anomaly_Z_2000_2019,-0.0856823432362582,0.028294757984820902,0.028294757984820902,3
RandomForest,Kano,2020,Seasonal_Rainfall_mm,893.86,0.007119183344048078,0.007119183344048078,3
RandomForest,Kano,2020,Seasonal_GDD_C,3296.535,0.02863470578677353,0.02863470578677353,3
RandomForest,Kano,2020,Max_CDD_days,16.0,0.01908986632106531,0.01908986632106531,3
RandomForest,Kano,2020,Mean_Tmax_C,33.73190217391304,0.0401500623499888,0.0401500623499888,3
RandomForest,Kano,2020,Mean_Tmin_C,22.1,-0.0818488420903509,0.0818488420903509,3
RandomForest,Kano,2020,Mean_RH_pct,68.94135869565218,-0.020449603491198905,0.020449603491198905,3
RandomForest,Kano,2020,Mean_Solar_Radiation_MJ_m2_day,21.42690217391304,-0.21028833436189096,0.21028833436189096,3
RandomForest,Kano,2020,Rainfall_Anomaly_Z_2000_2019,1.802073747128026,-0.02239964271654055,0.02239964271654055,3
RandomForest,Kano,2021,Seasonal_Rainfall_mm,1844.93,-0.0024361938072637126,0.0024361938072637126,3
RandomForest,Kano,2021,Seasonal_GDD_C,3265.01,0.041432514032962,0.041432514032962,3
RandomForest,Kano,2021,Max_CDD_days,16.0,0.01225290990820034,0.01225290990820034,3
RandomForest,Kano,2021,Mean_Tmax_C,33.40635869565217,0.040353209714053526,0.040353209714053526,3
RandomForest,Kano,2021,Mean_Tmin_C,22.08288043478261,-0.09033207644777372,0.09033207644777372,3
RandomForest,Kano,2021,Mean_RH_pct,69.32342391304348,-0.015271483039885549,0.015271483039885549,3
RandomForest,Kano,2021,Mean_Solar_Radiation_MJ_m2_day,22.39717391304348,-0.18789222766889055,0.18789222766889055,3
RandomForest,Kano,2021,Rainfall_Anomaly_Z_2000_2019,7.356381438651374,0.04303277884002833,0.04303277884002833,3
RandomForest,Kano,2022,Seasonal_Rainfall_mm,734.81,-0.0072351813743197985,0.0072351813743197985,3
RandomForest,Kano,2022,Seasonal_GDD_C,3241.1,0.018781577148136528,0.018781577148136528,3
RandomForest,Kano,2022,Max_CDD_days,12.0,0.02561073071216373,0.02561073071216373,3
RandomForest,Kano,2022,Mean_Tmax_C,33.46190217391304,0.043244045944939656,0.043244045944939656,3
RandomForest,Kano,2022,Mean_Tmin_C,21.76744565217391,-0.08858586784745458,0.08858586784745458,3
RandomForest,Kano,2022,Mean_RH_pct,69.49967391304348,-0.022925445241576973,0.022925445241576973,3
RandomForest,Kano,2022,Mean_Solar_Radiation_MJ_m2_day,20.713478260869564,-0.2249046548823003,0.2249046548823003,3
RandomForest,Kano,2022,Rainfall_Anomaly_Z_2000_2019,0.8732118985398156,-0.018327353292237728,0.018327353292237728,3
RandomForest,Kano,2023,Seasonal_Rainfall_mm,341.01,-0.02722454398303141,0.02722454398303141,3
RandomForest,Kano,2023,Seasonal_GDD_C,3718.16,0.08720591831964429,0.08720591831964429,3
RandomForest,Kano,2023,Max_CDD_days,29.0,-0.025694173572136665,0.025694173572136665,3
RandomForest,Kano,2023,Mean_Tmax_C,36.91141304347826,0.033582470822895186,0.033582470822895186,3
RandomForest,Kano,2023,Mean_Tmin_C,23.5033695652174,0.03891500561819603,0.03891500561819603,3
RandomForest,Kano,2023,Mean_RH_pct,55.56364130434783,-0.05328854481390419,0.05328854481390419,3
RandomForest,Kano,2023,Mean_Solar_Radiation_MJ_m2_day,21.51934782608696,-0.2466353069217099,0.2466353069217099,3
RandomForest,Kano,2023,Rainfall_Anomaly_Z_2000_2019,-1.4266044860816052,-0.051170693065320794,0.051170693065320794,3
RandomForest,Kano,2024,Seasonal_Rainfall_mm,1001.38,0.010276080101301328,0.010276080101301328,3
RandomForest,Kano,2024,Seasonal_GDD_C,3483.455,0.04581676403682273,0.04581676403682273,3
RandomForest,Kano,2024,Max_CDD_days,16.0,0.01851437873693994,0.01851437873693994,3
RandomForest,Kano,2024,Mean_Tmax_C,34.5625,0.035003067522222896,0.035003067522222896,3
RandomForest,Kano,2024,Mean_Tmin_C,23.301141304347823,0.05079389990459917,0.05079389990459917,3
RandomForest,Kano,2024,Mean_RH_pct,65.6521195652174,-0.028426249794932842,0.028426249794932842,3
RandomForest,Kano,2024,Mean_Solar_Radiation_MJ_m2_day,20.282445652173912,-0.24099531214729747,0.24099531214729747,3
RandomForest,Kano,2024,Rainfall_Anomaly_Z_2000_2019,2.4299972049098817,0.0013571099020825749,0.0013571099020825749,3
RandomForest,Lagos,2020,Seasonal_Rainfall_mm,1482.8000000000002,0.049647540244232194,0.049647540244232194,3
RandomForest,Lagos,2020,Seasonal_GDD_C,4564.945,-0.3303580479215472,0.3303580479215472,3
RandomForest,Lagos,2020,Max_CDD_days,16.0,0.013613497318201625,0.013613497318201625,3
RandomForest,Lagos,2020,Mean_Tmax_C,28.44832727272727,-0.12783710096978776,0.12783710096978776,3
RandomForest,Lagos,2020,Mean_Tmin_C,24.751272727272728,0.017896132646974053,0.017896132646974053,3
RandomForest,Lagos,2020,Mean_RH_pct,87.1172,-0.013981098953480691,0.013981098953480691,3
RandomForest,Lagos,2020,Mean_Solar_Radiation_MJ_m2_day,16.371090909090906,0.09368872272284513,0.09368872272284513,3
RandomForest,Lagos,2020,Rainfall_Anomaly_Z_2000_2019,0.1699421616178994,0.01303426640847404,0.01303426640847404,3
RandomForest,Lagos,2021,Seasonal_Rainfall_mm,1683.18,0.0436177809108515,0.0436177809108515,3
RandomForest,Lagos,2021,Seasonal_GDD_C,4635.68,-0.3241782059786126,0.3241782059786126,3
RandomForest,Lagos,2021,Max_CDD_days,12.0,0.005326018044816762,0.005326018044816762,3
RandomForest,Lagos,2021,Mean_Tmax_C,28.58174545454545,-0.1250309306315483,0.1250309306315483,3
RandomForest,Lagos,2021,Mean_Tmin_C,25.132290909090912,0.020425102836790263,0.020425102836790263,3
RandomForest,Lagos,2021,Mean_RH_pct,86.66385454545456,-0.009688701857423605,0.009688701857423605,3
RandomForest,Lagos,2021,Mean_Solar_Radiation_MJ_m2_day,16.417818181818184,0.08876216324046626,0.08876216324046626,3
RandomForest,Lagos,2021,Rainfall_Anomaly_Z_2000_2019,0.8957792590589253,0.024580455252840878,0.024580455252840878,3
RandomForest,Lagos,2022,Seasonal_Rainfall_mm,1556.8,0.05790468209684965,0.05790468209684965,3
RandomForest,Lagos,2022,Seasonal_GDD_C,4555.825,-0.33610788291900684,0.33610788291900684,3
RandomForest,Lagos,2022,Max_CDD_days,10.0,0.0022877902537956746,0.0022877902537956746,3
RandomForest,Lagos,2022,Mean_Tmax_C,28.33170909090909,-0.16176026924750755,0.16176026924750755,3
RandomForest,Lagos,2022,Mean_Tmin_C,24.80156363636364,0.013622215612597584,0.013622215612597584,3
RandomForest,Lagos,2022,Mean_RH_pct,86.98207272727272,-0.021648859104226887,0.021648859104226887,3
RandomForest,Lagos,2022,Mean_Solar_Radiation_MJ_m2_day,15.912836363636362,-0.08287263888613747,0.08287263888613747,3
RandomForest,Lagos,2022,Rainfall_Anomaly_Z_2000_2019,0.4379925918536304,0.015533291678965892,0.015533291678965892,3
RandomForest,Lagos,2023,Seasonal_Rainfall_mm,1699.4199999999998,0.045191384600559936,0.045191384600559936,3
RandomForest,Lagos,2023,Seasonal_GDD_C,4688.085,-0.3286094525536108,0.3286094525536108,3
RandomForest,Lagos,2023,Max_CDD_days,5.0,-0.001396484954969484,0.001396484954969484,3
RandomForest,Lagos,2023,Mean_Tmax_C,28.716072727272728,-0.1452363374972586,0.1452363374972586,3
RandomForest,Lagos,2023,Mean_Tmin_C,25.37909090909091,0.01326823201954789,0.01326823201954789,3
RandomForest,Lagos,2023,Mean_RH_pct,87.29483636363636,-0.01882327253600564,0.01882327253600564,3
RandomForest,Lagos,2023,Mean_Solar_Radiation_MJ_m2_day,16.04407272727273,-0.003501001260584434,0.003501001260584434,3
RandomForest,Lagos,2023,Rainfall_Anomaly_Z_2000_2019,0.9546054615863336,0.035051316261204314,0.035051316261204314,3
RandomForest,Lagos,2024,Seasonal_Rainfall_mm,1316.66,0.0547671245248604,0.0547671245248604,3
RandomForest,Lagos,2024,Seasonal_GDD_C,4739.834999999999,-0.33959596353330285,0.33959596353330285,3
RandomForest,Lagos,2024,Max_CDD_days,16.0,0.01401243880390213,0.01401243880390213,3
RandomForest,Lagos,2024,Mean_Tmax_C,29.03090909090909,-0.12212422232334022,0.12212422232334022,3
RandomForest,Lagos,2024,Mean_Tmin_C,25.44061818181818,0.01658648123016141,0.01658648123016141,3
RandomForest,Lagos,2024,Mean_RH_pct,86.61469090909091,-0.01092512974723015,0.01092512974723015,3
RandomForest,Lagos,2024,Mean_Solar_Radiation_MJ_m2_day,16.325090909090907,0.09492674523337938,0.09492674523337938,3
RandomForest,Lagos,2024,Rainfall_Anomaly_Z_2000_2019,-0.4318672772924319,0.023425987572031463,0.023425987572031463,3
RandomForest,Osun,2020,Seasonal_Rainfall_mm,1690.85,0.02171272731383745,0.02171272731383745,3
RandomForest,Osun,2020,Seasonal_GDD_C,4259.795,0.03441939608770659,0.03441939608770659,3
RandomForest,Osun,2020,Max_CDD_days,11.0,-0.004697015547973013,0.004697015547973013,3
RandomForest,Osun,2020,Mean_Tmax_C,28.818072727272725,-0.06167752281800489,0.06167752281800489,3
RandomForest,Osun,2020,Mean_Tmin_C,22.16225454545454,-0.052446409227077814,0.052446409227077814,3
RandomForest,Osun,2020,Mean_RH_pct,88.72989090909091,-0.036993479474942664,0.036993479474942664,3
RandomForest,Osun,2020,Mean_Solar_Radiation_MJ_m2_day,16.387854545454545,0.12051668338324195,0.12051668338324195,3
RandomForest,Osun,2020,Rainfall_Anomaly_Z_2000_2019,0.2073527670342393,-0.006425845806254006,0.006425845806254006,3
RandomForest,Osun,2021,Seasonal_Rainfall_mm,2645.05,-0.021306297877699804,0.021306297877699804,3
RandomForest,Osun,2021,Seasonal_GDD_C,4282.065,0.026548270834640408,0.026548270834640408,3
RandomForest,Osun,2021,Max_CDD_days,10.0,-0.005230136601904432,0.005230136601904432,3
RandomForest,Osun,2021,Mean_Tmax_C,28.74374545454545,-0.06348302996842671,0.06348302996842671,3
RandomForest,Osun,2021,Mean_Tmin_C,22.39854545454545,-0.04163673329944396,0.04163673329944396,3
RandomForest,Osun,2021,Mean_RH_pct,89.46425454545454,-0.009642205761179223,0.009642205761179223,3
RandomForest,Osun,2021,Mean_Solar_Radiation_MJ_m2_day,16.58909090909091,0.120495267673699,0.120495267673699,3
RandomForest,Osun,2021,Rainfall_Anomaly_Z_2000_2019,3.267581218546449,0.024185606703056115,0.024185606703056115,3
RandomForest,Osun,2022,Seasonal_Rainfall_mm,2359.4700000000003,-0.018387192244285724,0.018387192244285724,3
RandomForest,Osun,2022,Seasonal_GDD_C,4178.855,0.09674374114943156,0.09674374114943156,3
RandomForest,Osun,2022,Max_CDD_days,14.0,0.0023766997924851846,0.0023766997924851846,3
RandomForest,Osun,2022,Mean_Tmax_C,28.33152727272727,-0.06461366932516721,0.06461366932516721,3
RandomForest,Osun,2022,Mean_Tmin_C,22.060145454545456,-0.05164609832466084,0.05164609832466084,3
RandomForest,Osun,2022,Mean_RH_pct,89.76636363636364,-0.003256159443402008,0.003256159443402008,3
RandomForest,Osun,2022,Mean_Solar_Radiation_MJ_m2_day,15.950036363636364,0.017095493207478326,0.017095493207478326,3
RandomForest,Osun,2022,Rainfall_Anomaly_Z_2000_2019,2.351693520807133,0.02127161736705287,0.02127161736705287,3
RandomForest,Osun,2023,Seasonal_Rainfall_mm,2358.78,-0.027479450159098404,0.027479450159098404,3
RandomForest,Osun,2023,Seasonal_GDD_C,4331.835,-0.0883844083214999,0.0883844083214999,3
RandomForest,Osun,2023,Max_CDD_days,6.0,-0.002305421075573494,0.002305421075573494,3
RandomForest,Osun,2023,Mean_Tmax_C,28.764727272727274,-0.07528254886827247,0.07528254886827247,3
RandomForest,Osun,2023,Mean_Tmin_C,22.73952727272728,-0.009927054448913952,0.009927054448913952,3
RandomForest,Osun,2023,Mean_RH_pct,90.41392727272728,0.015647599489690744,0.015647599489690744,3
RandomForest,Osun,2023,Mean_Solar_Radiation_MJ_m2_day,16.109236363636363,0.056405918722167867,0.056405918722167867,3
RandomForest,Osun,2023,Rainfall_Anomaly_Z_2000_2019,2.349480611949929,0.038709387250021744,0.038709387250021744,3
RandomForest,Osun,2024,Seasonal_Rainfall_mm,1679.4299999999998,0.033308451315191306,0.033308451315191306,3
RandomForest,Osun,2024,Seasonal_GDD_C,4410.16,-0.2038607334980306,0.2038607334980306,3
RandomForest,Osun,2024,Max_CDD_days,20.0,0.01262081971213643,0.01262081971213643,3
RandomForest,Osun,2024,Mean_Tmax_C,29.38592727272728,0.026628219707138145,0.026628219707138145,3
RandomForest,Osun,2024,Mean_Tmin_C,22.68796363636364,-0.02125023182603228,0.02125023182603228,3
RandomForest,Osun,2024,Mean_RH_pct,88.06992727272726,-0.032572688735608375,0.032572688735608375,3
RandomForest,Osun,2024,Mean_Solar_Radiation_MJ_m2_day,15.928509090909092,-0.012595507164685606,0.012595507164685606,3
RandomForest,Osun,2024,Rainfall_Anomaly_Z_2000_2019,0.1707275218903802,0.02827717862989904,0.02827717862989904,3
RandomForest,Taraba,2020,Seasonal_Rainfall_mm,884.0899999999999,0.016121775713707365,0.016121775713707365,3
RandomForest,Taraba,2020,Seasonal_GDD_C,2953.94,0.0822570950211971,0.0822570950211971,3
RandomForest,Taraba,2020,Max_CDD_days,7.0,-0.010671880190031792,0.010671880190031792,3
RandomForest,Taraba,2020,Mean_Tmax_C,29.66777173913044,-0.013434041834956556,0.013434041834956556,3
RandomForest,Taraba,2020,Mean_Tmin_C,22.440271739130434,-0.054575862114879616,0.054575862114879616,3
RandomForest,Taraba,2020,Mean_RH_pct,83.60152173913043,-0.006465543071690085,0.006465543071690085,3
RandomForest,Taraba,2020,Mean_Solar_Radiation_MJ_m2_day,17.67891304347826,0.16953320770288133,0.16953320770288133,3
RandomForest,Taraba,2020,Rainfall_Anomaly_Z_2000_2019,0.0187371045236527,0.004397342087864965,0.004397342087864965,3
RandomForest,Taraba,2021,Seasonal_Rainfall_mm,918.9,0.019379073030929846,0.019379073030929846,3
RandomForest,Taraba,2021,Seasonal_GDD_C,3049.04,0.11174750965021168,0.11174750965021168,3
RandomForest,Taraba,2021,Max_CDD_days,4.0,-0.006877072727664473,0.006877072727664473,3
RandomForest,Taraba,2021,Mean_Tmax_C,30.20114130434782,9.887731653449212e-05,9.887731653449212e-05,3
RandomForest,Taraba,2021,Mean_Tmin_C,22.94059782608696,0.03771411740960316,0.03771411740960316,3
RandomForest,Taraba,2021,Mean_RH_pct,81.7536956521739,0.030030067949122278,0.030030067949122278,3
RandomForest,Taraba,2021,Mean_Solar_Radiation_MJ_m2_day,18.02809782608696,0.17339456661091399,0.17339456661091399,3
RandomForest,Taraba,2021,Rainfall_Anomaly_Z_2000_2019,0.2166250318502279,0.0032234208854093893,0.0032234208854093893,3
RandomForest,Taraba,2022,Seasonal_Rainfall_mm,1078.8000000000002,0.01106981127266555,0.01106981127266555,3
RandomForest,Taraba,2022,Seasonal_GDD_C,2883.49,0.14863540596842512,0.14863540596842512,3
RandomForest,Taraba,2022,Max_CDD_days,11.0,0.00141626595895652,0.00141626595895652,3
RandomForest,Taraba,2022,Mean_Tmax_C,28.95043478260869,-0.043445306429529096,0.043445306429529096,3
RandomForest,Taraba,2022,Mean_Tmin_C,22.39184782608696,-0.04816787716242635,0.04816787716242635,3
RandomForest,Taraba,2022,Mean_RH_pct,86.07239130434783,0.005402110369236802,0.005402110369236802,3
RandomForest,Taraba,2022,Mean_Solar_Radiation_MJ_m2_day,17.058532608695653,0.14127985475520513,0.14127985475520513,3
RandomForest,Taraba,2022,Rainfall_Anomaly_Z_2000_2019,1.1256247324971462,0.00880836297309338,0.00880836297309338,3
RandomForest,Taraba,2023,Seasonal_Rainfall_mm,367.45,-0.0037613530603621526,0.0037613530603621526,3
RandomForest,Taraba,2023,Seasonal_GDD_C,3499.565,0.18905738079893294,0.18905738079893294,3
RandomForest,Taraba,2023,Max_CDD_days,15.0,0.014710022119019757,0.014710022119019757,3
RandomForest,Taraba,2023,Mean_Tmax_C,33.70728260869565,0.07900692198438436,0.07900692198438436,3
RandomForest,Taraba,2023,Mean_Tmin_C,24.331467391304347,0.0859317502039611,0.0859317502039611,3
RandomForest,Taraba,2023,Mean_RH_pct,67.8933152173913,-0.010840019226695844,0.010840019226695844,3
RandomForest,Taraba,2023,Mean_Solar_Radiation_MJ_m2_day,17.7825,0.23519673091370233,0.23519673091370233,3
RandomForest,Taraba,2023,Rainfall_Anomaly_Z_2000_2019,-2.91825855115004,0.0025739652569555,0.0025739652569555,3
RandomForest,Taraba,2024,Seasonal_Rainfall_mm,1095.85,0.013478708451902044,0.013478708451902044,3
RandomForest,Taraba,2024,Seasonal_GDD_C,3227.08,0.11212224115901587,0.11212224115901587,3
RandomForest,Taraba,2024,Max_CDD_days,12.0,0.0035140135568495524,0.0035140135568495524,3
RandomForest,Taraba,2024,Mean_Tmax_C,31.396032608695656,0.07424453290582825,0.07424453290582825,3
RandomForest,Taraba,2024,Mean_Tmin_C,23.68092391304348,0.0537031817857062,0.0537031817857062,3
RandomForest,Taraba,2024,Mean_RH_pct,77.71913043478261,0.04123532205582763,0.04123532205582763,3
RandomForest,Taraba,2024,Mean_Solar_Radiation_MJ_m2_day,16.88103260869565,0.16570748071697355,0.16570748071697355,3
RandomForest,Taraba,2024,Rainfall_Anomaly_Z_2000_2019,1.2225505917593709,-0.008549820236942085,0.008549820236942085,3
LightGBM,Bauchi,2020,Seasonal_Rainfall_mm,1338.38,0.053053084921031855,0.053053084921031855,3
LightGBM,Bauchi,2020,Seasonal_GDD_C,2857.49,0.1014437882485476,0.1014437882485476,3
LightGBM,Bauchi,2020,Max_CDD_days,16.0,0.021818025672157796,0.021818025672157796,3
LightGBM,Bauchi,2020,Mean_Tmax_C,29.895434782608696,-0.044667738397918745,0.044667738397918745,3
LightGBM,Bauchi,2020,Mean_Tmin_C,21.164239130434783,-0.08283648334206005,0.08283648334206005,3
LightGBM,Bauchi,2020,Mean_RH_pct,79.14635869565218,0.038401716464053035,0.038401716464053035,3
LightGBM,Bauchi,2020,Mean_Solar_Radiation_MJ_m2_day,19.908967391304348,-0.1348721525674236,0.1348721525674236,3
LightGBM,Bauchi,2020,Rainfall_Anomaly_Z_2000_2019,3.3144213928728363,0.0018751246958760956,0.0018751246958760956,3
LightGBM,Bauchi,2021,Seasonal_Rainfall_mm,3158.65,0.008070492553076033,0.008070492553076033,3
LightGBM,Bauchi,2021,Seasonal_GDD_C,2917.545,0.11638530660376792,0.11638530660376792,3
LightGBM,Bauchi,2021,Max_CDD_days,7.0,0.044183625791304,0.044183625791304,3
LightGBM,Bauchi,2021,Mean_Tmax_C,29.966413043478266,-0.030150987347162376,0.030150987347162376,3
LightGBM,Bauchi,2021,Mean_Tmin_C,21.746032608695653,-0.1570421007413224,0.1570421007413224,3
LightGBM,Bauchi,2021,Mean_RH_pct,79.24277173913043,0.03357458011158497,0.03357458011158497,3
LightGBM,Bauchi,2021,Mean_Solar_Radiation_MJ_m2_day,20.37092391304348,-0.09048027082217731,0.09048027082217731,3
LightGBM,Bauchi,2021,Rainfall_Anomaly_Z_2000_2019,12.587090836517508,-0.002025789637704976,0.002025789637704976,3
LightGBM,Bauchi,2022,Seasonal_Rainfall_mm,1997.89,0.01616858357038901,0.01616858357038901,3
LightGBM,Bauchi,2022,Seasonal_GDD_C,2784.585,0.1530291823334602,0.1530291823334602,3
LightGBM,Bauchi,2022,Max_CDD_days,11.0,-0.05163421516723771,0.05163421516723771,3
LightGBM,Bauchi,2022,Mean_Tmax_C,29.248695652173915,0.009379744089123468,0.009379744089123468,3
LightGBM,Bauchi,2022,Mean_Tmin_C,21.01853260869565,-0.0349363546943499,0.0349363546943499,3
LightGBM,Bauchi,2022,Mean_RH_pct,80.89706521739132,-0.003427581005976382,0.003427581005976382,3
LightGBM,Bauchi,2022,Mean_Solar_Radiation_MJ_m2_day,19.61842391304348,-0.09073259764395049,0.09073259764395049,3
LightGBM,Bauchi,2022,Rainfall_Anomaly_Z_2000_2019,6.674042891209951,-0.0025790033179345093,0.0025790033179345093,3
LightGBM,Bauchi,2023,Seasonal_Rainfall_mm,515.3399999999999,-0.017751847550078498,0.017751847550078498,3
LightGBM,Bauchi,2023,Seasonal_GDD_C,3288.375,0.052735918457430545,0.052735918457430545,3
LightGBM,Bauchi,2023,Max_CDD_days,14.0,0.04100645982511241,0.04100645982511241,3
LightGBM,Bauchi,2023,Mean_Tmax_C,33.11086956521739,0.03392801737255801,0.03392801737255801,3
LightGBM,Bauchi,2023,Mean_Tmin_C,22.632336956521737,-0.09242684173975724,0.09242684173975724,3
LightGBM,Bauchi,2023,Mean_RH_pct,67.03826086956522,-0.04658433964197135,0.04658433964197135,3
LightGBM,Bauchi,2023,Mean_Solar_Radiation_MJ_m2_day,20.07690217391304,-0.21189696324898108,0.21189696324898108,3
LightGBM,Bauchi,2023,Rainfall_Anomaly_Z_2000_2019,-0.878241156582634,-0.014655435769630893,0.014655435769630893,3
LightGBM,Bauchi,2024,Seasonal_Rainfall_mm,1085.11,-0.0035866974656935504,0.0035866974656935504,3
LightGBM,Bauchi,2024,Seasonal_GDD_C,3200.24,0.019177728500915182,0.019177728500915182,3
LightGBM,Bauchi,2024,Max_CDD_days,16.0,0.05143868437861622,0.05143868437861622,3
LightGBM,Bauchi,2024,Mean_Tmax_C,31.968804347826087,0.030024130718886523,0.030024130718886523,3
LightGBM,Bauchi,2024,Mean_Tmin_C,22.816413043478263,-0.01272262139866681,0.01272262139866681,3
LightGBM,Bauchi,2024,Mean_RH_pct,71.98304347826088,-0.07371635985790533,0.07371635985790533,3
LightGBM,Bauchi,2024,Mean_Solar_Radiation_MJ_m2_day,19.371358695652173,-0.13270329881003487,0.13270329881003487,3
LightGBM,Bauchi,2024,Rainfall_Anomaly_Z_2000_2019,2.0242342283357715,-0.01872448869119351,0.01872448869119351,3
LightGBM,Delta,2020,Seasonal_Rainfall_mm,2209.44,-0.04521271614522564,0.04521271614522564,3
LightGBM,Delta,2020,Seasonal_GDD_C,4440.435,-0.21805151117751306,0.21805151117751306,3
LightGBM,Delta,2020,Max_CDD_days,11.0,-0.041342220185810685,0.041342220185810685,3
LightGBM,Delta,2020,Mean_Tmax_C,29.250690909090903,-0.003521867899289737,0.003521867899289737,3
LightGBM,Delta,2020,Mean_Tmin_C,23.043381818181818,0.029795235952459434,0.029795235952459434,3
LightGBM,Delta,2020,Mean_RH_pct,87.63425454545454,-0.01922917457788039,0.01922917457788039,3
LightGBM,Delta,2020,Mean_Solar_Radiation_MJ_m2_day,16.51316363636364,0.09902336240550318,0.09902336240550318,3
LightGBM,Delta,2020,Rainfall_Anomaly_Z_2000_2019,0.9672548710028384,0.10462551463343164,0.10462551463343164,3
LightGBM,Delta,2021,Seasonal_Rainfall_mm,2162.34,-0.04044061204967135,0.04044061204967135,3
LightGBM,Delta,2021,Seasonal_GDD_C,4433.014999999999,-0.23539779974107042,0.23539779974107042,3
LightGBM,Delta,2021,Max_CDD_days,10.0,-0.0008099900158381264,0.0008099900158381264,3
LightGBM,Delta,2021,Mean_Tmax_C,29.016872727272727,-0.11239006378933449,0.11239006378933449,3
LightGBM,Delta,2021,Mean_Tmin_C,23.223236363636364,0.056207055550924825,0.056207055550924825,3
LightGBM,Delta,2021,Mean_RH_pct,88.82174545454546,-0.02207850919471876,0.02207850919471876,3
LightGBM,Delta,2021,Mean_Solar_Radiation_MJ_m2_day,16.543636363636363,0.10000976966508142,0.10000976966508142,3
LightGBM,Delta,2021,Rainfall_Anomaly_Z_2000_2019,0.8779268269870816,0.08547441198677087,0.08547441198677087,3
LightGBM,Delta,2022,Seasonal_Rainfall_mm,1429.84,0.02797213896093231,0.02797213896093231,3
LightGBM,Delta,2022,Seasonal_GDD_C,4430.95,-0.21142715649182015,0.21142715649182015,3
LightGBM,Delta,2022,Max_CDD_days,14.0,0.025863395752744597,0.025863395752744597,3
LightGBM,Delta,2022,Mean_Tmax_C,29.22610909090909,-0.04316158100873186,0.04316158100873186,3
LightGBM,Delta,2022,Mean_Tmin_C,22.99898181818181,0.021763026679965183,0.021763026679965183,3
LightGBM,Delta,2022,Mean_RH_pct,87.20010909090908,-0.04189254406310088,0.04189254406310088,3
LightGBM,Delta,2022,Mean_Solar_Radiation_MJ_m2_day,15.91301818181818,-0.11833436595915381,0.11833436595915381,3
LightGBM,Delta,2022,Rainfall_Anomaly_Z_2000_2019,-0.5113044307951118,0.033216477163120005,0.033216477163120005,3
LightGBM,Delta,2023,Seasonal_Rainfall_mm,1587.33,0.05526166941121134,0.05526166941121134,3
LightGBM,Delta,2023,Seasonal_GDD_C,4537.595,-0.15492620670439863,0.15492620670439863,3
LightGBM,Delta,2023,Max_CDD_days,8.0,0.0034072693089131738,0.0034072693089131738,3
LightGBM,Delta,2023,Mean_Tmax_C,29.387600000000003,-0.03862754917588132,0.03862754917588132,3
LightGBM,Delta,2023,Mean_Tmin_C,23.61309090909091,0.0600739604222983,0.0600739604222983,3
LightGBM,Delta,2023,Mean_RH_pct,88.52974545454545,-0.06620570772939292,0.06620570772939292,3
LightGBM,Delta,2023,Mean_Solar_Radiation_MJ_m2_day,16.094145454545455,-0.12909908510694193,0.12909908510694193,3
LightGBM,Delta,2023,Rainfall_Anomaly_Z_2000_2019,-0.2126149689683303,0.05391093511234241,0.05391093511234241,3
LightGBM,Delta,2024,Seasonal_Rainfall_mm,1347.01,0.0680235095513969,0.0680235095513969,3
LightGBM,Delta,2024,Seasonal_GDD_C,4641.875,-0.18624268076874104,0.18624268076874104,3
LightGBM,Delta,2024,Max_CDD_days,21.0,0.015656820491792924,0.015656820491792924,3
LightGBM,Delta,2024,Mean_Tmax_C,30.05850909090909,0.04282232379522394,0.04282232379522394,3
LightGBM,Delta,2024,Mean_Tmin_C,23.700581818181817,0.05226583868826305,0.05226583868826305,3
LightGBM,Delta,2024,Mean_RH_pct,86.4098909090909,0.002419676122705829,0.002419676122705829,3
LightGBM,Delta,2024,Mean_Solar_Radiation_MJ_m2_day,16.385490909090908,0.09486830941265786,0.09486830941265786,3
LightGBM,Delta,2024,Rainfall_Anomaly_Z_2000_2019,-0.6683966152075341,0.06066636542008608,0.06066636542008608,3
LightGBM,FCT,2020,Seasonal_Rainfall_mm,1351.59,0.028441337570696102,0.028441337570696102,3
LightGBM,FCT,2020,Seasonal_GDD_C,3289.0600000000004,0.12432298724640407,0.12432298724640407,3
LightGBM,FCT,2020,Max_CDD_days,11.0,-0.055480568761148596,0.055480568761148596,3
LightGBM,FCT,2020,Mean_Tmax_C,29.09359813084112,-0.015280929798992352,0.015280929798992352,3
LightGBM,FCT,2020,Mean_Tmin_C,21.645280373831778,-0.1388225424941795,0.1388225424941795,3
LightGBM,FCT,2020,Mean_RH_pct,83.91345794392525,0.013335745997137228,0.013335745997137228,3
LightGBM,FCT,2020,Mean_Solar_Radiation_MJ_m2_day,17.96242990654206,0.170307077410191,0.170307077410191,3
LightGBM,FCT,2020,Rainfall_Anomaly_Z_2000_2019,0.5491280097315004,-0.03233399221122292,0.03233399221122292,3
LightGBM,FCT,2021,Seasonal_Rainfall_mm,1297.06,0.029360399305269874,0.029360399305269874,3
LightGBM,FCT,2021,Seasonal_GDD_C,3421.295,0.067850829871983,0.067850829871983,3
LightGBM,FCT,2021,Max_CDD_days,11.0,-0.040615307914923515,0.040615307914923515,3
LightGBM,FCT,2021,Mean_Tmax_C,29.86471962616822,-0.07132340168918011,0.07132340168918011,3
LightGBM,FCT,2021,Mean_Tmin_C,22.11,-0.13159902122789957,0.13159902122789957,3
LightGBM,FCT,2021,Mean_RH_pct,80.99528037383179,-0.0028000063299058638,0.0028000063299058638,3
LightGBM,FCT,2021,Mean_Solar_Radiation_MJ_m2_day,18.48135514018692,0.11175208822499756,0.11175208822499756,3
LightGBM,FCT,2021,Rainfall_Anomaly_Z_2000_2019,0.3736606103634354,-0.033309653887182496,0.033309653887182496,3
LightGBM,FCT,2022,Seasonal_Rainfall_mm,1705.36,0.0336568930356976,0.0336568930356976,3
LightGBM,FCT,2022,Seasonal_GDD_C,3226.32,0.1377484885245991,0.1377484885245991,3
LightGBM,FCT,2022,Max_CDD_days,16.0,0.02022679402382751,0.02022679402382751,3
LightGBM,FCT,2022,Mean_Tmax_C,28.59168224299065,-0.013566926607891739,0.013566926607891739,3
LightGBM,FCT,2022,Mean_Tmin_C,21.56084112149533,-0.025216561127422033,0.025216561127422033,3
LightGBM,FCT,2022,Mean_RH_pct,85.18794392523364,0.05178293430311151,0.05178293430311151,3
LightGBM,FCT,2022,Mean_Solar_Radiation_MJ_m2_day,17.31228971962617,0.12889724840375608,0.12889724840375608,3
LightGBM,FCT,2022,Rainfall_Anomaly_Z_2000_2019,1.68749408114981,0.012639368980677208,0.012639368980677208,3
LightGBM,FCT,2023,Seasonal_Rainfall_mm,979.87,0.041751511628384086,0.041751511628384086,3
LightGBM,FCT,2023,Seasonal_GDD_C,3536.7900000000004,0.09141132077128847,0.09141132077128847,3
LightGBM,FCT,2023,Max_CDD_days,10.0,0.018471949638444375,0.018471949638444375,3
LightGBM,FCT,2023,Mean_Tmax_C,30.488364485981304,0.01659791007265594,0.01659791007265594,3
LightGBM,FCT,2023,Mean_Tmin_C,22.5657476635514,-0.1204905914473487,0.1204905914473487,3
LightGBM,FCT,2023,Mean_RH_pct,81.15247663551402,0.003602775536182973,0.003602775536182973,3
LightGBM,FCT,2023,Mean_Solar_Radiation_MJ_m2_day,18.32929906542056,0.19884378547449275,0.19884378547449275,3
LightGBM,FCT,2023,Rainfall_Anomaly_Z_2000_2019,-0.6469978236280662,0.049894635748402076,0.049894635748402076,3
LightGBM,FCT,2024,Seasonal_Rainfall_mm,1154.31,0.08650551418073184,0.08650551418073184,3
LightGBM,FCT,2024,Seasonal_GDD_C,3569.07,0.10870317828878452,0.10870317828878452,3
LightGBM,FCT,2024,Max_CDD_days,11.0,-0.03680289004080255,0.03680289004080255,3
LightGBM,FCT,2024,Mean_Tmax_C,30.60518691588785,0.06713534622164626,0.06713534622164626,3
LightGBM,FCT,2024,Mean_Tmin_C,22.75060747663552,-0.12643886887438352,0.12643886887438352,3
LightGBM,FCT,2024,Mean_RH_pct,80.45640186915888,0.007838003743323404,0.007838003743323404,3
LightGBM,FCT,2024,Mean_Solar_Radiation_MJ_m2_day,17.145467289719626,0.06202680166664542,0.06202680166664542,3
LightGBM,FCT,2024,Rainfall_Anomaly_Z_2000_2019,-0.0856823432362582,0.03735747694989657,0.03735747694989657,3
LightGBM,Kano,2020,Seasonal_Rainfall_mm,893.86,-0.016708043110371704,0.016708043110371704,3
LightGBM,Kano,2020,Seasonal_GDD_C,3296.535,0.01853059292344489,0.01853059292344489,3
LightGBM,Kano,2020,Max_CDD_days,16.0,0.05344187316847742,0.05344187316847742,3
LightGBM,Kano,2020,Mean_Tmax_C,33.73190217391304,0.03578993598637892,0.03578993598637892,3
LightGBM,Kano,2020,Mean_Tmin_C,22.1,-0.11070100790555253,0.11070100790555253,3
LightGBM,Kano,2020,Mean_RH_pct,68.94135869565218,-0.031309460168145786,0.031309460168145786,3
LightGBM,Kano,2020,Mean_Solar_Radiation_MJ_m2_day,21.42690217391304,-0.15650772690738785,0.15650772690738785,3
LightGBM,Kano,2020,Rainfall_Anomaly_Z_2000_2019,1.802073747128026,-0.009324852347815245,0.009324852347815245,3
LightGBM,Kano,2021,Seasonal_Rainfall_mm,1844.93,0.01346971582712315,0.01346971582712315,3
LightGBM,Kano,2021,Seasonal_GDD_C,3265.01,0.03711659961752841,0.03711659961752841,3
LightGBM,Kano,2021,Max_CDD_days,16.0,0.03329030323571901,0.03329030323571901,3
LightGBM,Kano,2021,Mean_Tmax_C,33.40635869565217,0.03529498359521218,0.03529498359521218,3
LightGBM,Kano,2021,Mean_Tmin_C,22.08288043478261,-0.13483161788370604,0.13483161788370604,3
LightGBM,Kano,2021,Mean_RH_pct,69.32342391304348,-0.038817525920006174,0.038817525920006174,3
LightGBM,Kano,2021,Mean_Solar_Radiation_MJ_m2_day,22.39717391304348,-0.13825086788971852,0.13825086788971852,3
LightGBM,Kano,2021,Rainfall_Anomaly_Z_2000_2019,7.356381438651374,0.041101465348390896,0.041101465348390896,3
LightGBM,Kano,2022,Seasonal_Rainfall_mm,734.81,-0.016999171816236117,0.016999171816236117,3
LightGBM,Kano,2022,Seasonal_GDD_C,3241.1,0.017419743688988937,0.017419743688988937,3
LightGBM,Kano,2022,Max_CDD_days,12.0,0.019738343845684517,0.019738343845684517,3
LightGBM,Kano,2022,Mean_Tmax_C,33.46190217391304,0.03281637894673303,0.03281637894673303,3
LightGBM,Kano,2022,Mean_Tmin_C,21.76744565217391,-0.1757658111865274,0.1757658111865274,3
LightGBM,Kano,2022,Mean_RH_pct,69.49967391304348,-0.03438230493682011,0.03438230493682011,3
LightGBM,Kano,2022,Mean_Solar_Radiation_MJ_m2_day,20.713478260869564,-0.15723963321003093,0.15723963321003093,3
LightGBM,Kano,2022,Rainfall_Anomaly_Z_2000_2019,0.8732118985398156,0.045943951174067084,0.045943951174067084,3
LightGBM,Kano,2023,Seasonal_Rainfall_mm,341.01,-0.059750997572068594,0.059750997572068594,3
LightGBM,Kano,2023,Seasonal_GDD_C,3718.16,0.06074325900572289,0.06074325900572289,3
LightGBM,Kano,2023,Max_CDD_days,29.0,-0.09091713388604544,0.09091713388604544,3
LightGBM,Kano,2023,Mean_Tmax_C,36.91141304347826,0.027745896796987884,0.027745896796987884,3
LightGBM,Kano,2023,Mean_Tmin_C,23.5033695652174,0.07124547285268427,0.07124547285268427,3
LightGBM,Kano,2023,Mean_RH_pct,55.56364130434783,-0.05272362776965842,0.05272362776965842,3
LightGBM,Kano,2023,Mean_Solar_Radiation_MJ_m2_day,21.51934782608696,-0.17972857416332336,0.17972857416332336,3
LightGBM,Kano,2023,Rainfall_Anomaly_Z_2000_2019,-1.4266044860816052,-0.041939679642996795,0.041939679642996795,3
LightGBM,Kano,2024,Seasonal_Rainfall_mm,1001.38,0.02075483880568019,0.02075483880568019,3
LightGBM,Kano,2024,Seasonal_GDD_C,3483.455,0.024739361188202323,0.024739361188202323,3
LightGBM,Kano,2024,Max_CDD_days,16.0,0.0479037912539958,0.0479037912539958,3
LightGBM,Kano,2024,Mean_Tmax_C,34.5625,0.029800037808769386,0.029800037808769386,3
LightGBM,Kano,2024,Mean_Tmin_C,23.301141304347823,0.0976803096810588,0.0976803096810588,3
LightGBM,Kano,2024,Mean_RH_pct,65.6521195652174,-0.06204184671341838,0.06204184671341838,3
LightGBM,Kano,2024,Mean_Solar_Radiation_MJ_m2_day,20.282445652173912,-0.19942585302122032,0.19942585302122032,3
LightGBM,Kano,2024,Rainfall_Anomaly_Z_2000_2019,2.4299972049098817,0.013999231501362074,0.013999231501362074,3
LightGBM,Lagos,2020,Seasonal_Rainfall_mm,1482.8000000000002,0.04783691311425979,0.04783691311425979,3
LightGBM,Lagos,2020,Seasonal_GDD_C,4564.945,-0.2604526455446512,0.2604526455446512,3
LightGBM,Lagos,2020,Max_CDD_days,16.0,0.03627756173255999,0.03627756173255999,3
LightGBM,Lagos,2020,Mean_Tmax_C,28.44832727272727,-0.12549183380926235,0.12549183380926235,3
LightGBM,Lagos,2020,Mean_Tmin_C,24.751272727272728,0.03598250094296817,0.03598250094296817,3
LightGBM,Lagos,2020,Mean_RH_pct,87.1172,0.0033860333698150077,0.0033860333698150077,3
LightGBM,Lagos,2020,Mean_Solar_Radiation_MJ_m2_day,16.371090909090906,0.10122006660001466,0.10122006660001466,3
LightGBM,Lagos,2020,Rainfall_Anomaly_Z_2000_2019,0.1699421616178994,-0.021741569437015797,0.021741569437015797,3
LightGBM,Lagos,2021,Seasonal_Rainfall_mm,1683.18,0.06645538124078282,0.06645538124078282,3
LightGBM,Lagos,2021,Seasonal_GDD_C,4635.68,-0.25677580261490557,0.25677580261490557,3
LightGBM,Lagos,2021,Max_CDD_days,12.0,0.0036565321925761188,0.0036565321925761188,3
LightGBM,Lagos,2021,Mean_Tmax_C,28.58174545454545,-0.12373955828108439,0.12373955828108439,3
LightGBM,Lagos,2021,Mean_Tmin_C,25.132290909090912,0.03491549633319181,0.03491549633319181,3
LightGBM,Lagos,2021,Mean_RH_pct,86.66385454545456,0.0017310327997505223,0.0017310327997505223,3
LightGBM,Lagos,2021,Mean_Solar_Radiation_MJ_m2_day,16.417818181818184,0.10396941229665901,0.10396941229665901,3
LightGBM,Lagos,2021,Rainfall_Anomaly_Z_2000_2019,0.8957792590589253,0.0752693484779163,0.0752693484779163,3
LightGBM,Lagos,2022,Seasonal_Rainfall_mm,1556.8,0.0684403436306749,0.0684403436306749,3
LightGBM,Lagos,2022,Seasonal_GDD_C,4555.825,-0.23347078662049414,0.23347078662049414,3
LightGBM,Lagos,2022,Max_CDD_days,10.0,-0.02045958032546841,0.02045958032546841,3
LightGBM,Lagos,2022,Mean_Tmax_C,28.33170909090909,-0.17085556900834323,0.17085556900834323,3
LightGBM,Lagos,2022,Mean_Tmin_C,24.80156363636364,0.02722431117181302,0.02722431117181302,3
LightGBM,Lagos,2022,Mean_RH_pct,86.98207272727272,-0.03622437385946709,0.03622437385946709,3
LightGBM,Lagos,2022,Mean_Solar_Radiation_MJ_m2_day,15.912836363636362,-0.1627259167400922,0.1627259167400922,3
LightGBM,Lagos,2022,Rainfall_Anomaly_Z_2000_2019,0.4379925918536304,-0.03030351779345852,0.03030351779345852,3
LightGBM,Lagos,2023,Seasonal_Rainfall_mm,1699.4199999999998,0.05406187577238872,0.05406187577238872,3
LightGBM,Lagos,2023,Seasonal_GDD_C,4688.085,-0.24909498988840523,0.24909498988840523,3
LightGBM,Lagos,2023,Max_CDD_days,5.0,-0.006018093758704425,0.006018093758704425,3
LightGBM,Lagos,2023,Mean_Tmax_C,28.716072727272728,-0.16305620998674508,0.16305620998674508,3
LightGBM,Lagos,2023,Mean_Tmin_C,25.37909090909091,0.023328417738856216,0.023328417738856216,3
LightGBM,Lagos,2023,Mean_RH_pct,87.29483636363636,-0.04494244133471283,0.04494244133471283,3
LightGBM,Lagos,2023,Mean_Solar_Radiation_MJ_m2_day,16.04407272727273,-0.15458193993574507,0.15458193993574507,3
LightGBM,Lagos,2023,Rainfall_Anomaly_Z_2000_2019,0.9546054615863336,0.08133842183331384,0.08133842183331384,3
LightGBM,Lagos,2024,Seasonal_Rainfall_mm,1316.66,0.07088017091560701,0.07088017091560701,3
LightGBM,Lagos,2024,Seasonal_GDD_C,4739.834999999999,-0.29327428401727484,0.29327428401727484,3
LightGBM,Lagos,2024,Max_CDD_days,16.0,0.03271051257122318,0.03271051257122318,3
LightGBM,Lagos,2024,Mean_Tmax_C,29.03090909090909,-0.12559002171821398,0.12559002171821398,3
LightGBM,Lagos,2024,Mean_Tmin_C,25.44061818181818,0.037107856274280315,0.037107856274280315,3
LightGBM,Lagos,2024,Mean_RH_pct,86.61469090909091,0.002475471414624955,0.002475471414624955,3
LightGBM,Lagos,2024,Mean_Solar_Radiation_MJ_m2_day,16.325090909090907,0.10297865715608345,0.10297865715608345,3
LightGBM,Lagos,2024,Rainfall_Anomaly_Z_2000_2019,-0.4318672772924319,0.03261946286175605,0.03261946286175605,3
LightGBM,Osun,2020,Seasonal_Rainfall_mm,1690.85,0.017871611129206277,0.017871611129206277,3
LightGBM,Osun,2020,Seasonal_GDD_C,4259.795,0.0804345378209425,0.0804345378209425,3
LightGBM,Osun,2020,Max_CDD_days,11.0,-0.037748486576756814,0.037748486576756814,3
LightGBM,Osun,2020,Mean_Tmax_C,28.818072727272725,-0.0440215752190654,0.0440215752190654,3
LightGBM,Osun,2020,Mean_Tmin_C,22.16225454545454,-0.09236327550876582,0.09236327550876582,3
LightGBM,Osun,2020,Mean_RH_pct,88.72989090909091,-0.009389236931302308,0.009389236931302308,3
LightGBM,Osun,2020,Mean_Solar_Radiation_MJ_m2_day,16.387854545454545,0.11681641599859934,0.11681641599859934,3
LightGBM,Osun,2020,Rainfall_Anomaly_Z_2000_2019,0.2073527670342393,-0.040496174232957656,0.040496174232957656,3
LightGBM,Osun,2021,Seasonal_Rainfall_mm,2645.05,-0.04888310637229068,0.04888310637229068,3
LightGBM,Osun,2021,Seasonal_GDD_C,4282.065,0.08241450883791511,0.08241450883791511,3
LightGBM,Osun,2021,Max_CDD_days,10.0,0.007610275126482751,0.007610275126482751,3
LightGBM,Osun,2021,Mean_Tmax_C,28.74374545454545,-0.05462002470242553,0.05462002470242553,3
LightGBM,Osun,2021,Mean_Tmin_C,22.39854545454545,-0.08497712903188837,0.08497712903188837,3
LightGBM,Osun,2021,Mean_RH_pct,89.46425454545454,0.03437598880377461,0.03437598880377461,3
LightGBM,Osun,2021,Mean_Solar_Radiation_MJ_m2_day,16.58909090909091,0.12350628872825359,0.12350628872825359,3
LightGBM,Osun,2021,Rainfall_Anomaly_Z_2000_2019,3.267581218546449,0.038969645468599746,0.038969645468599746,3
LightGBM,Osun,2022,Seasonal_Rainfall_mm,2359.4700000000003,-0.053096502628819486,0.053096502628819486,3
LightGBM,Osun,2022,Seasonal_GDD_C,4178.855,0.09562866459284415,0.09562866459284415,3
LightGBM,Osun,2022,Max_CDD_days,14.0,0.006806996529733382,0.006806996529733382,3
LightGBM,Osun,2022,Mean_Tmax_C,28.33152727272727,-0.07188023863661559,0.07188023863661559,3
LightGBM,Osun,2022,Mean_Tmin_C,22.060145454545456,-0.0788558502488448,0.0788558502488448,3
LightGBM,Osun,2022,Mean_RH_pct,89.76636363636364,0.03727753412719779,0.03727753412719779,3
LightGBM,Osun,2022,Mean_Solar_Radiation_MJ_m2_day,15.950036363636364,-0.05223590995262645,0.05223590995262645,3
LightGBM,Osun,2022,Rainfall_Anomaly_Z_2000_2019,2.351693520807133,0.04436051760099784,0.04436051760099784,3
LightGBM,Osun,2023,Seasonal_Rainfall_mm,2358.78,-0.04671938949850511,0.04671938949850511,3
LightGBM,Osun,2023,Seasonal_GDD_C,4331.835,0.09463969932451517,0.09463969932451517,3
LightGBM,Osun,2023,Max_CDD_days,6.0,0.025412287265644307,0.025412287265644307,3
LightGBM,Osun,2023,Mean_Tmax_C,28.764727272727274,-0.07630470415947867,0.07630470415947867,3
LightGBM,Osun,2023,Mean_Tmin_C,22.73952727272728,-0.06963549416418742,0.06963549416418742,3
LightGBM,Osun,2023,Mean_RH_pct,90.41392727272728,0.04857526772991623,0.04857526772991623,3
LightGBM,Osun,2023,Mean_Solar_Radiation_MJ_m2_day,16.109236363636363,-0.057593929888856546,0.057593929888856546,3
LightGBM,Osun,2023,Rainfall_Anomaly_Z_2000_2019,2.349480611949929,0.049188422119262526,0.049188422119262526,3
LightGBM,Osun,2024,Seasonal_Rainfall_mm,1679.4299999999998,0.06217327686009613,0.06217327686009613,3
LightGBM,Osun,2024,Seasonal_GDD_C,4410.16,-0.12236329112947417,0.12236329112947417,3
LightGBM,Osun,2024,Max_CDD_days,20.0,0.022521330209448548,0.022521330209448548,3
LightGBM,Osun,2024,Mean_Tmax_C,29.38592727272728,-0.05932153550210862,0.05932153550210862,3
LightGBM,Osun,2024,Mean_Tmin_C,22.68796363636364,-0.05231006925886781,0.05231006925886781,3
LightGBM,Osun,2024,Mean_RH_pct,88.06992727272726,-0.04729010273905247,0.04729010273905247,3
LightGBM,Osun,2024,Mean_Solar_Radiation_MJ_m2_day,15.928509090909092,-0.09945833052129356,0.09945833052129356,3
LightGBM,Osun,2024,Rainfall_Anomaly_Z_2000_2019,0.1707275218903802,-0.010892252683286035,0.010892252683286035,3
LightGBM,Taraba,2020,Seasonal_Rainfall_mm,884.0899999999999,0.017627654379805836,0.017627654379805836,3
LightGBM,Taraba,2020,Seasonal_GDD_C,2953.94,0.13509494122144314,0.13509494122144314,3
LightGBM,Taraba,2020,Max_CDD_days,7.0,0.044635170589650656,0.044635170589650656,3
LightGBM,Taraba,2020,Mean_Tmax_C,29.66777173913044,-0.020710461270137166,0.020710461270137166,3
LightGBM,Taraba,2020,Mean_Tmin_C,22.440271739130434,-0.11055667984855133,0.11055667984855133,3
LightGBM,Taraba,2020,Mean_RH_pct,83.60152173913043,0.00701270329694642,0.00701270329694642,3
LightGBM,Taraba,2020,Mean_Solar_Radiation_MJ_m2_day,17.67891304347826,0.18235991042219057,0.18235991042219057,3
LightGBM,Taraba,2020,Rainfall_Anomaly_Z_2000_2019,0.0187371045236527,-0.009256708751823477,0.009256708751823477,3
LightGBM,Taraba,2021,Seasonal_Rainfall_mm,918.9,0.03568389844175843,0.03568389844175843,3
LightGBM,Taraba,2021,Seasonal_GDD_C,3049.04,0.09017792419837845,0.09017792419837845,3
LightGBM,Taraba,2021,Max_CDD_days,4.0,0.03654850666620568,0.03654850666620568,3
LightGBM,Taraba,2021,Mean_Tmax_C,30.20114130434782,-0.043828287795476685,0.043828287795476685,3
LightGBM,Taraba,2021,Mean_Tmin_C,22.94059782608696,0.08501714779479748,0.08501714779479748,3
LightGBM,Taraba,2021,Mean_RH_pct,81.7536956521739,-0.005413202415414735,0.005413202415414735,3
LightGBM,Taraba,2021,Mean_Solar_Radiation_MJ_m2_day,18.02809782608696,0.18787224077751208,0.18787224077751208,3
LightGBM,Taraba,2021,Rainfall_Anomaly_Z_2000_2019,0.2166250318502279,-0.00932158556638118,0.00932158556638118,3
LightGBM,Taraba,2022,Seasonal_Rainfall_mm,1078.8000000000002,0.0012406109218018805,0.0012406109218018805,3
LightGBM,Taraba,2022,Seasonal_GDD_C,2883.49,0.1803102206542388,0.1803102206542388,3
LightGBM,Taraba,2022,Max_CDD_days,11.0,-0.03463545667538092,0.03463545667538092,3
LightGBM,Taraba,2022,Mean_Tmax_C,28.95043478260869,-0.02451802361991054,0.02451802361991054,3
LightGBM,Taraba,2022,Mean_Tmin_C,22.39184782608696,-0.09596684128293763,0.09596684128293763,3
LightGBM,Taraba,2022,Mean_RH_pct,86.07239130434783,0.022552903284586805,0.022552903284586805,3
LightGBM,Taraba,2022,Mean_Solar_Radiation_MJ_m2_day,17.058532608695653,0.08226076400740608,0.08226076400740608,3
LightGBM,Taraba,2022,Rainfall_Anomaly_Z_2000_2019,1.1256247324971462,0.04474576207393426,0.04474576207393426,3
LightGBM,Taraba,2023,Seasonal_Rainfall_mm,367.45,-0.0022520453249219165,0.0022520453249219165,3
LightGBM,Taraba,2023,Seasonal_GDD_C,3499.565,0.16158686992469448,0.16158686992469448,3
LightGBM,Taraba,2023,Max_CDD_days,15.0,0.025581623241176462,0.025581623241176462,3
LightGBM,Taraba,2023,Mean_Tmax_C,33.70728260869565,0.08760856979243281,0.08760856979243281,3
LightGBM,Taraba,2023,Mean_Tmin_C,24.331467391304347,0.10892869917662859,0.10892869917662859,3
LightGBM,Taraba,2023,Mean_RH_pct,67.8933152173913,-0.011183610119979842,0.011183610119979842,3
LightGBM,Taraba,2023,Mean_Solar_Radiation_MJ_m2_day,17.7825,0.2540696851007435,0.2540696851007435,3
LightGBM,Taraba,2023,Rainfall_Anomaly_Z_2000_2019,-2.91825855115004,0.023408633495032437,0.023408633495032437,3
LightGBM,Taraba,2024,Seasonal_Rainfall_mm,1095.85,0.006949765947211615,0.006949765947211615,3
LightGBM,Taraba,2024,Seasonal_GDD_C,3227.08,0.0977489904353448,0.0977489904353448,3
LightGBM,Taraba,2024,Max_CDD_days,12.0,-0.004774171362574592,0.004774171362574592,3
LightGBM,Taraba,2024,Mean_Tmax_C,31.396032608695656,0.07729012576319626,0.07729012576319626,3
LightGBM,Taraba,2024,Mean_Tmin_C,23.68092391304348,0.09398251249843492,0.09398251249843492,3
LightGBM,Taraba,2024,Mean_RH_pct,77.71913043478261,0.0668257361501656,0.0668257361501656,3
LightGBM,Taraba,2024,Mean_Solar_Radiation_MJ_m2_day,16.88103260869565,0.1679782416712623,0.1679782416712623,3
LightGBM,Taraba,2024,Rainfall_Anomaly_Z_2000_2019,1.2225505917593709,0.054032762387104395,0.054032762387104395,3
RandomForest,Anambra,2020,Seasonal_Rainfall_mm,2209.44,-0.011449948954324494,0.011449948954324494,4
RandomForest,Anambra,2020,Seasonal_GDD_C,4440.435,-0.19584475841751564,0.19584475841751564,4
RandomForest,Anambra,2020,Max_CDD_days,11.0,0.004419953222426355,0.004419953222426355,4
RandomForest,Anambra,2020,Mean_Tmax_C,29.250690909090903,-0.09994038488581922,0.09994038488581922,4
RandomForest,Anambra,2020,Mean_Tmin_C,23.043381818181818,0.021818673104541334,0.021818673104541334,4
RandomForest,Anambra,2020,Mean_RH_pct,87.63425454545454,-0.045157379100186135,0.045157379100186135,4
RandomForest,Anambra,2020,Mean_Solar_Radiation_MJ_m2_day,17.070800000000002,0.06814358888974235,0.06814358888974235,4
RandomForest,Anambra,2020,Rainfall_Anomaly_Z_2000_2019,0.9672548710028384,0.01714992040280033,0.01714992040280033,4
RandomForest,Anambra,2021,Seasonal_Rainfall_mm,2162.34,-0.007105610341818614,0.007105610341818614,4
RandomForest,Anambra,2021,Seasonal_GDD_C,4433.014999999999,-0.15504652091728133,0.15504652091728133,4
RandomForest,Anambra,2021,Max_CDD_days,10.0,0.00428404563413646,0.00428404563413646,4
RandomForest,Anambra,2021,Mean_Tmax_C,29.016872727272727,-0.14018859602974537,0.14018859602974537,4
RandomForest,Anambra,2021,Mean_Tmin_C,23.223236363636364,0.027076718657244685,0.027076718657244685,4
RandomForest,Anambra,2021,Mean_RH_pct,88.82174545454546,-0.039802660506849316,0.039802660506849316,4
RandomForest,Anambra,2021,Mean_Solar_Radiation_MJ_m2_day,16.93858181818182,0.06924163674613143,0.06924163674613143,4
RandomForest,Anambra,2021,Rainfall_Anomaly_Z_2000_2019,0.8779268269870816,0.0002183085475044216,0.0002183085475044216,4
RandomForest,Anambra,2022,Seasonal_Rainfall_mm,1429.84,0.016395555522073862,0.016395555522073862,4
RandomForest,Anambra,2022,Seasonal_GDD_C,4430.95,-0.1537397459065056,0.1537397459065056,4
RandomForest,Anambra,2022,Max_CDD_days,14.0,0.0003598024019643211,0.0003598024019643211,4
RandomForest,Anambra,2022,Mean_Tmax_C,29.22610909090909,-0.08975777347128593,0.08975777347128593,4
RandomForest,Anambra,2022,Mean_Tmin_C,22.99898181818181,0.020748087498570288,0.020748087498570288,4
RandomForest,Anambra,2022,Mean_RH_pct,87.20010909090908,-0.04339734276846881,0.04339734276846881,4
RandomForest,Anambra,2022,Mean_Solar_Radiation_MJ_m2_day,16.301781818181816,0.06294462236198234,0.06294462236198234,4
RandomForest,Anambra,2022,Rainfall_Anomaly_Z_2000_2019,-0.5113044307951118,0.003020712332587695,0.003020712332587695,4
RandomForest,Anambra,2023,Seasonal_Rainfall_mm,1587.33,0.014269897719183912,0.014269897719183912,4
RandomForest,Anambra,2023,Seasonal_GDD_C,4537.595,-0.19670537782179254,0.19670537782179254,4
RandomForest,Anambra,2023,Max_CDD_days,8.0,0.0037045106862751624,0.0037045106862751624,4
RandomForest,Anambra,2023,Mean_Tmax_C,29.387600000000003,0.08017155642922243,0.08017155642922243,4
RandomForest,Anambra,2023,Mean_Tmin_C,23.61309090909091,0.014777520726040591,0.014777520726040591,4
RandomForest,Anambra,2023,Mean_RH_pct,88.52974545454545,-0.035608731133777695,0.035608731133777695,4
RandomForest,Anambra,2023,Mean_Solar_Radiation_MJ_m2_day,16.616436363636364,0.05679663190328757,0.05679663190328757,4
RandomForest,Anambra,2023,Rainfall_Anomaly_Z_2000_2019,-0.2126149689683303,0.03753689455146373,0.03753689455146373,4
RandomForest,Anambra,2024,Seasonal_Rainfall_mm,1347.01,0.017342926830639486,0.017342926830639486,4
RandomForest,Anambra,2024,Seasonal_GDD_C,4641.875,-0.22165704880938508,0.22165704880938508,4
RandomForest,Anambra,2024,Max_CDD_days,21.0,-0.008876723137241896,0.008876723137241896,4
RandomForest,Anambra,2024,Mean_Tmax_C,30.05850909090909,0.10829592569046471,0.10829592569046471,4
RandomForest,Anambra,2024,Mean_Tmin_C,23.700581818181817,0.01049414831924964,0.01049414831924964,4
RandomForest,Anambra,2024,Mean_RH_pct,86.4098909090909,-0.0204380006821589,0.0204380006821589,4
RandomForest,Anambra,2024,Mean_Solar_Radiation_MJ_m2_day,16.76098181818182,0.06152601756291148,0.06152601756291148,4
RandomForest,Anambra,2024,Rainfall_Anomaly_Z_2000_2019,-0.6683966152075341,0.016093587318353367,0.016093587318353367,4
RandomForest,Cross River,2020,Seasonal_Rainfall_mm,2953.3,-0.08228006499052945,0.08228006499052945,4
RandomForest,Cross River,2020,Seasonal_GDD_C,4527.895,-0.3617535446092793,0.3617535446092793,4
RandomForest,Cross River,2020,Max_CDD_days,6.0,0.001516000930260739,0.001516000930260739,4
RandomForest,Cross River,2020,Mean_Tmax_C,29.11032727272727,-0.20604940401817712,0.20604940401817712,4
RandomForest,Cross River,2020,Mean_Tmin_C,23.81981818181818,-0.03489247464227398,0.03489247464227398,4
RandomForest,Cross River,2020,Mean_RH_pct,88.35538181818181,-0.049062950032847406,0.049062950032847406,4
RandomForest,Cross River,2020,Mean_Solar_Radiation_MJ_m2_day,14.413163636363636,0.03234625554550091,0.03234625554550091,4
RandomForest,Cross River,2020,Rainfall_Anomaly_Z_2000_2019,0.2445586676880186,-0.011813508177845539,0.011813508177845539,4
RandomForest,Cross River,2021,Seasonal_Rainfall_mm,2363.69,-0.07314367032819419,0.07314367032819419,4
RandomForest,Cross River,2021,Seasonal_GDD_C,4522.715,-0.3949349522355238,0.3949349522355238,4
RandomForest,Cross River,2021,Max_CDD_days,10.0,0.008271483841768382,0.008271483841768382,4
RandomForest,Cross River,2021,Mean_Tmax_C,29.026000000000003,-0.16404307488974704,0.16404307488974704,4
RandomForest,Cross River,2021,Mean_Tmin_C,23.86647272727273,-0.01836663992181066,0.01836663992181066,4
RandomForest,Cross River,2021,Mean_RH_pct,88.68883636363637,-0.04627969980880723,0.04627969980880723,4
RandomForest,Cross River,2021,Mean_Solar_Radiation_MJ_m2_day,14.988945454545457,0.02815078569002131,0.02815078569002131,4
RandomForest,Cross River,2021,Rainfall_Anomaly_Z_2000_2019,-0.915962992805849,-0.07358900892298273,0.07358900892298273,4
RandomForest,Cross River,2022,Seasonal_Rainfall_mm,3267.34,-0.07414354609468357,0.07414354609468357,4
RandomForest,Cross River,2022,Seasonal_GDD_C,4497.98,-0.32073487581617277,0.32073487581617277,4
RandomForest,Cross River,2022,Max_CDD_days,9.0,-0.0011265662791950786,0.0011265662791950786,4
RandomForest,Cross River,2022,Mean_Tmax_C,28.999054545454545,-0.22028163005070112,0.22028163005070112,4
RandomForest,Cross River,2022,Mean_Tmin_C,23.71352727272727,-0.018572174537319304,0.018572174537319304,4
RandomForest,Cross River,2022,Mean_RH_pct,88.49356363636363,-0.05549379813513832,0.05549379813513832,4
RandomForest,Cross River,2022,Mean_Solar_Radiation_MJ_m2_day,14.366872727272726,0.026370124272517066,0.026370124272517066,4
RandomForest,Cross River,2022,Rainfall_Anomaly_Z_2000_2019,0.8626794971540964,-0.012145318592593438,0.012145318592593438,4
RandomForest,Cross River,2023,Seasonal_Rainfall_mm,2374.96,-0.07770230896951548,0.07770230896951548,4
RandomForest,Cross River,2023,Seasonal_GDD_C,4585.145,-0.3919014671823108,0.3919014671823108,4
RandomForest,Cross River,2023,Max_CDD_days,3.0,0.009205746298056214,0.009205746298056214,4
RandomForest,Cross River,2023,Mean_Tmax_C,29.10352727272727,-0.15633305295892158,0.15633305295892158,4
RandomForest,Cross River,2023,Mean_Tmin_C,24.242981818181818,-0.02639131317372595,0.02639131317372595,4
RandomForest,Cross River,2023,Mean_RH_pct,89.3528,-0.006042283697978731,0.006042283697978731,4
RandomForest,Cross River,2023,Mean_Solar_Radiation_MJ_m2_day,14.16669090909091,0.034023394623467186,0.034023394623467186,4
RandomForest,Cross River,2023,Rainfall_Anomaly_Z_2000_2019,-0.8937803990340917,-0.07742023393858981,0.07742023393858981,4
RandomForest,Cross River,2024,Seasonal_Rainfall_mm,1869.09,-0.017823434978425822,0.017823434978425822,4
RandomForest,Cross River,2024,Seasonal_GDD_C,4694.005000000001,-0.3387488138257732,0.3387488138257732,4
RandomForest,Cross River,2024,Max_CDD_days,18.0,-0.013703566085295936,0.013703566085295936,4
RandomForest,Cross River,2024,Mean_Tmax_C,29.75338181818182,0.06339813778062861,0.06339813778062861,4
RandomForest,Cross River,2024,Mean_Tmin_C,24.384836363636364,-0.032391446002720634,0.032391446002720634,4
RandomForest,Cross River,2024,Mean_RH_pct,87.72872727272728,-0.031198977291664737,0.031198977291664737,4
RandomForest,Cross River,2024,Mean_Solar_Radiation_MJ_m2_day,14.285345454545457,0.04976021176066705,0.04976021176066705,4
RandomForest,Cross River,2024,Rainfall_Anomaly_Z_2000_2019,-1.8894777114847496,-0.1459400661433712,0.1459400661433712,4
RandomForest,Enugu,2020,Seasonal_Rainfall_mm,1624.71,0.020198820299334848,0.020198820299334848,4
RandomForest,Enugu,2020,Seasonal_GDD_C,4419.49,-0.08269064523596766,0.08269064523596766,4
RandomForest,Enugu,2020,Max_CDD_days,14.0,0.0024672652022966115,0.0024672652022966115,4
RandomForest,Enugu,2020,Mean_Tmax_C,29.49672727272728,0.0792906880022697,0.0792906880022697,4
RandomForest,Enugu,2020,Mean_Tmin_C,22.64501818181818,0.004647742840701578,0.004647742840701578,4
RandomForest,Enugu,2020,Mean_RH_pct,85.4033090909091,0.0004436453264236456,0.0004436453264236456,4
RandomForest,Enugu,2020,Mean_Solar_Radiation_MJ_m2_day,17.070800000000002,0.08446543198911281,0.08446543198911281,4
RandomForest,Enugu,2020,Rainfall_Anomaly_Z_2000_2019,0.2313925871858051,0.0242441785599552,0.0242441785599552,4
RandomForest,Enugu,2021,Seasonal_Rainfall_mm,1266.25,0.01672276448200383,0.01672276448200383,4
RandomForest,Enugu,2021,Seasonal_GDD_C,4440.415000000001,-0.16292087831920335,0.16292087831920335,4
RandomForest,Enugu,2021,Max_CDD_days,10.0,0.011870711071476218,0.011870711071476218,4
RandomForest,Enugu,2021,Mean_Tmax_C,29.43767272727273,0.07168151401436117,0.07168151401436117,4
RandomForest,Enugu,2021,Mean_Tmin_C,22.856254545454544,0.012433064719578477,0.012433064719578477,4
RandomForest,Enugu,2021,Mean_RH_pct,86.45323636363636,-0.019794377245546738,0.019794377245546738,4
RandomForest,Enugu,2021,Mean_Solar_Radiation_MJ_m2_day,16.93858181818182,0.06943748825594881,0.06943748825594881,4
RandomForest,Enugu,2021,Rainfall_Anomaly_Z_2000_2019,-0.7147821240979515,-0.03546479659862725,0.03546479659862725,4
RandomForest,Enugu,2022,Seasonal_Rainfall_mm,1203.27,0.018865970709843284,0.018865970709843284,4
RandomForest,Enugu,2022,Seasonal_GDD_C,4449.645,-0.20769954607900404,0.20769954607900404,4
RandomForest,Enugu,2022,Max_CDD_days,20.0,-0.01440890764079342,0.01440890764079342,4
RandomForest,Enugu,2022,Mean_Tmax_C,29.72407272727273,0.05047497549010495,0.05047497549010495,4
RandomForest,Enugu,2022,Mean_Tmin_C,22.63698181818182,0.00246403719995165,0.00246403719995165,4
RandomForest,Enugu,2022,Mean_RH_pct,84.06698181818182,-0.007345275649508204,0.007345275649508204,4
RandomForest,Enugu,2022,Mean_Solar_Radiation_MJ_m2_day,16.301781818181816,0.06602866243762444,0.06602866243762444,4
RandomForest,Enugu,2022,Rainfall_Anomaly_Z_2000_2019,-0.8810212674239879,-0.10644087991218262,0.10644087991218262,4
RandomForest,Enugu,2023,Seasonal_Rainfall_mm,1097.81,0.023169096816665968,0.023169096816665968,4
RandomForest,Enugu,2023,Seasonal_GDD_C,4586.5,-0.29356962901691497,0.29356962901691497,4
RandomForest,Enugu,2023,Max_CDD_days,9.0,0.01242771379112365,0.01242771379112365,4
RandomForest,Enugu,2023,Mean_Tmax_C,29.97632727272727,0.04701184552803936,0.04701184552803936,4
RandomForest,Enugu,2023,Mean_Tmin_C,23.380036363636364,0.013815416457287896,0.013815416457287896,4
RandomForest,Enugu,2023,Mean_RH_pct,85.26476363636363,-0.019491924677501805,0.019491924677501805,4
RandomForest,Enugu,2023,Mean_Solar_Radiation_MJ_m2_day,16.616436363636364,0.053102933920655515,0.053102933920655515,4
RandomForest,Enugu,2023,Rainfall_Anomaly_Z_2000_2019,-1.1593886865278906,-0.1408588705682734,0.1408588705682734,4
RandomForest,Enugu,2024,Seasonal_Rainfall_mm,975.9,0.027221990032658173,0.027221990032658173,4
RandomForest,Enugu,2024,Seasonal_GDD_C,4722.129999999999,-0.3356426751176103,0.3356426751176103,4
RandomForest,Enugu,2024,Max_CDD_days,29.0,-0.015399420486911978,0.015399420486911978,4
RandomForest,Enugu,2024,Mean_Tmax_C,30.869672727272725,0.0952724214933947,0.0952724214933947,4
RandomForest,Enugu,2024,Mean_Tmin_C,23.47309090909091,0.012221954431057091,0.012221954431057091,4
RandomForest,Enugu,2024,Mean_RH_pct,81.54152727272727,-0.012963324907038344,0.012963324907038344,4
RandomForest,Enugu,2024,Mean_Solar_Radiation_MJ_m2_day,16.76098181818182,0.06196684263511479,0.06196684263511479,4
RandomForest,Enugu,2024,Rainfall_Anomaly_Z_2000_2019,-1.4811767773960565,-0.13320071520909188,0.13320071520909188,4
RandomForest,Kaduna,2020,Seasonal_Rainfall_mm,2498.0,-0.0067587351907794175,0.0067587351907794175,4
RandomForest,Kaduna,2020,Seasonal_GDD_C,2570.3499999999995,0.0891474949118594,0.0891474949118594,4
RandomForest,Kaduna,2020,Max_CDD_days,12.0,0.017521773590887132,0.017521773590887132,4
RandomForest,Kaduna,2020,Mean_Tmax_C,27.51380434782609,-0.07379535869675063,0.07379535869675063,4
RandomForest,Kaduna,2020,Mean_Tmin_C,20.42478260869565,-0.01049911388069802,0.01049911388069802,4
RandomForest,Kaduna,2020,Mean_RH_pct,86.65114130434782,-0.011751150554779386,0.011751150554779386,4
RandomForest,Kaduna,2020,Mean_Solar_Radiation_MJ_m2_day,18.71565217391305,0.13261772397985938,0.13261772397985938,4
RandomForest,Kaduna,2020,Rainfall_Anomaly_Z_2000_2019,3.734242709630624,0.025975658880695494,0.025975658880695494,4
RandomForest,Kaduna,2021,Seasonal_Rainfall_mm,5688.79,-0.020729899556182117,0.020729899556182117,4
RandomForest,Kaduna,2021,Seasonal_GDD_C,2663.585,0.014177699190709952,0.014177699190709952,4
RandomForest,Kaduna,2021,Max_CDD_days,6.0,0.012322325333640855,0.012322325333640855,4
RandomForest,Kaduna,2021,Mean_Tmax_C,28.111249999999995,-0.06018519908237655,0.06018519908237655,4
RandomForest,Kaduna,2021,Mean_Tmin_C,20.84076086956522,-0.03804000599551996,0.03804000599551996,4
RandomForest,Kaduna,2021,Mean_RH_pct,85.2183152173913,-0.0031870146453560418,0.0031870146453560418,4
RandomForest,Kaduna,2021,Mean_Solar_Radiation_MJ_m2_day,19.411195652173912,-0.19547835533037708,0.19547835533037708,4
RandomForest,Kaduna,2021,Rainfall_Anomaly_Z_2000_2019,13.207048700153434,0.03815609401560538,0.03815609401560538,4
RandomForest,Kaduna,2022,Seasonal_Rainfall_mm,3217.49,-0.006515227808946789,0.006515227808946789,4
RandomForest,Kaduna,2022,Seasonal_GDD_C,2545.795,0.09861585049172322,0.09861585049172322,4
RandomForest,Kaduna,2022,Max_CDD_days,17.0,0.012255653130867399,0.012255653130867399,4
RandomForest,Kaduna,2022,Mean_Tmax_C,27.35760869565217,-0.0674169774422309,0.0674169774422309,4
RandomForest,Kaduna,2022,Mean_Tmin_C,20.31407608695652,-0.0042151737402045305,0.0042151737402045305,4
RandomForest,Kaduna,2022,Mean_RH_pct,86.62646739130435,-0.01018288765461849,0.01018288765461849,4
RandomForest,Kaduna,2022,Mean_Solar_Radiation_MJ_m2_day,18.07858695652174,0.16060078910589093,0.16060078910589093,4
RandomForest,Kaduna,2022,Rainfall_Anomaly_Z_2000_2019,5.870262059735537,0.03372453415358009,0.03372453415358009,4
RandomForest,Kaduna,2023,Seasonal_Rainfall_mm,1659.07,0.012192216640095005,0.012192216640095005,4
RandomForest,Kaduna,2023,Seasonal_GDD_C,2768.665,0.01356341351677083,0.01356341351677083,4
RandomForest,Kaduna,2023,Max_CDD_days,13.0,0.020794362606986937,0.020794362606986937,4
RandomForest,Kaduna,2023,Mean_Tmax_C,28.909130434782607,-0.04629907424963001,0.04629907424963001,4
RandomForest,Kaduna,2023,Mean_Tmin_C,21.185054347826085,-0.033943396746877894,0.033943396746877894,4
RandomForest,Kaduna,2023,Mean_RH_pct,83.20315217391304,0.0029600318433627942,0.0029600318433627942,4
RandomForest,Kaduna,2023,Mean_Solar_Radiation_MJ_m2_day,19.297065217391303,-0.1170082328811117,0.1170082328811117,4
RandomForest,Kaduna,2023,Rainfall_Anomaly_Z_2000_2019,1.243630312816888,0.012550266201991315,0.012550266201991315,4
RandomForest,Kaduna,2024,Seasonal_Rainfall_mm,1456.84,0.010235364566512133,0.010235364566512133,4
RandomForest,Kaduna,2024,Seasonal_GDD_C,2800.6800000000003,0.06655277179773748,0.06655277179773748,4
RandomForest,Kaduna,2024,Max_CDD_days,9.0,0.0029524587234948073,0.0029524587234948073,4
RandomForest,Kaduna,2024,Mean_Tmax_C,29.12326086956521,-0.06778101278576398,0.06778101278576398,4
RandomForest,Kaduna,2024,Mean_Tmin_C,21.31891304347826,-0.009613138703848166,0.009613138703848166,4
RandomForest,Kaduna,2024,Mean_RH_pct,82.87179347826087,0.009233633406295984,0.009233633406295984,4
RandomForest,Kaduna,2024,Mean_Solar_Radiation_MJ_m2_day,17.654891304347824,0.15300858200557566,0.15300858200557566,4
RandomForest,Kaduna,2024,Rainfall_Anomaly_Z_2000_2019,0.6432506088992294,-0.008714573058916705,0.008714573058916705,4
RandomForest,Kwara,2020,Seasonal_Rainfall_mm,1129.14,0.014176136663599825,0.014176136663599825,4
RandomForest,Kwara,2020,Seasonal_GDD_C,3347.15,0.0682359933019097,0.0682359933019097,4
RandomForest,Kwara,2020,Max_CDD_days,10.0,0.010071405761446965,0.010071405761446965,4
RandomForest,Kwara,2020,Mean_Tmax_C,29.38845794392524,-0.0004978116237603867,0.0004978116237603867,4
RandomForest,Kwara,2020,Mean_Tmin_C,21.893317757009346,-0.0022486175103693207,0.0022486175103693207,4
RandomForest,Kwara,2020,Mean_RH_pct,84.41827102803738,0.012022422550534062,0.012022422550534062,4
RandomForest,Kwara,2020,Mean_Solar_Radiation_MJ_m2_day,17.28565420560748,0.12517749784526988,0.12517749784526988,4
RandomForest,Kwara,2020,Rainfall_Anomaly_Z_2000_2019,0.0159723665127039,-0.005283843098446134,0.005283843098446134,4
RandomForest,Kwara,2021,Seasonal_Rainfall_mm,1451.07,0.007158339984428164,0.007158339984428164,4
RandomForest,Kwara,2021,Seasonal_GDD_C,3422.2700000000004,0.07854327080567701,0.07854327080567701,4
RandomForest,Kwara,2021,Max_CDD_days,5.0,0.008512719853120174,0.008512719853120174,4
RandomForest,Kwara,2021,Mean_Tmax_C,29.76336448598131,0.00740874370690412,0.00740874370690412,4
RandomForest,Kwara,2021,Mean_Tmin_C,22.22046728971963,-0.0011671876000010207,0.0011671876000010207,4
RandomForest,Kwara,2021,Mean_RH_pct,83.44364485981309,0.0035603661144329372,0.0035603661144329372,4
RandomForest,Kwara,2021,Mean_Solar_Radiation_MJ_m2_day,18.035046728971963,0.1325881746440263,0.1325881746440263,4
RandomForest,Kwara,2021,Rainfall_Anomaly_Z_2000_2019,1.5131288525906397,0.017006042983883665,0.017006042983883665,4
RandomForest,Kwara,2022,Seasonal_Rainfall_mm,1419.62,0.0111590483633972,0.0111590483633972,4
RandomForest,Kwara,2022,Seasonal_GDD_C,3283.9700000000003,0.12078323600605859,0.12078323600605859,4
RandomForest,Kwara,2022,Max_CDD_days,6.0,0.00444471075066597,0.00444471075066597,4
RandomForest,Kwara,2022,Mean_Tmax_C,28.89845794392524,-0.07053101334835704,0.07053101334835704,4
RandomForest,Kwara,2022,Mean_Tmin_C,21.79285046728972,-0.0029393288852454552,0.0029393288852454552,4
RandomForest,Kwara,2022,Mean_RH_pct,85.27841121495327,0.024468492637797202,0.024468492637797202,4
RandomForest,Kwara,2022,Mean_Solar_Radiation_MJ_m2_day,16.998644859813083,0.12617062729578152,0.12617062729578152,4
RandomForest,Kwara,2022,Rainfall_Anomaly_Z_2000_2019,1.3668685739985518,0.01752195467463041,0.01752195467463041,4
RandomForest,Kwara,2023,Seasonal_Rainfall_mm,1382.36,0.01932959992348051,0.01932959992348051,4
RandomForest,Kwara,2023,Seasonal_GDD_C,3440.425,0.1432543795946847,0.1432543795946847,4
RandomForest,Kwara,2023,Max_CDD_days,6.0,0.01227009467665488,0.01227009467665488,4
RandomForest,Kwara,2023,Mean_Tmax_C,29.545327102803743,0.017081116122684217,0.017081116122684217,4
RandomForest,Kwara,2023,Mean_Tmin_C,22.608177570093456,0.013078131160189153,0.013078131160189153,4
RandomForest,Kwara,2023,Mean_RH_pct,85.51214953271027,0.020120790611381844,0.020120790611381844,4
RandomForest,Kwara,2023,Mean_Solar_Radiation_MJ_m2_day,17.12728971962617,0.1588287133099889,0.1588287133099889,4
RandomForest,Kwara,2023,Rainfall_Anomaly_Z_2000_2019,1.1935885110306277,0.01675820138896251,0.01675820138896251,4
RandomForest,Kwara,2024,Seasonal_Rainfall_mm,1215.39,0.02409554303727732,0.02409554303727732,4
RandomForest,Kwara,2024,Seasonal_GDD_C,3515.295,0.14605322518651406,0.14605322518651406,4
RandomForest,Kwara,2024,Max_CDD_days,13.0,0.015683888924076662,0.015683888924076662,4
RandomForest,Kwara,2024,Mean_Tmax_C,30.14434579439252,0.01973602361545184,0.01973602361545184,4
RandomForest,Kwara,2024,Mean_Tmin_C,22.7088785046729,0.01702556465722599,0.01702556465722599,4
RandomForest,Kwara,2024,Mean_RH_pct,83.5259813084112,0.0031231202379370725,0.0031231202379370725,4
RandomForest,Kwara,2024,Mean_Solar_Radiation_MJ_m2_day,16.815327102803735,0.1492775434214967,0.1492775434214967,4
RandomForest,Kwara,2024,Rainfall_Anomaly_Z_2000_2019,0.417083623382899,-0.002110809253880058,0.002110809253880058,4
RandomForest,Ondo,2020,Seasonal_Rainfall_mm,1674.83,0.016260115146411142,0.016260115146411142,4
RandomForest,Ondo,2020,Seasonal_GDD_C,4131.280000000001,0.010042155750919395,0.010042155750919395,4
RandomForest,Ondo,2020,Max_CDD_days,14.0,0.002524472816281052,0.002524472816281052,4
RandomForest,Ondo,2020,Mean_Tmax_C,28.408036363636363,-0.13920239408320056,0.13920239408320056,4
RandomForest,Ondo,2020,Mean_Tmin_C,21.63763636363636,-0.018428259962584882,0.018428259962584882,4
RandomForest,Ondo,2020,Mean_RH_pct,87.87240000000001,-0.06486051872017266,0.06486051872017266,4
RandomForest,Ondo,2020,Mean_Solar_Radiation_MJ_m2_day,16.94941818181818,0.08086301000179129,0.08086301000179129,4
RandomForest,Ondo,2020,Rainfall_Anomaly_Z_2000_2019,0.6307491994593836,-0.010289092252955582,0.010289092252955582,4
RandomForest,Ondo,2021,Seasonal_Rainfall_mm,2454.52,-0.02160572594060792,0.02160572594060792,4
RandomForest,Ondo,2021,Seasonal_GDD_C,4160.120000000001,0.018018329639547446,0.018018329639547446,4
RandomForest,Ondo,2021,Max_CDD_days,10.0,0.001056599670086254,0.001056599670086254,4
RandomForest,Ondo,2021,Mean_Tmax_C,28.32523636363636,-0.14005424249580775,0.14005424249580775,4
RandomForest,Ondo,2021,Mean_Tmin_C,21.93018181818182,-0.007424319176156517,0.007424319176156517,4
RandomForest,Ondo,2021,Mean_RH_pct,88.6116,-0.07732177746514671,0.07732177746514671,4
RandomForest,Ondo,2021,Mean_Solar_Radiation_MJ_m2_day,16.92436363636364,0.06276091826298429,0.06276091826298429,4
RandomForest,Ondo,2021,Rainfall_Anomaly_Z_2000_2019,3.3454149276912624,0.03257738546676947,0.03257738546676947,4
RandomForest,Ondo,2022,Seasonal_Rainfall_mm,1935.77,-0.003165490880477584,0.003165490880477584,4
RandomForest,Ondo,2022,Seasonal_GDD_C,4042.9,0.011080959989858934,0.011080959989858934,4
RandomForest,Ondo,2022,Max_CDD_days,15.0,0.005031883856718303,0.005031883856718303,4
RandomForest,Ondo,2022,Mean_Tmax_C,27.862654545454543,-0.12850457794513695,0.12850457794513695,4
RandomForest,Ondo,2022,Mean_Tmin_C,21.540254545454548,-0.014540705893883309,0.014540705893883309,4
RandomForest,Ondo,2022,Mean_RH_pct,89.01807272727274,-0.058072525951683496,0.058072525951683496,4
RandomForest,Ondo,2022,Mean_Solar_Radiation_MJ_m2_day,16.410981818181817,0.0865034680016392,0.0865034680016392,4
RandomForest,Ondo,2022,Rainfall_Anomaly_Z_2000_2019,1.539270374701886,0.029685059770536235,0.029685059770536235,4
RandomForest,Ondo,2023,Seasonal_Rainfall_mm,1991.3,-0.006095367881864721,0.006095367881864721,4
RandomForest,Ondo,2023,Seasonal_GDD_C,4201.675,0.00815222224262627,0.00815222224262627,4
RandomForest,Ondo,2023,Max_CDD_days,6.0,0.007329858965795961,0.007329858965795961,4
RandomForest,Ondo,2023,Mean_Tmax_C,28.312,-0.12453720643189632,0.12453720643189632,4
RandomForest,Ondo,2023,Mean_Tmin_C,22.24563636363636,-0.004960763935371325,0.004960763935371325,4
RandomForest,Ondo,2023,Mean_RH_pct,89.70890909090907,-0.030262860680296832,0.030262860680296832,4
RandomForest,Ondo,2023,Mean_Solar_Radiation_MJ_m2_day,16.682509090909093,0.07310406656775291,0.07310406656775291,4
RandomForest,Ondo,2023,Rainfall_Anomaly_Z_2000_2019,1.732610532827188,0.030176527584231325,0.030176527584231325,4
RandomForest,Ondo,2024,Seasonal_Rainfall_mm,1356.8000000000002,0.017952015094427884,0.017952015094427884,4
RandomForest,Ondo,2024,Seasonal_GDD_C,4302.264999999999,0.01044827818632938,0.01044827818632938,4
RandomForest,Ondo,2024,Max_CDD_days,20.0,0.0022576305398936403,0.0022576305398936403,4
RandomForest,Ondo,2024,Mean_Tmax_C,29.06705454545454,-0.1066199200378037,0.1066199200378037,4
RandomForest,Ondo,2024,Mean_Tmin_C,22.22214545454545,-0.007364330210627997,0.007364330210627997,4
RandomForest,Ondo,2024,Mean_RH_pct,86.85934545454545,-0.047749162421091416,0.047749162421091416,4
RandomForest,Ondo,2024,Mean_Solar_Radiation_MJ_m2_day,16.821854545454546,0.08498381786016977,0.08498381786016977,4
RandomForest,Ondo,2024,Rainfall_Anomaly_Z_2000_2019,-0.4765436240340352,-0.004794505945474479,0.004794505945474479,4
RandomForest,Sokoto,2020,Seasonal_Rainfall_mm,1114.59,0.022342435588547573,0.022342435588547573,4
RandomForest,Sokoto,2020,Seasonal_GDD_C,3288.085,0.04051638747738085,0.04051638747738085,4
RandomForest,Sokoto,2020,Max_CDD_days,20.0,-0.018824512724727852,0.018824512724727852,4
RandomForest,Sokoto,2020,Mean_Tmax_C,32.40391304347826,0.04035023245638536,0.04035023245638536,4
RandomForest,Sokoto,2020,Mean_Tmin_C,23.336141304347827,0.04870324207440757,0.04870324207440757,4
RandomForest,Sokoto,2020,Mean_RH_pct,73.34869565217392,-0.010396331943184905,0.010396331943184905,4
RandomForest,Sokoto,2020,Mean_Solar_Radiation_MJ_m2_day,20.9758695652174,-0.1490069573322168,0.1490069573322168,4
RandomForest,Sokoto,2020,Rainfall_Anomaly_Z_2000_2019,3.188649584825366,0.036200239612643535,0.036200239612643535,4
RandomForest,Sokoto,2021,Seasonal_Rainfall_mm,1247.63,0.02553786023363619,0.02553786023363619,4
RandomForest,Sokoto,2021,Seasonal_GDD_C,3439.355,0.09816664368889494,0.09816664368889494,4
RandomForest,Sokoto,2021,Max_CDD_days,16.0,0.019698281565547034,0.019698281565547034,4
RandomForest,Sokoto,2021,Mean_Tmax_C,33.57755434782609,0.08109715001660153,0.08109715001660153,4
RandomForest,Sokoto,2021,Mean_Tmin_C,23.806739130434785,-0.013698653798755473,0.013698653798755473,4
RandomForest,Sokoto,2021,Mean_RH_pct,67.9108152173913,0.007595076010575825,0.007595076010575825,4
RandomForest,Sokoto,2021,Mean_Solar_Radiation_MJ_m2_day,22.03804347826087,0.022040769538754553,0.022040769538754553,4
RandomForest,Sokoto,2021,Rainfall_Anomaly_Z_2000_2019,4.127361379665473,0.027481124067496226,0.027481124067496226,4
RandomForest,Sokoto,2022,Seasonal_Rainfall_mm,1119.31,0.02288972195228366,0.02288972195228366,4
RandomForest,Sokoto,2022,Seasonal_GDD_C,3251.365,0.040554613353952176,0.040554613353952176,4
RandomForest,Sokoto,2022,Max_CDD_days,17.0,-0.005859935100910656,0.005859935100910656,4
RandomForest,Sokoto,2022,Mean_Tmax_C,32.337228260869566,0.03715049561815545,0.03715049561815545,4
RandomForest,Sokoto,2022,Mean_Tmin_C,23.00369565217392,0.04745056449193866,0.04745056449193866,4
RandomForest,Sokoto,2022,Mean_RH_pct,73.21184782608695,-0.011087956908044332,0.011087956908044332,4
RandomForest,Sokoto,2022,Mean_Solar_Radiation_MJ_m2_day,21.04440217391305,-0.14825643436458294,0.14825643436458294,4
RandomForest,Sokoto,2022,Rainfall_Anomaly_Z_2000_2019,3.2219532504270285,0.0346773301876068,0.0346773301876068,4
RandomForest,Sokoto,2023,Seasonal_Rainfall_mm,779.82,0.014572782709304845,0.014572782709304845,4
RandomForest,Sokoto,2023,Seasonal_GDD_C,3532.475,0.10433432548639805,0.10433432548639805,4
RandomForest,Sokoto,2023,Max_CDD_days,14.0,0.01632862349543093,0.01632862349543093,4
RandomForest,Sokoto,2023,Mean_Tmax_C,34.1291847826087,0.091625206111708,0.091625206111708,4
RandomForest,Sokoto,2023,Mean_Tmin_C,24.26728260869565,-0.007789686784502873,0.007789686784502873,4
RandomForest,Sokoto,2023,Mean_RH_pct,66.0,0.009535604879195997,0.009535604879195997,4
RandomForest,Sokoto,2023,Mean_Solar_Radiation_MJ_m2_day,21.44619565217392,0.002868212400281644,0.002868212400281644,4
RandomForest,Sokoto,2023,Rainfall_Anomaly_Z_2000_2019,0.8265588785819622,-0.009351959795208547,0.009351959795208547,4
RandomForest,Sokoto,2024,Seasonal_Rainfall_mm,1363.51,0.024933677274788194,0.024933677274788194,4
RandomForest,Sokoto,2024,Seasonal_GDD_C,3433.615,0.07380598845282982,0.07380598845282982,4
RandomForest,Sokoto,2024,Max_CDD_days,16.0,0.020905619129125568,0.020905619129125568,4
RandomForest,Sokoto,2024,Mean_Tmax_C,33.102663043478266,0.06439162842096895,0.06439162842096895,4
RandomForest,Sokoto,2024,Mean_Tmin_C,24.219239130434783,0.010891559949627512,0.010891559949627512,4
RandomForest,Sokoto,2024,Mean_RH_pct,72.92222826086956,0.012160482228336877,0.012160482228336877,4
RandomForest,Sokoto,2024,Mean_Solar_Radiation_MJ_m2_day,20.30445652173913,-0.181850929511134,0.181850929511134,4
RandomForest,Sokoto,2024,Rainfall_Anomaly_Z_2000_2019,4.944994593631734,0.03818563681861961,0.03818563681861961,4
LightGBM,Anambra,2020,Seasonal_Rainfall_mm,2209.44,-0.0773313465703939,0.0773313465703939,4
LightGBM,Anambra,2020,Seasonal_GDD_C,4440.435,-0.16955572626989945,0.16955572626989945,4
LightGBM,Anambra,2020,Max_CDD_days,11.0,-0.008319195315703338,0.008319195315703338,4
LightGBM,Anambra,2020,Mean_Tmax_C,29.250690909090903,-0.06457233050606415,0.06457233050606415,4
LightGBM,Anambra,2020,Mean_Tmin_C,23.043381818181818,0.05025479073499151,0.05025479073499151,4
LightGBM,Anambra,2020,Mean_RH_pct,87.63425454545454,-0.04323671404646091,0.04323671404646091,4
LightGBM,Anambra,2020,Mean_Solar_Radiation_MJ_m2_day,17.070800000000002,0.03957672163029035,0.03957672163029035,4
LightGBM,Anambra,2020,Rainfall_Anomaly_Z_2000_2019,0.9672548710028384,0.057204213256261724,0.057204213256261724,4
LightGBM,Anambra,2021,Seasonal_Rainfall_mm,2162.34,-0.0467736489383185,0.0467736489383185,4
LightGBM,Anambra,2021,Seasonal_GDD_C,4433.014999999999,-0.17676602492262763,0.17676602492262763,4
LightGBM,Anambra,2021,Max_CDD_days,10.0,-0.011032724705698122,0.011032724705698122,4
LightGBM,Anambra,2021,Mean_Tmax_C,29.016872727272727,-0.13624037195580735,0.13624037195580735,4
LightGBM,Anambra,2021,Mean_Tmin_C,23.223236363636364,0.07756037625080063,0.07756037625080063,4
LightGBM,Anambra,2021,Mean_RH_pct,88.82174545454546,-0.06640016738416048,0.06640016738416048,4
LightGBM,Anambra,2021,Mean_Solar_Radiation_MJ_m2_day,16.93858181818182,0.04440016841269067,0.04440016841269067,4
LightGBM,Anambra,2021,Rainfall_Anomaly_Z_2000_2019,0.8779268269870816,0.023765201626474372,0.023765201626474372,4
LightGBM,Anambra,2022,Seasonal_Rainfall_mm,1429.84,0.011663129178967687,0.011663129178967687,4
LightGBM,Anambra,2022,Seasonal_GDD_C,4430.95,-0.16348287046019158,0.16348287046019158,4
LightGBM,Anambra,2022,Max_CDD_days,14.0,0.009175620062905957,0.009175620062905957,4
LightGBM,Anambra,2022,Mean_Tmax_C,29.22610909090909,-0.11045589767443287,0.11045589767443287,4
LightGBM,Anambra,2022,Mean_Tmin_C,22.99898181818181,0.04544465647615991,0.04544465647615991,4
LightGBM,Anambra,2022,Mean_RH_pct,87.20010909090908,-0.03547054620783554,0.03547054620783554,4
LightGBM,Anambra,2022,Mean_Solar_Radiation_MJ_m2_day,16.301781818181816,0.06514580589164407,0.06514580589164407,4
LightGBM,Anambra,2022,Rainfall_Anomaly_Z_2000_2019,-0.5113044307951118,-0.012147526401049364,0.012147526401049364,4
LightGBM,Anambra,2023,Seasonal_Rainfall_mm,1587.33,0.04911635694559603,0.04911635694559603,4
LightGBM,Anambra,2023,Seasonal_GDD_C,4537.595,-0.16176999697793915,0.16176999697793915,4
LightGBM,Anambra,2023,Max_CDD_days,8.0,-0.01035412283864431,0.01035412283864431,4
LightGBM,Anambra,2023,Mean_Tmax_C,29.387600000000003,0.11247273185893947,0.11247273185893947,4
LightGBM,Anambra,2023,Mean_Tmin_C,23.61309090909091,0.019404050160986976,0.019404050160986976,4
LightGBM,Anambra,2023,Mean_RH_pct,88.52974545454545,-0.061954217319176705,0.061954217319176705,4
LightGBM,Anambra,2023,Mean_Solar_Radiation_MJ_m2_day,16.616436363636364,0.055324731960891986,0.055324731960891986,4
LightGBM,Anambra,2023,Rainfall_Anomaly_Z_2000_2019,-0.2126149689683303,0.021950984093026427,0.021950984093026427,4
LightGBM,Anambra,2024,Seasonal_Rainfall_mm,1347.01,0.032283981297047376,0.032283981297047376,4
LightGBM,Anambra,2024,Seasonal_GDD_C,4641.875,-0.2145519480677014,0.2145519480677014,4
LightGBM,Anambra,2024,Max_CDD_days,21.0,0.009722018124339517,0.009722018124339517,4
LightGBM,Anambra,2024,Mean_Tmax_C,30.05850909090909,0.07739548007573965,0.07739548007573965,4
LightGBM,Anambra,2024,Mean_Tmin_C,23.700581818181817,0.003803353646242739,0.003803353646242739,4
LightGBM,Anambra,2024,Mean_RH_pct,86.4098909090909,-0.030588473293645307,0.030588473293645307,4
LightGBM,Anambra,2024,Mean_Solar_Radiation_MJ_m2_day,16.76098181818182,0.052978412477007485,0.052978412477007485,4
LightGBM,Anambra,2024,Rainfall_Anomaly_Z_2000_2019,-0.6683966152075341,-0.09515157179808786,0.09515157179808786,4
LightGBM,Cross River,2020,Seasonal_Rainfall_mm,2953.3,-0.15738191192387066,0.15738191192387066,4
LightGBM,Cross River,2020,Seasonal_GDD_C,4527.895,-0.3125008721625168,0.3125008721625168,4
LightGBM,Cross River,2020,Max_CDD_days,6.0,-0.004451210418688365,0.004451210418688365,4
LightGBM,Cross River,2020,Mean_Tmax_C,29.11032727272727,-0.15863966466981957,0.15863966466981957,4
LightGBM,Cross River,2020,Mean_Tmin_C,23.81981818181818,-0.060055330531954866,0.060055330531954866,4
LightGBM,Cross River,2020,Mean_RH_pct,88.35538181818181,-0.07934402783723718,0.07934402783723718,4
LightGBM,Cross River,2020,Mean_Solar_Radiation_MJ_m2_day,14.413163636363636,0.049890377497605214,0.049890377497605214,4
LightGBM,Cross River,2020,Rainfall_Anomaly_Z_2000_2019,0.2445586676880186,-0.14161819774681286,0.14161819774681286,4
LightGBM,Cross River,2021,Seasonal_Rainfall_mm,2363.69,-0.1347999194031681,0.1347999194031681,4
LightGBM,Cross River,2021,Seasonal_GDD_C,4522.715,-0.3483179864552992,0.3483179864552992,4
LightGBM,Cross River,2021,Max_CDD_days,10.0,0.0013066731760929806,0.0013066731760929806,4
LightGBM,Cross River,2021,Mean_Tmax_C,29.026000000000003,-0.14222084431960336,0.14222084431960336,4
LightGBM,Cross River,2021,Mean_Tmin_C,23.86647272727273,-0.05770838405571303,0.05770838405571303,4
LightGBM,Cross River,2021,Mean_RH_pct,88.68883636363637,-0.05875247812274249,0.05875247812274249,4
LightGBM,Cross River,2021,Mean_Solar_Radiation_MJ_m2_day,14.988945454545457,0.04582304438987061,0.04582304438987061,4
LightGBM,Cross River,2021,Rainfall_Anomaly_Z_2000_2019,-0.915962992805849,-0.19389732083477393,0.19389732083477393,4
LightGBM,Cross River,2022,Seasonal_Rainfall_mm,3267.34,-0.14951504540046293,0.14951504540046293,4
LightGBM,Cross River,2022,Seasonal_GDD_C,4497.98,-0.27887315226943454,0.27887315226943454,4
LightGBM,Cross River,2022,Max_CDD_days,9.0,-0.006551249054935689,0.006551249054935689,4
LightGBM,Cross River,2022,Mean_Tmax_C,28.999054545454545,-0.18586691232450536,0.18586691232450536,4
LightGBM,Cross River,2022,Mean_Tmin_C,23.71352727272727,-0.07217537490407974,0.07217537490407974,4
LightGBM,Cross River,2022,Mean_RH_pct,88.49356363636363,-0.07123862720726587,0.07123862720726587,4
LightGBM,Cross River,2022,Mean_Solar_Radiation_MJ_m2_day,14.366872727272726,0.042080179365856125,0.042080179365856125,4
LightGBM,Cross River,2022,Rainfall_Anomaly_Z_2000_2019,0.8626794971540964,-0.13996907931533684,0.13996907931533684,4
LightGBM,Cross River,2023,Seasonal_Rainfall_mm,2374.96,-0.14439394571488637,0.14439394571488637,4
LightGBM,Cross River,2023,Seasonal_GDD_C,4585.145,-0.33361303643296814,0.33361303643296814,4
LightGBM,Cross River,2023,Max_CDD_days,3.0,0.005686419398720198,0.005686419398720198,4
LightGBM,Cross River,2023,Mean_Tmax_C,29.10352727272727,-0.16625708042332682,0.16625708042332682,4
LightGBM,Cross River,2023,Mean_Tmin_C,24.242981818181818,-0.05952783430280283,0.05952783430280283,4
LightGBM,Cross River,2023,Mean_RH_pct,89.3528,0.004472462961568092,0.004472462961568092,4
LightGBM,Cross River,2023,Mean_Solar_Radiation_MJ_m2_day,14.16669090909091,0.04746431508365843,0.04746431508365843,4
LightGBM,Cross River,2023,Rainfall_Anomaly_Z_2000_2019,-0.8937803990340917,-0.17570838617698095,0.17570838617698095,4
LightGBM,Cross River,2024,Seasonal_Rainfall_mm,1869.09,-0.11123298359987019,0.11123298359987019,4
LightGBM,Cross River,2024,Seasonal_GDD_C,4694.005000000001,-0.29456667527059155,0.29456667527059155,4
LightGBM,Cross River,2024,Max_CDD_days,18.0,-0.005848385014755827,0.005848385014755827,4
LightGBM,Cross River,2024,Mean_Tmax_C,29.75338181818182,0.07152515835505724,0.07152515835505724,4
LightGBM,Cross River,2024,Mean_Tmin_C,24.384836363636364,-0.039695070717638455,0.039695070717638455,4
LightGBM,Cross River,2024,Mean_RH_pct,87.72872727272728,-0.06428641082385163,0.06428641082385163,4
LightGBM,Cross River,2024,Mean_Solar_Radiation_MJ_m2_day,14.285345454545457,0.05119726505566342,0.05119726505566342,4
LightGBM,Cross River,2024,Rainfall_Anomaly_Z_2000_2019,-1.8894777114847496,-0.25428986275865145,0.25428986275865145,4
LightGBM,Enugu,2020,Seasonal_Rainfall_mm,1624.71,0.06062112198511211,0.06062112198511211,4
LightGBM,Enugu,2020,Seasonal_GDD_C,4419.49,-0.051650595038001325,0.051650595038001325,4
LightGBM,Enugu,2020,Max_CDD_days,14.0,0.0013166621428963093,0.0013166621428963093,4
LightGBM,Enugu,2020,Mean_Tmax_C,29.49672727272728,0.14212424491405426,0.14212424491405426,4
LightGBM,Enugu,2020,Mean_Tmin_C,22.64501818181818,-7.67654177352612e-05,7.67654177352612e-05,4
LightGBM,Enugu,2020,Mean_RH_pct,85.4033090909091,-0.009177295655302826,0.009177295655302826,4
LightGBM,Enugu,2020,Mean_Solar_Radiation_MJ_m2_day,17.070800000000002,0.03775036699954935,0.03775036699954935,4
LightGBM,Enugu,2020,Rainfall_Anomaly_Z_2000_2019,0.2313925871858051,-0.02972084735553643,0.02972084735553643,4
LightGBM,Enugu,2021,Seasonal_Rainfall_mm,1266.25,0.03426208350115032,0.03426208350115032,4
LightGBM,Enugu,2021,Seasonal_GDD_C,4440.415000000001,-0.12872699297863321,0.12872699297863321,4
LightGBM,Enugu,2021,Max_CDD_days,10.0,-0.0008870648000188907,0.0008870648000188907,4
LightGBM,Enugu,2021,Mean_Tmax_C,29.43767272727273,0.10888457035527589,0.10888457035527589,4
LightGBM,Enugu,2021,Mean_Tmin_C,22.856254545454544,0.02822641247561163,0.02822641247561163,4
LightGBM,Enugu,2021,Mean_RH_pct,86.45323636363636,-0.05086937929902473,0.05086937929902473,4
LightGBM,Enugu,2021,Mean_Solar_Radiation_MJ_m2_day,16.93858181818182,0.040372476583694694,0.040372476583694694,4
LightGBM,Enugu,2021,Rainfall_Anomaly_Z_2000_2019,-0.7147821240979515,-0.12461571372869126,0.12461571372869126,4
LightGBM,Enugu,2022,Seasonal_Rainfall_mm,1203.27,0.04017530107231585,0.04017530107231585,4
LightGBM,Enugu,2022,Seasonal_GDD_C,4449.645,-0.08481445846065436,0.08481445846065436,4
LightGBM,Enugu,2022,Max_CDD_days,20.0,0.003161199884470411,0.003161199884470411,4
LightGBM,Enugu,2022,Mean_Tmax_C,29.72407272727273,0.08044083249425002,0.08044083249425002,4
LightGBM,Enugu,2022,Mean_Tmin_C,22.63698181818182,-0.0039349621715061645,0.0039349621715061645,4
LightGBM,Enugu,2022,Mean_RH_pct,84.06698181818182,-0.019618204676141757,0.019618204676141757,4
LightGBM,Enugu,2022,Mean_Solar_Radiation_MJ_m2_day,16.301781818181816,0.05933669533402353,0.05933669533402353,4
LightGBM,Enugu,2022,Rainfall_Anomaly_Z_2000_2019,-0.8810212674239879,-0.13648231865822108,0.13648231865822108,4
LightGBM,Enugu,2023,Seasonal_Rainfall_mm,1097.81,0.008947684630753218,0.008947684630753218,4
LightGBM,Enugu,2023,Seasonal_GDD_C,4586.5,-0.24425365068513666,0.24425365068513666,4
LightGBM,Enugu,2023,Max_CDD_days,9.0,0.0058029851932589,0.0058029851932589,4
LightGBM,Enugu,2023,Mean_Tmax_C,29.97632727272727,0.08078353930079418,0.08078353930079418,4
LightGBM,Enugu,2023,Mean_Tmin_C,23.380036363636364,0.041089500076487734,0.041089500076487734,4
LightGBM,Enugu,2023,Mean_RH_pct,85.26476363636363,-0.04676773138342793,0.04676773138342793,4
LightGBM,Enugu,2023,Mean_Solar_Radiation_MJ_m2_day,16.616436363636364,0.055197152387081234,0.055197152387081234,4
LightGBM,Enugu,2023,Rainfall_Anomaly_Z_2000_2019,-1.1593886865278906,-0.20235865254506205,0.20235865254506205,4
LightGBM,Enugu,2024,Seasonal_Rainfall_mm,975.9,0.12645614740177605,0.12645614740177605,4
LightGBM,Enugu,2024,Seasonal_GDD_C,4722.129999999999,-0.29584433985667924,0.29584433985667924,4
LightGBM,Enugu,2024,Max_CDD_days,29.0,-0.00964108030982568,0.00964108030982568,4
LightGBM,Enugu,2024,Mean_Tmax_C,30.869672727272725,0.092738223313366,0.092738223313366,4
LightGBM,Enugu,2024,Mean_Tmin_C,23.47309090909091,0.051763082915006815,0.051763082915006815,4
LightGBM,Enugu,2024,Mean_RH_pct,81.54152727272727,-0.049966943697347055,0.049966943697347055,4
LightGBM,Enugu,2024,Mean_Solar_Radiation_MJ_m2_day,16.76098181818182,0.0544824193192511,0.0544824193192511,4
LightGBM,Enugu,2024,Rainfall_Anomaly_Z_2000_2019,-1.4811767773960565,-0.17829330779993555,0.17829330779993555,4
LightGBM,Kaduna,2020,Seasonal_Rainfall_mm,2498.0,-0.0372101203651164,0.0372101203651164,4
LightGBM,Kaduna,2020,Seasonal_GDD_C,2570.3499999999995,-0.028089464468384555,0.028089464468384555,4
LightGBM,Kaduna,2020,Max_CDD_days,12.0,0.011346847036645555,0.011346847036645555,4
LightGBM,Kaduna,2020,Mean_Tmax_C,27.51380434782609,-0.05149851128528979,0.05149851128528979,4
LightGBM,Kaduna,2020,Mean_Tmin_C,20.42478260869565,-0.021108768261090392,0.021108768261090392,4
LightGBM,Kaduna,2020,Mean_RH_pct,86.65114130434782,-0.010299661685733826,0.010299661685733826,4
LightGBM,Kaduna,2020,Mean_Solar_Radiation_MJ_m2_day,18.71565217391305,-0.0068846210615583015,0.0068846210615583015,4
LightGBM,Kaduna,2020,Rainfall_Anomaly_Z_2000_2019,3.734242709630624,0.07082647599967909,0.07082647599967909,4
LightGBM,Kaduna,2021,Seasonal_Rainfall_mm,5688.79,-0.031515229381914596,0.031515229381914596,4
LightGBM,Kaduna,2021,Seasonal_GDD_C,2663.585,-0.07919628181463516,0.07919628181463516,4
LightGBM,Kaduna,2021,Max_CDD_days,6.0,0.0022643243930854477,0.0022643243930854477,4
LightGBM,Kaduna,2021,Mean_Tmax_C,28.111249999999995,-0.04595152529607749,0.04595152529607749,4
LightGBM,Kaduna,2021,Mean_Tmin_C,20.84076086956522,-0.01868509735405788,0.01868509735405788,4
LightGBM,Kaduna,2021,Mean_RH_pct,85.2183152173913,-0.006664440904524331,0.006664440904524331,4
LightGBM,Kaduna,2021,Mean_Solar_Radiation_MJ_m2_day,19.411195652173912,-0.16795243555154712,0.16795243555154712,4
LightGBM,Kaduna,2021,Rainfall_Anomaly_Z_2000_2019,13.207048700153434,0.09997108936577247,0.09997108936577247,4
LightGBM,Kaduna,2022,Seasonal_Rainfall_mm,3217.49,-0.006885386311794963,0.006885386311794963,4
LightGBM,Kaduna,2022,Seasonal_GDD_C,2545.795,0.012118872073617169,0.012118872073617169,4
LightGBM,Kaduna,2022,Max_CDD_days,17.0,0.032621606805595456,0.032621606805595456,4
LightGBM,Kaduna,2022,Mean_Tmax_C,27.35760869565217,-0.05088149342567007,0.05088149342567007,4
LightGBM,Kaduna,2022,Mean_Tmin_C,20.31407608695652,-0.021063632140203844,0.021063632140203844,4
LightGBM,Kaduna,2022,Mean_RH_pct,86.62646739130435,-0.004838324700667283,0.004838324700667283,4
LightGBM,Kaduna,2022,Mean_Solar_Radiation_MJ_m2_day,18.07858695652174,0.1209994474483297,0.1209994474483297,4
LightGBM,Kaduna,2022,Rainfall_Anomaly_Z_2000_2019,5.870262059735537,0.12437095680383022,0.12437095680383022,4
LightGBM,Kaduna,2023,Seasonal_Rainfall_mm,1659.07,0.02296400636534603,0.02296400636534603,4
LightGBM,Kaduna,2023,Seasonal_GDD_C,2768.665,-0.08286371208977428,0.08286371208977428,4
LightGBM,Kaduna,2023,Max_CDD_days,13.0,-0.007954458106252947,0.007954458106252947,4
LightGBM,Kaduna,2023,Mean_Tmax_C,28.909130434782607,-0.04748615042563355,0.04748615042563355,4
LightGBM,Kaduna,2023,Mean_Tmin_C,21.185054347826085,-0.01917994727097837,0.01917994727097837,4
LightGBM,Kaduna,2023,Mean_RH_pct,83.20315217391304,0.012204451773175638,0.012204451773175638,4
LightGBM,Kaduna,2023,Mean_Solar_Radiation_MJ_m2_day,19.297065217391303,-0.11608595129846312,0.11608595129846312,4
LightGBM,Kaduna,2023,Rainfall_Anomaly_Z_2000_2019,1.243630312816888,0.025637293912956445,0.025637293912956445,4
LightGBM,Kaduna,2024,Seasonal_Rainfall_mm,1456.84,-0.0015343335670100736,0.0015343335670100736,4
LightGBM,Kaduna,2024,Seasonal_GDD_C,2800.6800000000003,0.025189934636421513,0.025189934636421513,4
LightGBM,Kaduna,2024,Max_CDD_days,9.0,0.018220647471114168,0.018220647471114168,4
LightGBM,Kaduna,2024,Mean_Tmax_C,29.12326086956521,-0.056170871642172666,0.056170871642172666,4
LightGBM,Kaduna,2024,Mean_Tmin_C,21.31891304347826,-0.01669651653709971,0.01669651653709971,4
LightGBM,Kaduna,2024,Mean_RH_pct,82.87179347826087,-0.00017957338395594097,0.00017957338395594097,4
LightGBM,Kaduna,2024,Mean_Solar_Radiation_MJ_m2_day,17.654891304347824,0.12436689166139443,0.12436689166139443,4
LightGBM,Kaduna,2024,Rainfall_Anomaly_Z_2000_2019,0.6432506088992294,-0.0468194693832058,0.0468194693832058,4
LightGBM,Kwara,2020,Seasonal_Rainfall_mm,1129.14,0.05864415577752826,0.05864415577752826,4
LightGBM,Kwara,2020,Seasonal_GDD_C,3347.15,0.08653875347307456,0.08653875347307456,4
LightGBM,Kwara,2020,Max_CDD_days,10.0,0.025346169846936363,0.025346169846936363,4
LightGBM,Kwara,2020,Mean_Tmax_C,29.38845794392524,0.03646856095632898,0.03646856095632898,4
LightGBM,Kwara,2020,Mean_Tmin_C,21.893317757009346,0.07818243283773953,0.07818243283773953,4
LightGBM,Kwara,2020,Mean_RH_pct,84.41827102803738,0.01745945814589252,0.01745945814589252,4
LightGBM,Kwara,2020,Mean_Solar_Radiation_MJ_m2_day,17.28565420560748,0.07034725149778523,0.07034725149778523,4
LightGBM,Kwara,2020,Rainfall_Anomaly_Z_2000_2019,0.0159723665127039,-0.036426996037473174,0.036426996037473174,4
LightGBM,Kwara,2021,Seasonal_Rainfall_mm,1451.07,-0.015547276552647269,0.015547276552647269,4
LightGBM,Kwara,2021,Seasonal_GDD_C,3422.2700000000004,0.032233042463660426,0.032233042463660426,4
LightGBM,Kwara,2021,Max_CDD_days,5.0,0.024530998500367735,0.024530998500367735,4
LightGBM,Kwara,2021,Mean_Tmax_C,29.76336448598131,0.0017323598741427711,0.0017323598741427711,4
LightGBM,Kwara,2021,Mean_Tmin_C,22.22046728971963,0.024075513041165553,0.024075513041165553,4
LightGBM,Kwara,2021,Mean_RH_pct,83.44364485981309,0.007091892542900552,0.007091892542900552,4
LightGBM,Kwara,2021,Mean_Solar_Radiation_MJ_m2_day,18.035046728971963,0.07097320308803264,0.07097320308803264,4
LightGBM,Kwara,2021,Rainfall_Anomaly_Z_2000_2019,1.5131288525906397,0.026702854730791387,0.026702854730791387,4
LightGBM,Kwara,2022,Seasonal_Rainfall_mm,1419.62,-0.017225666622126833,0.017225666622126833,4
LightGBM,Kwara,2022,Seasonal_GDD_C,3283.9700000000003,0.12025689620665217,0.12025689620665217,4
LightGBM,Kwara,2022,Max_CDD_days,6.0,0.017232122046444916,0.017232122046444916,4
LightGBM,Kwara,2022,Mean_Tmax_C,28.89845794392524,-0.06954764129326446,0.06954764129326446,4
LightGBM,Kwara,2022,Mean_Tmin_C,21.79285046728972,0.0760113997012294,0.0760113997012294,4
LightGBM,Kwara,2022,Mean_RH_pct,85.27841121495327,0.01816526807737879,0.01816526807737879,4
LightGBM,Kwara,2022,Mean_Solar_Radiation_MJ_m2_day,16.998644859813083,0.07591306305694205,0.07591306305694205,4
LightGBM,Kwara,2022,Rainfall_Anomaly_Z_2000_2019,1.3668685739985518,0.03138654568153191,0.03138654568153191,4
LightGBM,Kwara,2023,Seasonal_Rainfall_mm,1382.36,-0.018945375047239546,0.018945375047239546,4
LightGBM,Kwara,2023,Seasonal_GDD_C,3440.425,0.18085207721938587,0.18085207721938587,4
LightGBM,Kwara,2023,Max_CDD_days,6.0,0.02757751705895493,0.02757751705895493,4
LightGBM,Kwara,2023,Mean_Tmax_C,29.545327102803743,0.02326718243556114,0.02326718243556114,4
LightGBM,Kwara,2023,Mean_Tmin_C,22.608177570093456,-0.0018374421372042168,0.0018374421372042168,4
LightGBM,Kwara,2023,Mean_RH_pct,85.51214953271027,-0.011435968722927972,0.011435968722927972,4
LightGBM,Kwara,2023,Mean_Solar_Radiation_MJ_m2_day,17.12728971962617,0.07585040997468237,0.07585040997468237,4
LightGBM,Kwara,2023,Rainfall_Anomaly_Z_2000_2019,1.1935885110306277,0.03819733486149976,0.03819733486149976,4
LightGBM,Kwara,2024,Seasonal_Rainfall_mm,1215.39,0.06510881620523379,0.06510881620523379,4
LightGBM,Kwara,2024,Seasonal_GDD_C,3515.295,0.1947652790329136,0.1947652790329136,4
LightGBM,Kwara,2024,Max_CDD_days,13.0,0.011123469806336215,0.011123469806336215,4
LightGBM,Kwara,2024,Mean_Tmax_C,30.14434579439252,0.023637900993902786,0.023637900993902786,4
LightGBM,Kwara,2024,Mean_Tmin_C,22.7088785046729,0.013704945079140367,0.013704945079140367,4
LightGBM,Kwara,2024,Mean_RH_pct,83.5259813084112,-0.0014196619262594806,0.0014196619262594806,4
LightGBM,Kwara,2024,Mean_Solar_Radiation_MJ_m2_day,16.815327102803735,0.09127288891903416,0.09127288891903416,4
LightGBM,Kwara,2024,Rainfall_Anomaly_Z_2000_2019,0.417083623382899,-0.048296350167385954,0.048296350167385954,4
LightGBM,Ondo,2020,Seasonal_Rainfall_mm,1674.83,0.04148958462248493,0.04148958462248493,4
LightGBM,Ondo,2020,Seasonal_GDD_C,4131.280000000001,0.062354477653714734,0.062354477653714734,4
LightGBM,Ondo,2020,Max_CDD_days,14.0,-0.002111618150674154,0.002111618150674154,4
LightGBM,Ondo,2020,Mean_Tmax_C,28.408036363636363,-0.11766908983374692,0.11766908983374692,4
LightGBM,Ondo,2020,Mean_Tmin_C,21.63763636363636,-0.054742313237086754,0.054742313237086754,4
LightGBM,Ondo,2020,Mean_RH_pct,87.87240000000001,-0.08272017348786281,0.08272017348786281,4
LightGBM,Ondo,2020,Mean_Solar_Radiation_MJ_m2_day,16.94941818181818,0.05071766105203796,0.05071766105203796,4
LightGBM,Ondo,2020,Rainfall_Anomaly_Z_2000_2019,0.6307491994593836,-0.04989971509776051,0.04989971509776051,4
LightGBM,Ondo,2021,Seasonal_Rainfall_mm,2454.52,-0.04217793982136947,0.04217793982136947,4
LightGBM,Ondo,2021,Seasonal_GDD_C,4160.120000000001,0.04929833426226357,0.04929833426226357,4
LightGBM,Ondo,2021,Max_CDD_days,10.0,-0.01272254530355346,0.01272254530355346,4
LightGBM,Ondo,2021,Mean_Tmax_C,28.32523636363636,-0.10710358201483569,0.10710358201483569,4
LightGBM,Ondo,2021,Mean_Tmin_C,21.93018181818182,-0.020087796885108717,0.020087796885108717,4
LightGBM,Ondo,2021,Mean_RH_pct,88.6116,-0.08768268869297428,0.08768268869297428,4
LightGBM,Ondo,2021,Mean_Solar_Radiation_MJ_m2_day,16.92436363636364,0.04941801349075511,0.04941801349075511,4
LightGBM,Ondo,2021,Rainfall_Anomaly_Z_2000_2019,3.3454149276912624,0.08343690757848618,0.08343690757848618,4
LightGBM,Ondo,2022,Seasonal_Rainfall_mm,1935.77,-0.03782615754455277,0.03782615754455277,4
LightGBM,Ondo,2022,Seasonal_GDD_C,4042.9,0.06167263229862866,0.06167263229862866,4
LightGBM,Ondo,2022,Max_CDD_days,15.0,0.003195706936144205,0.003195706936144205,4
LightGBM,Ondo,2022,Mean_Tmax_C,27.862654545454543,-0.11370594645484379,0.11370594645484379,4
LightGBM,Ondo,2022,Mean_Tmin_C,21.540254545454548,-0.05179309513674019,0.05179309513674019,4
LightGBM,Ondo,2022,Mean_RH_pct,89.01807272727274,-0.020073543488720567,0.020073543488720567,4
LightGBM,Ondo,2022,Mean_Solar_Radiation_MJ_m2_day,16.410981818181817,0.0772504617594502,0.0772504617594502,4
LightGBM,Ondo,2022,Rainfall_Anomaly_Z_2000_2019,1.539270374701886,0.05112486408391449,0.05112486408391449,4
LightGBM,Ondo,2023,Seasonal_Rainfall_mm,1991.3,-0.04233214183693865,0.04233214183693865,4
LightGBM,Ondo,2023,Seasonal_GDD_C,4201.675,0.06950213774283986,0.06950213774283986,4
LightGBM,Ondo,2023,Max_CDD_days,6.0,0.00768321300103856,0.00768321300103856,4
LightGBM,Ondo,2023,Mean_Tmax_C,28.312,-0.11484026491958142,0.11484026491958142,4
LightGBM,Ondo,2023,Mean_Tmin_C,22.24563636363636,-0.04793176195431799,0.04793176195431799,4
LightGBM,Ondo,2023,Mean_RH_pct,89.70890909090907,-0.00925329181741124,0.00925329181741124,4
LightGBM,Ondo,2023,Mean_Solar_Radiation_MJ_m2_day,16.682509090909093,0.05018606213970448,0.05018606213970448,4
LightGBM,Ondo,2023,Rainfall_Anomaly_Z_2000_2019,1.732610532827188,0.06143787796041162,0.06143787796041162,4
LightGBM,Ondo,2024,Seasonal_Rainfall_mm,1356.8000000000002,0.00012358463687873024,0.00012358463687873024,4
LightGBM,Ondo,2024,Seasonal_GDD_C,4302.264999999999,0.06884354506903595,0.06884354506903595,4
LightGBM,Ondo,2024,Max_CDD_days,20.0,0.013470200109108143,0.013470200109108143,4
LightGBM,Ondo,2024,Mean_Tmax_C,29.06705454545454,-0.11473905450976209,0.11473905450976209,4
LightGBM,Ondo,2024,Mean_Tmin_C,22.22214545454545,-0.02840045969168457,0.02840045969168457,4
LightGBM,Ondo,2024,Mean_RH_pct,86.85934545454545,-0.02263738149548635,0.02263738149548635,4
LightGBM,Ondo,2024,Mean_Solar_Radiation_MJ_m2_day,16.821854545454546,0.07168948218169112,0.07168948218169112,4
LightGBM,Ondo,2024,Rainfall_Anomaly_Z_2000_2019,-0.4765436240340352,-0.0011568732354037552,0.0011568732354037552,4
LightGBM,Sokoto,2020,Seasonal_Rainfall_mm,1114.59,-0.008216163401172153,0.008216163401172153,4
LightGBM,Sokoto,2020,Seasonal_GDD_C,3288.085,-0.0534325146474347,0.0534325146474347,4
LightGBM,Sokoto,2020,Max_CDD_days,20.0,-0.02575998287830093,0.02575998287830093,4
LightGBM,Sokoto,2020,Mean_Tmax_C,32.40391304347826,0.010496152324116726,0.010496152324116726,4
LightGBM,Sokoto,2020,Mean_Tmin_C,23.336141304347827,0.041962857682201676,0.041962857682201676,4
LightGBM,Sokoto,2020,Mean_RH_pct,73.34869565217392,-0.03687155485776605,0.03687155485776605,4
LightGBM,Sokoto,2020,Mean_Solar_Radiation_MJ_m2_day,20.9758695652174,-0.09580538961661862,0.09580538961661862,4
LightGBM,Sokoto,2020,Rainfall_Anomaly_Z_2000_2019,3.188649584825366,0.04242422639847838,0.04242422639847838,4
LightGBM,Sokoto,2021,Seasonal_Rainfall_mm,1247.63,0.03219255749337742,0.03219255749337742,4
LightGBM,Sokoto,2021,Seasonal_GDD_C,3439.355,0.12690211421119402,0.12690211421119402,4
LightGBM,Sokoto,2021,Max_CDD_days,16.0,0.05449021252061743,0.05449021252061743,4
LightGBM,Sokoto,2021,Mean_Tmax_C,33.57755434782609,0.04779658788701173,0.04779658788701173,4
LightGBM,Sokoto,2021,Mean_Tmin_C,23.806739130434785,-0.09807140163612141,0.09807140163612141,4
LightGBM,Sokoto,2021,Mean_RH_pct,67.9108152173913,-0.015055219454384287,0.015055219454384287,4
LightGBM,Sokoto,2021,Mean_Solar_Radiation_MJ_m2_day,22.03804347826087,-0.06720027353697981,0.06720027353697981,4
LightGBM,Sokoto,2021,Rainfall_Anomaly_Z_2000_2019,4.127361379665473,0.03835352850037959,0.03835352850037959,4
LightGBM,Sokoto,2022,Seasonal_Rainfall_mm,1119.31,-0.005436881875130155,0.005436881875130155,4
LightGBM,Sokoto,2022,Seasonal_GDD_C,3251.365,-0.030972834705855344,0.030972834705855344,4
LightGBM,Sokoto,2022,Max_CDD_days,17.0,-0.027199813972663835,0.027199813972663835,4
LightGBM,Sokoto,2022,Mean_Tmax_C,32.337228260869566,0.011385526625448594,0.011385526625448594,4
LightGBM,Sokoto,2022,Mean_Tmin_C,23.00369565217392,0.04762802487396949,0.04762802487396949,4
LightGBM,Sokoto,2022,Mean_RH_pct,73.21184782608695,-0.035027121566265175,0.035027121566265175,4
LightGBM,Sokoto,2022,Mean_Solar_Radiation_MJ_m2_day,21.04440217391305,-0.09557394192360237,0.09557394192360237,4
LightGBM,Sokoto,2022,Rainfall_Anomaly_Z_2000_2019,3.2219532504270285,0.043690492880864455,0.043690492880864455,4
LightGBM,Sokoto,2023,Seasonal_Rainfall_mm,779.82,0.07683960787524334,0.07683960787524334,4
LightGBM,Sokoto,2023,Seasonal_GDD_C,3532.475,0.16483894568304416,0.16483894568304416,4
LightGBM,Sokoto,2023,Max_CDD_days,14.0,0.04837258767697005,0.04837258767697005,4
LightGBM,Sokoto,2023,Mean_Tmax_C,34.1291847826087,0.06936705966016002,0.06936705966016002,4
LightGBM,Sokoto,2023,Mean_Tmin_C,24.26728260869565,-0.12261122403939745,0.12261122403939745,4
LightGBM,Sokoto,2023,Mean_RH_pct,66.0,-0.011596605894859315,0.011596605894859315,4
LightGBM,Sokoto,2023,Mean_Solar_Radiation_MJ_m2_day,21.44619565217392,-0.05227236485942483,0.05227236485942483,4
LightGBM,Sokoto,2023,Rainfall_Anomaly_Z_2000_2019,0.8265588785819622,-0.03125312317093818,0.03125312317093818,4
LightGBM,Sokoto,2024,Seasonal_Rainfall_mm,1363.51,-0.01673554880715305,0.01673554880715305,4
LightGBM,Sokoto,2024,Seasonal_GDD_C,3433.615,0.12821447162307656,0.12821447162307656,4
LightGBM,Sokoto,2024,Max_CDD_days,16.0,0.05813468842340071,0.05813468842340071,4
LightGBM,Sokoto,2024,Mean_Tmax_C,33.102663043478266,0.03590626496769146,0.03590626496769146,4
LightGBM,Sokoto,2024,Mean_Tmin_C,24.219239130434783,-0.11609406339133806,0.11609406339133806,4
LightGBM,Sokoto,2024,Mean_RH_pct,72.92222826086956,0.022599157702046912,0.022599157702046912,4
LightGBM,Sokoto,2024,Mean_Solar_Radiation_MJ_m2_day,20.30445652173913,-0.09507853554259614,0.09507853554259614,4
LightGBM,Sokoto,2024,Rainfall_Anomaly_Z_2000_2019,4.944994593631734,0.049370459523868336,0.049370459523868336,4
RandomForest,Akwa Ibom,2020,Seasonal_Rainfall_mm,2953.3,0.00880751996927467,0.00880751996927467,5
RandomForest,Akwa Ibom,2020,Seasonal_GDD_C,4527.895,-0.3306292752446465,0.3306292752446465,5
RandomForest,Akwa Ibom,2020,Max_CDD_days,6.0,0.00610350910104598,0.00610350910104598,5
RandomForest,Akwa Ibom,2020,Mean_Tmax_C,29.11032727272727,-0.08771494306620158,0.08771494306620158,5
RandomForest,Akwa Ibom,2020,Mean_Tmin_C,23.81981818181818,0.0059730397190342795,0.0059730397190342795,5
RandomForest,Akwa Ibom,2020,Mean_RH_pct,88.35538181818181,-0.006959673474680675,0.006959673474680675,5
RandomForest,Akwa Ibom,2020,Mean_Solar_Radiation_MJ_m2_day,16.229454545454548,0.027723263016213293,0.027723263016213293,5
RandomForest,Akwa Ibom,2020,Rainfall_Anomaly_Z_2000_2019,0.2445586676880186,0.0007614685528709422,0.0007614685528709422,5
RandomForest,Akwa Ibom,2021,Seasonal_Rainfall_mm,2363.69,0.007015165401153599,0.007015165401153599,5
RandomForest,Akwa Ibom,2021,Seasonal_GDD_C,4522.715,-0.37177446063864295,0.37177446063864295,5
RandomForest,Akwa Ibom,2021,Max_CDD_days,10.0,-0.004330991722792608,0.004330991722792608,5
RandomForest,Akwa Ibom,2021,Mean_Tmax_C,29.026000000000003,-0.055199239823967156,0.055199239823967156,5
RandomForest,Akwa Ibom,2021,Mean_Tmin_C,23.86647272727273,0.008665517587422598,0.008665517587422598,5
RandomForest,Akwa Ibom,2021,Mean_RH_pct,88.68883636363637,-0.009072498086867655,0.009072498086867655,5
RandomForest,Akwa Ibom,2021,Mean_Solar_Radiation_MJ_m2_day,15.99338181818182,0.013921165238626467,0.013921165238626467,5
RandomForest,Akwa Ibom,2021,Rainfall_Anomaly_Z_2000_2019,-0.915962992805849,-0.007793272433045943,0.007793272433045943,5
RandomForest,Akwa Ibom,2022,Seasonal_Rainfall_mm,3267.34,0.0021145161249460885,0.0021145161249460885,5
RandomForest,Akwa Ibom,2022,Seasonal_GDD_C,4497.98,-0.3546770786789473,0.3546770786789473,5
RandomForest,Akwa Ibom,2022,Max_CDD_days,9.0,-0.001829992406457996,0.001829992406457996,5
RandomForest,Akwa Ibom,2022,Mean_Tmax_C,28.999054545454545,-0.12706517974699988,0.12706517974699988,5
RandomForest,Akwa Ibom,2022,Mean_Tmin_C,23.71352727272727,0.0007903955398585456,0.0007903955398585456,5
RandomForest,Akwa Ibom,2022,Mean_RH_pct,88.49356363636363,-0.011367346259430578,0.011367346259430578,5
RandomForest,Akwa Ibom,2022,Mean_Solar_Radiation_MJ_m2_day,15.806545454545452,0.004205775188950324,0.004205775188950324,5
RandomForest,Akwa Ibom,2022,Rainfall_Anomaly_Z_2000_2019,0.8626794971540964,0.00506960654177853,0.00506960654177853,5
RandomForest,Akwa Ibom,2023,Seasonal_Rainfall_mm,2374.96,0.004216036101701938,0.004216036101701938,5
RandomForest,Akwa Ibom,2023,Seasonal_GDD_C,4585.145,-0.3842701811300629,0.3842701811300629,5
RandomForest,Akwa Ibom,2023,Max_CDD_days,3.0,0.008902622049483984,0.008902622049483984,5
RandomForest,Akwa Ibom,2023,Mean_Tmax_C,29.10352727272727,-0.04977089642121569,0.04977089642121569,5
RandomForest,Akwa Ibom,2023,Mean_Tmin_C,24.242981818181818,0.0019318542145243007,0.0019318542145243007,5
RandomForest,Akwa Ibom,2023,Mean_RH_pct,89.3528,-0.005380892771379569,0.005380892771379569,5
RandomForest,Akwa Ibom,2023,Mean_Solar_Radiation_MJ_m2_day,15.72330909090909,0.011358900584197754,0.011358900584197754,5
RandomForest,Akwa Ibom,2023,Rainfall_Anomaly_Z_2000_2019,-0.8937803990340917,-0.005454365001172114,0.005454365001172114,5
RandomForest,Akwa Ibom,2024,Seasonal_Rainfall_mm,1869.09,-0.008467594049547169,0.008467594049547169,5
RandomForest,Akwa Ibom,2024,Seasonal_GDD_C,4694.005000000001,-0.3514063715832981,0.3514063715832981,5
RandomForest,Akwa Ibom,2024,Max_CDD_days,18.0,0.006463009472433911,0.006463009472433911,5
RandomForest,Akwa Ibom,2024,Mean_Tmax_C,29.75338181818182,0.05095053771718257,0.05095053771718257,5
RandomForest,Akwa Ibom,2024,Mean_Tmin_C,24.384836363636364,-0.013026254292481422,0.013026254292481422,5
RandomForest,Akwa Ibom,2024,Mean_RH_pct,87.72872727272728,-0.009095776387111601,0.009095776387111601,5
RandomForest,Akwa Ibom,2024,Mean_Solar_Radiation_MJ_m2_day,15.994727272727271,0.02566406688927916,0.02566406688927916,5
RandomForest,Akwa Ibom,2024,Rainfall_Anomaly_Z_2000_2019,-1.8894777114847496,-0.06783579520013241,0.06783579520013241,5
RandomForest,Borno,2020,Seasonal_Rainfall_mm,529.66,-0.05549401516654878,0.05549401516654878,5
RandomForest,Borno,2020,Seasonal_GDD_C,3579.05,0.2325628021706873,0.2325628021706873,5
RandomForest,Borno,2020,Max_CDD_days,17.0,0.008453891074700513,0.008453891074700513,5
RandomForest,Borno,2020,Mean_Tmax_C,34.959184782608695,0.04353746353434758,0.04353746353434758,5
RandomForest,Borno,2020,Mean_Tmin_C,23.94353260869565,0.0001520368108859383,0.0001520368108859383,5
RandomForest,Borno,2020,Mean_RH_pct,60.00913043478261,0.011765411759540875,0.011765411759540875,5
RandomForest,Borno,2020,Mean_Solar_Radiation_MJ_m2_day,20.229565217391304,-0.17844776521250902,0.17844776521250902,5
RandomForest,Borno,2020,Rainfall_Anomaly_Z_2000_2019,0.0001414517490819,-0.0002551254484044416,0.0002551254484044416,5
RandomForest,Borno,2021,Seasonal_Rainfall_mm,444.0,-0.051315448244936834,0.051315448244936834,5
RandomForest,Borno,2021,Seasonal_GDD_C,3616.16,0.268311468759988,0.268311468759988,5
RandomForest,Borno,2021,Max_CDD_days,18.0,0.006026297761145512,0.006026297761145512,5
RandomForest,Borno,2021,Mean_Tmax_C,35.38483695652174,0.0404620772519598,0.0404620772519598,5
RandomForest,Borno,2021,Mean_Tmin_C,23.92125,-0.010067048951099103,0.010067048951099103,5
RandomForest,Borno,2021,Mean_RH_pct,58.33581521739131,0.014360266902910656,0.014360266902910656,5
RandomForest,Borno,2021,Mean_Solar_Radiation_MJ_m2_day,20.57766304347826,-0.1334385823062284,0.1334385823062284,5
RandomForest,Borno,2021,Rainfall_Anomaly_Z_2000_2019,-0.6730117052741862,-0.015587147816356398,0.015587147816356398,5
RandomForest,Borno,2022,Seasonal_Rainfall_mm,474.13,-0.05553351024178473,0.05553351024178473,5
RandomForest,Borno,2022,Seasonal_GDD_C,3559.015,0.22351121969777557,0.22351121969777557,5
RandomForest,Borno,2022,Max_CDD_days,34.0,-0.009279561094148056,0.009279561094148056,5
RandomForest,Borno,2022,Mean_Tmax_C,34.8529347826087,0.046232858128017716,0.046232858128017716,5
RandomForest,Borno,2022,Mean_Tmin_C,23.832010869565217,0.018984641168620975,0.018984641168620975,5
RandomForest,Borno,2022,Mean_RH_pct,60.34652173913042,0.01089489781592616,0.01089489781592616,5
RandomForest,Borno,2022,Mean_Solar_Radiation_MJ_m2_day,19.990163043478265,-0.16877437097788345,0.16877437097788345,5
RandomForest,Borno,2022,Rainfall_Anomaly_Z_2000_2019,-0.4362371941708582,-0.0067871158144653014,0.0067871158144653014,5
RandomForest,Borno,2023,Seasonal_Rainfall_mm,340.79,-0.03921163334930396,0.03921163334930396,5
RandomForest,Borno,2023,Seasonal_GDD_C,3939.35,0.42735028162780164,0.42735028162780164,5
RandomForest,Borno,2023,Max_CDD_days,25.0,-0.007139657482568138,0.007139657482568138,5
RandomForest,Borno,2023,Mean_Tmax_C,37.37739130434783,0.046468227209139096,0.046468227209139096,5
RandomForest,Borno,2023,Mean_Tmin_C,25.44163043478261,0.019617571132351113,0.019617571132351113,5
RandomForest,Borno,2023,Mean_RH_pct,50.64021739130435,0.020054530100176222,0.020054530100176222,5
RandomForest,Borno,2023,Mean_Solar_Radiation_MJ_m2_day,20.01744565217391,-0.1841292268755055,0.1841292268755055,5
RandomForest,Borno,2023,Rainfall_Anomaly_Z_2000_2019,-1.4840803176530275,0.004496323222322945,0.004496323222322945,5
RandomForest,Borno,2024,Seasonal_Rainfall_mm,583.16,-0.03210394679350065,0.03210394679350065,5
RandomForest,Borno,2024,Seasonal_GDD_C,3727.105,0.3910768023587569,0.3910768023587569,5
RandomForest,Borno,2024,Max_CDD_days,29.0,0.010535400374909448,0.010535400374909448,5
RandomForest,Borno,2024,Mean_Tmax_C,35.42760869565217,0.052947634977840795,0.052947634977840795,5
RandomForest,Borno,2024,Mean_Tmin_C,25.08440217391305,0.016725022616426513,0.016725022616426513,5
RandomForest,Borno,2024,Mean_RH_pct,58.93391304347826,0.020051574053128057,0.020051574053128057,5
RandomForest,Borno,2024,Mean_Solar_Radiation_MJ_m2_day,19.25429347826087,0.019887753238415993,0.019887753238415993,5
RandomForest,Borno,2024,Rainfall_Anomaly_Z_2000_2019,0.4205674837447025,-0.01145706117229822,0.01145706117229822,5
RandomForest,Ekiti,2020,Seasonal_Rainfall_mm,1674.83,0.009819482178358003,0.009819482178358003,5
RandomForest,Ekiti,2020,Seasonal_GDD_C,4131.280000000001,0.3436075208823627,0.3436075208823627,5
RandomForest,Ekiti,2020,Max_CDD_days,14.0,-0.008558994367085147,0.008558994367085147,5
RandomForest,Ekiti,2020,Mean_Tmax_C,28.408036363636363,-0.0028545835380850413,0.0028545835380850413,5
RandomForest,Ekiti,2020,Mean_Tmin_C,21.63763636363636,-0.008712505105674326,0.008712505105674326,5
RandomForest,Ekiti,2020,Mean_RH_pct,87.87240000000001,-0.03429712340407304,0.03429712340407304,5
RandomForest,Ekiti,2020,Mean_Solar_Radiation_MJ_m2_day,16.94941818181818,0.09903376948681791,0.09903376948681791,5
RandomForest,Ekiti,2020,Rainfall_Anomaly_Z_2000_2019,0.6307491994593836,-0.012367333624387841,0.012367333624387841,5
RandomForest,Ekiti,2021,Seasonal_Rainfall_mm,2454.52,-0.007953439368260264,0.007953439368260264,5
RandomForest,Ekiti,2021,Seasonal_GDD_C,4160.120000000001,0.3236413877172186,0.3236413877172186,5
RandomForest,Ekiti,2021,Max_CDD_days,10.0,-0.011822786048053834,0.011822786048053834,5
RandomForest,Ekiti,2021,Mean_Tmax_C,28.32523636363636,-0.003823095297821219,0.003823095297821219,5
RandomForest,Ekiti,2021,Mean_Tmin_C,21.93018181818182,-0.013792355294573285,0.013792355294573285,5
RandomForest,Ekiti,2021,Mean_RH_pct,88.6116,-0.03813899561200641,0.03813899561200641,5
RandomForest,Ekiti,2021,Mean_Solar_Radiation_MJ_m2_day,16.92436363636364,0.08537427786931855,0.08537427786931855,5
RandomForest,Ekiti,2021,Rainfall_Anomaly_Z_2000_2019,3.3454149276912624,-0.009404519939847138,0.009404519939847138,5
RandomForest,Ekiti,2022,Seasonal_Rainfall_mm,1935.77,0.0036752010501354777,0.0036752010501354777,5
RandomForest,Ekiti,2022,Seasonal_GDD_C,4042.9,0.3378903590072226,0.3378903590072226,5
RandomForest,Ekiti,2022,Max_CDD_days,15.0,0.010395242869428514,0.010395242869428514,5
RandomForest,Ekiti,2022,Mean_Tmax_C,27.862654545454543,-0.0008209537996730249,0.0008209537996730249,5
RandomForest,Ekiti,2022,Mean_Tmin_C,21.540254545454548,-0.0047825670100383475,0.0047825670100383475,5
RandomForest,Ekiti,2022,Mean_RH_pct,89.01807272727274,-0.03578920203702409,0.03578920203702409,5
RandomForest,Ekiti,2022,Mean_Solar_Radiation_MJ_m2_day,16.410981818181817,0.07049314493400409,0.07049314493400409,5
RandomForest,Ekiti,2022,Rainfall_Anomaly_Z_2000_2019,1.539270374701886,-0.0055157459930763285,0.0055157459930763285,5
RandomForest,Ekiti,2023,Seasonal_Rainfall_mm,1991.3,0.002737893099139707,0.002737893099139707,5
RandomForest,Ekiti,2023,Seasonal_GDD_C,4201.675,0.3353664692946261,0.3353664692946261,5
RandomForest,Ekiti,2023,Max_CDD_days,6.0,-0.006987887814611397,0.006987887814611397,5
RandomForest,Ekiti,2023,Mean_Tmax_C,28.312,0.00042808435336558095,0.00042808435336558095,5
RandomForest,Ekiti,2023,Mean_Tmin_C,22.24563636363636,-0.012834923856849218,0.012834923856849218,5
RandomForest,Ekiti,2023,Mean_RH_pct,89.70890909090907,-0.036047535901432115,0.036047535901432115,5
RandomForest,Ekiti,2023,Mean_Solar_Radiation_MJ_m2_day,16.682509090909093,0.08037137492314451,0.08037137492314451,5
RandomForest,Ekiti,2023,Rainfall_Anomaly_Z_2000_2019,1.732610532827188,-0.004089199982607837,0.004089199982607837,5
RandomForest,Ekiti,2024,Seasonal_Rainfall_mm,1356.8000000000002,0.004569563815416598,0.004569563815416598,5
RandomForest,Ekiti,2024,Seasonal_GDD_C,4302.264999999999,0.2954153068058418,0.2954153068058418,5
RandomForest,Ekiti,2024,Max_CDD_days,20.0,0.060836219540381674,0.060836219540381674,5
RandomForest,Ekiti,2024,Mean_Tmax_C,29.06705454545454,-0.017707812516150816,0.017707812516150816,5
RandomForest,Ekiti,2024,Mean_Tmin_C,22.22214545454545,-0.008061993192418657,0.008061993192418657,5
RandomForest,Ekiti,2024,Mean_RH_pct,86.85934545454545,-0.03616276655996089,0.03616276655996089,5
RandomForest,Ekiti,2024,Mean_Solar_Radiation_MJ_m2_day,16.821854545454546,0.10371976947353911,0.10371976947353911,5
RandomForest,Ekiti,2024,Rainfall_Anomaly_Z_2000_2019,-0.4765436240340352,0.030833483140621523,0.030833483140621523,5
RandomForest,Jigawa,2020,Seasonal_Rainfall_mm,851.5999999999999,-0.0036296924812848587,0.0036296924812848587,5
RandomForest,Jigawa,2020,Seasonal_GDD_C,3321.045,0.071785115375196,0.071785115375196,5
RandomForest,Jigawa,2020,Max_CDD_days,16.0,0.02263864373305671,0.02263864373305671,5
RandomForest,Jigawa,2020,Mean_Tmax_C,33.74978260869566,0.09503084408754714,0.09503084408754714,5
RandomForest,Jigawa,2020,Mean_Tmin_C,22.348532608695653,0.002806335560232136,0.002806335560232136,5
RandomForest,Jigawa,2020,Mean_RH_pct,68.13733695652174,0.013373995633454863,0.013373995633454863,5
RandomForest,Jigawa,2020,Mean_Solar_Radiation_MJ_m2_day,20.467554347826084,-0.06088688777992121,0.06088688777992121,5
RandomForest,Jigawa,2020,Rainfall_Anomaly_Z_2000_2019,1.679476415294946,-0.013449609299035721,0.013449609299035721,5
RandomForest,Jigawa,2021,Seasonal_Rainfall_mm,1693.5699999999997,0.02119461348234407,0.02119461348234407,5
RandomForest,Jigawa,2021,Seasonal_GDD_C,3304.925,0.11467328967595658,0.11467328967595658,5
RandomForest,Jigawa,2021,Max_CDD_days,32.0,-0.013597347721674037,0.013597347721674037,5
RandomForest,Jigawa,2021,Mean_Tmax_C,33.43597826086957,0.08639872342011558,0.08639872342011558,5
RandomForest,Jigawa,2021,Mean_Tmin_C,22.48711956521739,-0.002593362345891557,0.002593362345891557,5
RandomForest,Jigawa,2021,Mean_RH_pct,68.0983695652174,0.013619542792665243,0.013619542792665243,5
RandomForest,Jigawa,2021,Mean_Solar_Radiation_MJ_m2_day,21.41565217391304,0.01381069885135338,0.01381069885135338,5
RandomForest,Jigawa,2021,Rainfall_Anomaly_Z_2000_2019,6.489921299890317,0.03090991351420277,0.03090991351420277,5
RandomForest,Jigawa,2022,Seasonal_Rainfall_mm,718.69,-0.02878837725528053,0.02878837725528053,5
RandomForest,Jigawa,2022,Seasonal_GDD_C,3310.585,0.03706584103295514,0.03706584103295514,5
RandomForest,Jigawa,2022,Max_CDD_days,16.0,0.017429030950185758,0.017429030950185758,5
RandomForest,Jigawa,2022,Mean_Tmax_C,33.77864130434782,0.08749134164564419,0.08749134164564419,5
RandomForest,Jigawa,2022,Mean_Tmin_C,22.205978260869568,-0.001630566842259468,0.001630566842259468,5
RandomForest,Jigawa,2022,Mean_RH_pct,67.55021739130434,0.006349862588429443,0.006349862588429443,5
RandomForest,Jigawa,2022,Mean_Solar_Radiation_MJ_m2_day,20.08516304347826,-0.15782105134962693,0.15782105134962693,5
RandomForest,Jigawa,2022,Rainfall_Anomaly_Z_2000_2019,0.9201189208336584,-0.014134227475194619,0.014134227475194619,5
RandomForest,Jigawa,2023,Seasonal_Rainfall_mm,343.38,-0.03933133668334479,0.03933133668334479,5
RandomForest,Jigawa,2023,Seasonal_GDD_C,3811.69,0.41496313594297873,0.41496313594297873,5
RandomForest,Jigawa,2023,Max_CDD_days,33.0,-0.009150792745479615,0.009150792745479615,5
RandomForest,Jigawa,2023,Mean_Tmax_C,37.27913043478261,0.046634843360137526,0.046634843360137526,5
RandomForest,Jigawa,2023,Mean_Tmin_C,24.152282608695653,0.01473509823889584,0.01473509823889584,5
RandomForest,Jigawa,2023,Mean_RH_pct,52.30978260869565,0.01783522352396249,0.01783522352396249,5
RandomForest,Jigawa,2023,Mean_Solar_Radiation_MJ_m2_day,20.84434782608696,-0.15198595545902194,0.15198595545902194,5
RandomForest,Jigawa,2023,Rainfall_Anomaly_Z_2000_2019,-1.2241475846683063,0.0020274500075354376,0.0020274500075354376,5
RandomForest,Jigawa,2024,Seasonal_Rainfall_mm,1018.26,0.02071159401294606,0.02071159401294606,5
RandomForest,Jigawa,2024,Seasonal_GDD_C,3497.245,0.1837842339645182,0.1837842339645182,5
RandomForest,Jigawa,2024,Max_CDD_days,16.0,0.02844207299733543,0.02844207299733543,5
RandomForest,Jigawa,2024,Mean_Tmax_C,34.34570652173913,0.06534722752243427,0.06534722752243427,5
RandomForest,Jigawa,2024,Mean_Tmin_C,23.66782608695652,0.02995371571783485,0.02995371571783485,5
RandomForest,Jigawa,2024,Mean_RH_pct,65.43054347826087,0.013511348413405492,0.013511348413405492,5
RandomForest,Jigawa,2024,Mean_Solar_Radiation_MJ_m2_day,19.946739130434786,-0.11926080992741771,0.11926080992741771,5
RandomForest,Jigawa,2024,Rainfall_Anomaly_Z_2000_2019,2.6316584935954377,0.020554773383599515,0.020554773383599515,5
RandomForest,Kogi,2020,Seasonal_Rainfall_mm,1339.9899999999998,0.005925641893586411,0.005925641893586411,5
RandomForest,Kogi,2020,Seasonal_GDD_C,3554.88,0.2675880209183647,0.2675880209183647,5
RandomForest,Kogi,2020,Max_CDD_days,8.0,-0.0005604310165541579,0.0005604310165541579,5
RandomForest,Kogi,2020,Mean_Tmax_C,30.27598130841121,0.0016711108015637203,0.0016711108015637203,5
RandomForest,Kogi,2020,Mean_Tmin_C,22.947196261682244,0.02603852040163014,0.02603852040163014,5
RandomForest,Kogi,2020,Mean_RH_pct,82.7826168224299,-0.01230782032342486,0.01230782032342486,5
RandomForest,Kogi,2020,Mean_Solar_Radiation_MJ_m2_day,17.2361214953271,0.07945855320404151,0.07945855320404151,5
RandomForest,Kogi,2020,Rainfall_Anomaly_Z_2000_2019,1.2647628343744417,-0.0015647546648663551,0.0015647546648663551,5
RandomForest,Kogi,2021,Seasonal_Rainfall_mm,1467.4700000000005,0.009614258859974238,0.009614258859974238,5
RandomForest,Kogi,2021,Seasonal_GDD_C,3608.24,0.27164215606607406,0.27164215606607406,5
RandomForest,Kogi,2021,Max_CDD_days,10.0,-0.002548756529070308,0.002548756529070308,5
RandomForest,Kogi,2021,Mean_Tmax_C,30.40850467289719,0.0016613898787933862,0.0016613898787933862,5
RandomForest,Kogi,2021,Mean_Tmin_C,23.31336448598131,0.02939281349315668,0.02939281349315668,5
RandomForest,Kogi,2021,Mean_RH_pct,82.64439252336449,-0.014045831901273117,0.014045831901273117,5
RandomForest,Kogi,2021,Mean_Solar_Radiation_MJ_m2_day,17.35032710280374,0.0918931241022603,0.0918931241022603,5
RandomForest,Kogi,2021,Rainfall_Anomaly_Z_2000_2019,1.8103261593704807,-0.00011496884023001744,0.00011496884023001744,5
RandomForest,Kogi,2022,Seasonal_Rainfall_mm,1208.4899999999998,-0.0023313160502353384,0.0023313160502353384,5
RandomForest,Kogi,2022,Seasonal_GDD_C,3457.01,0.09323532655906747,0.09323532655906747,5
RandomForest,Kogi,2022,Max_CDD_days,9.0,-0.001078707572511192,0.001078707572511192,5
RandomForest,Kogi,2022,Mean_Tmax_C,29.44831775700933,-0.011884717613677355,0.011884717613677355,5
RandomForest,Kogi,2022,Mean_Tmin_C,22.86018691588785,0.020417063769324843,0.020417063769324843,5
RandomForest,Kogi,2022,Mean_RH_pct,85.28700934579439,-0.024442434532798395,0.024442434532798395,5
RandomForest,Kogi,2022,Mean_Solar_Radiation_MJ_m2_day,16.530467289719624,0.04843133400261168,0.04843133400261168,5
RandomForest,Kogi,2022,Rainfall_Anomaly_Z_2000_2019,0.7019955199958812,-0.005187448994682617,0.005187448994682617,5
RandomForest,Kogi,2023,Seasonal_Rainfall_mm,1300.41,0.004072976957680509,0.004072976957680509,5
RandomForest,Kogi,2023,Seasonal_GDD_C,3649.315,0.2898402016702324,0.2898402016702324,5
RandomForest,Kogi,2023,Max_CDD_days,10.0,-0.0069795118964720215,0.0069795118964720215,5
RandomForest,Kogi,2023,Mean_Tmax_C,30.4420093457944,0.0038148947202338874,0.0038148947202338874,5
RandomForest,Kogi,2023,Mean_Tmin_C,23.663738317757005,0.019957182925820965,0.019957182925820965,5
RandomForest,Kogi,2023,Mean_RH_pct,84.13168224299065,-0.04017220923206863,0.04017220923206863,5
RandomForest,Kogi,2023,Mean_Solar_Radiation_MJ_m2_day,16.909579439252333,0.07453859325459922,0.07453859325459922,5
RandomForest,Kogi,2023,Rainfall_Anomaly_Z_2000_2019,1.0953762921455197,-0.0036870486094467683,0.0036870486094467683,5
RandomForest,Kogi,2024,Seasonal_Rainfall_mm,876.2099999999998,0.012022197461865983,0.012022197461865983,5
RandomForest,Kogi,2024,Seasonal_GDD_C,3787.005,0.4566900357073867,0.4566900357073867,5
RandomForest,Kogi,2024,Max_CDD_days,7.0,-0.0022513868566875436,0.0022513868566875436,5
RandomForest,Kogi,2024,Mean_Tmax_C,31.41172897196261,0.03155505898018094,0.03155505898018094,5
RandomForest,Kogi,2024,Mean_Tmin_C,23.98084112149533,0.036281954890168604,0.036281954890168604,5
RandomForest,Kogi,2024,Mean_RH_pct,80.40649532710282,0.019448921433731517,0.019448921433731517,5
RandomForest,Kogi,2024,Mean_Solar_Radiation_MJ_m2_day,16.695794392523368,0.10857223195354158,0.10857223195354158,5
RandomForest,Kogi,2024,Rainfall_Anomaly_Z_2000_2019,-0.7200297516520892,0.019568597300422586,0.019568597300422586,5
RandomForest,Ogun,2020,Seasonal_Rainfall_mm,1593.81,0.012184810965781128,0.012184810965781128,5
RandomForest,Ogun,2020,Seasonal_GDD_C,4423.01,-0.27792576469631775,0.27792576469631775,5
RandomForest,Ogun,2020,Max_CDD_days,10.0,-0.00535065940170498,0.00535065940170498,5
RandomForest,Ogun,2020,Mean_Tmax_C,29.09956363636364,-0.07107041170472243,0.07107041170472243,5
RandomForest,Ogun,2020,Mean_Tmin_C,23.06778181818182,0.008068425702773238,0.008068425702773238,5
RandomForest,Ogun,2020,Mean_RH_pct,89.47327272727271,-0.0050604524164906605,0.0050604524164906605,5
RandomForest,Ogun,2020,Mean_Solar_Radiation_MJ_m2_day,16.371090909090906,0.035809143182672865,0.035809143182672865,5
RandomForest,Ogun,2020,Rainfall_Anomaly_Z_2000_2019,-0.0317985210223154,0.019021426350026852,0.019021426350026852,5
RandomForest,Ogun,2021,Seasonal_Rainfall_mm,2182.23,0.00481517160427223,0.00481517160427223,5
RandomForest,Ogun,2021,Seasonal_GDD_C,4453.28,-0.31941210620681,0.31941210620681,5
RandomForest,Ogun,2021,Max_CDD_days,10.0,-0.003638363334009694,0.003638363334009694,5
RandomForest,Ogun,2021,Mean_Tmax_C,29.06054545454545,-0.09041536840294648,0.09041536840294648,5
RandomForest,Ogun,2021,Mean_Tmin_C,23.326945454545456,0.03571006752693586,0.03571006752693586,5
RandomForest,Ogun,2021,Mean_RH_pct,89.72494545454545,-0.0027607023383121607,0.0027607023383121607,5
RandomForest,Ogun,2021,Mean_Solar_Radiation_MJ_m2_day,16.417818181818184,0.04452644415988518,0.04452644415988518,5
RandomForest,Ogun,2021,Rainfall_Anomaly_Z_2000_2019,1.9244862549671204,0.015169700813828044,0.015169700813828044,5
RandomForest,Ogun,2022,Seasonal_Rainfall_mm,2013.57,-0.010281952089935448,0.010281952089935448,5
RandomForest,Ogun,2022,Seasonal_GDD_C,4383.950000000001,-0.2714641889554852,0.2714641889554852,5
RandomForest,Ogun,2022,Max_CDD_days,14.0,-0.004887751573243751,0.004887751573243751,5
RandomForest,Ogun,2022,Mean_Tmax_C,28.825636363636363,-0.10855039185930596,0.10855039185930596,5
RandomForest,Ogun,2022,Mean_Tmin_C,23.05763636363637,0.002005972687380687,0.002005972687380687,5
RandomForest,Ogun,2022,Mean_RH_pct,89.84065454545454,-0.012610947174801703,0.012610947174801703,5
RandomForest,Ogun,2022,Mean_Solar_Radiation_MJ_m2_day,15.912836363636362,0.0028320583003083964,0.0028320583003083964,5
RandomForest,Ogun,2022,Rainfall_Anomaly_Z_2000_2019,1.363752441843198,0.009776629717512694,0.009776629717512694,5
RandomForest,Ogun,2023,Seasonal_Rainfall_mm,2082.14,-0.009622203602836851,0.009622203602836851,5
RandomForest,Ogun,2023,Seasonal_GDD_C,4518.465,-0.32894048288799144,0.32894048288799144,5
RandomForest,Ogun,2023,Max_CDD_days,6.0,0.007537736664639554,0.007537736664639554,5
RandomForest,Ogun,2023,Mean_Tmax_C,29.185490909090905,-0.08336760293038711,0.08336760293038711,5
RandomForest,Ogun,2023,Mean_Tmin_C,23.67607272727273,0.00540304962721389,0.00540304962721389,5
RandomForest,Ogun,2023,Mean_RH_pct,90.35083636363636,0.004059161280049048,0.004059161280049048,5
RandomForest,Ogun,2023,Mean_Solar_Radiation_MJ_m2_day,16.04407272727273,0.011483227100658843,0.011483227100658843,5
RandomForest,Ogun,2023,Rainfall_Anomaly_Z_2000_2019,1.591723019134241,0.021891642498683306,0.021891642498683306,5
RandomForest,Ogun,2024,Seasonal_Rainfall_mm,1605.6,0.012715232290293733,0.012715232290293733,5
RandomForest,Ogun,2024,Seasonal_GDD_C,4582.57,-0.20666920582826268,0.20666920582826268,5
RandomForest,Ogun,2024,Max_CDD_days,15.0,0.0008963816753433155,0.0008963816753433155,5
RandomForest,Ogun,2024,Mean_Tmax_C,29.627236363636364,0.11104269166515297,0.11104269166515297,5
RandomForest,Ogun,2024,Mean_Tmin_C,23.70054545454545,0.011842985946004074,0.011842985946004074,5
RandomForest,Ogun,2024,Mean_RH_pct,89.01341818181818,0.0019322471999616828,0.0019322471999616828,5
RandomForest,Ogun,2024,Mean_Solar_Radiation_MJ_m2_day,16.325090909090907,0.027655920101031135,0.027655920101031135,5
RandomForest,Ogun,2024,Rainfall_Anomaly_Z_2000_2019,0.0073989867254078,0.04865922856145787,0.04865922856145787,5
RandomForest,Rivers,2020,Seasonal_Rainfall_mm,3287.4,0.005070977443894782,0.005070977443894782,5
RandomForest,Rivers,2020,Seasonal_GDD_C,4517.58,-0.16920322103521948,0.16920322103521948,5
RandomForest,Rivers,2020,Max_CDD_days,11.0,1.8173521666666872e-05,1.8173521666666872e-05,5
RandomForest,Rivers,2020,Mean_Tmax_C,29.52923636363636,0.1333957509030527,0.1333957509030527,5
RandomForest,Rivers,2020,Mean_Tmin_C,23.32589090909091,0.037497840411809064,0.037497840411809064,5
RandomForest,Rivers,2020,Mean_RH_pct,89.43607272727272,0.0014281679765196567,0.0014281679765196567,5
RandomForest,Rivers,2020,Mean_Solar_Radiation_MJ_m2_day,14.410036363636364,0.011592945292121706,0.011592945292121706,5
RandomForest,Rivers,2020,Rainfall_Anomaly_Z_2000_2019,1.8281529185760617,0.05470883607112531,0.05470883607112531,5
RandomForest,Rivers,2021,Seasonal_Rainfall_mm,3063.02,0.005300242582982058,0.005300242582982058,5
RandomForest,Rivers,2021,Seasonal_GDD_C,4516.015,-0.17356364207106192,0.17356364207106192,5
RandomForest,Rivers,2021,Max_CDD_days,10.0,0.0008131053215171123,0.0008131053215171123,5
RandomForest,Rivers,2021,Mean_Tmax_C,29.39876363636364,0.110808132564132,0.110808132564132,5
RandomForest,Rivers,2021,Mean_Tmin_C,23.44498181818182,0.03987873826690758,0.03987873826690758,5
RandomForest,Rivers,2021,Mean_RH_pct,89.97767272727273,0.0013820294247931882,0.0013820294247931882,5
RandomForest,Rivers,2021,Mean_Solar_Radiation_MJ_m2_day,14.595927272727272,0.013012996264051599,0.013012996264051599,5
RandomForest,Rivers,2021,Rainfall_Anomaly_Z_2000_2019,1.4493312784446135,0.051084881866162446,0.051084881866162446,5
RandomForest,Rivers,2022,Seasonal_Rainfall_mm,1997.43,-0.004318986041641423,0.004318986041641423,5
RandomForest,Rivers,2022,Seasonal_GDD_C,4502.4400000000005,-0.18521056782225978,0.18521056782225978,5
RandomForest,Rivers,2022,Max_CDD_days,8.0,0.0011538175282836054,0.0011538175282836054,5
RandomForest,Rivers,2022,Mean_Tmax_C,29.471454545454545,0.12036868904007494,0.12036868904007494,5
RandomForest,Rivers,2022,Mean_Tmin_C,23.27356363636364,0.03749689599516493,0.03749689599516493,5
RandomForest,Rivers,2022,Mean_RH_pct,89.33643636363635,0.0010268282721867079,0.0010268282721867079,5
RandomForest,Rivers,2022,Mean_Solar_Radiation_MJ_m2_day,14.381963636363636,0.013171337403930774,0.013171337403930774,5
RandomForest,Rivers,2022,Rainfall_Anomaly_Z_2000_2019,-0.3497085268306796,0.04825594274121783,0.04825594274121783,5
RandomForest,Rivers,2023,Seasonal_Rainfall_mm,1832.46,-0.004764556150456777,0.004764556150456777,5
RandomForest,Rivers,2023,Seasonal_GDD_C,4580.485000000001,-0.21629061431691868,0.21629061431691868,5
RandomForest,Rivers,2023,Max_CDD_days,5.0,0.006969725961248303,0.006969725961248303,5
RandomForest,Rivers,2023,Mean_Tmax_C,29.51603636363636,0.10715381252634068,0.10715381252634068,5
RandomForest,Rivers,2023,Mean_Tmin_C,23.796581818181817,-0.003986406642650385,0.003986406642650385,5
RandomForest,Rivers,2023,Mean_RH_pct,90.1933090909091,-0.0005412033828519704,0.0005412033828519704,5
RandomForest,Rivers,2023,Mean_Solar_Radiation_MJ_m2_day,13.952,0.011838081874966756,0.011838081874966756,5
RandomForest,Rivers,2023,Rainfall_Anomaly_Z_2000_2019,-0.6282280293375206,0.021267488024650442,0.021267488024650442,5
RandomForest,Rivers,2024,Seasonal_Rainfall_mm,1770.85,-0.00023493772055219853,0.00023493772055219853,5
RandomForest,Rivers,2024,Seasonal_GDD_C,4714.629999999999,-0.33335724686668033,0.33335724686668033,5
RandomForest,Rivers,2024,Max_CDD_days,21.0,0.01230238559433237,0.01230238559433237,5
RandomForest,Rivers,2024,Mean_Tmax_C,30.30472727272727,0.06612463707004917,0.06612463707004917,5
RandomForest,Rivers,2024,Mean_Tmin_C,23.983490909090907,-0.010920200991297665,0.010920200991297665,5
RandomForest,Rivers,2024,Mean_RH_pct,88.48505454545455,-0.006761690539485208,0.006761690539485208,5
RandomForest,Rivers,2024,Mean_Solar_Radiation_MJ_m2_day,14.248981818181818,0.011666820623653906,0.011666820623653906,5
RandomForest,Rivers,2024,Rainfall_Anomaly_Z_2000_2019,-0.7322444356504656,-0.059003916761168874,0.059003916761168874,5
LightGBM,Akwa Ibom,2020,Seasonal_Rainfall_mm,2953.3,0.012297090235014052,0.012297090235014052,5
LightGBM,Akwa Ibom,2020,Seasonal_GDD_C,4527.895,-0.23390109796811573,0.23390109796811573,5
LightGBM,Akwa Ibom,2020,Max_CDD_days,6.0,0.07198364829461573,0.07198364829461573,5
LightGBM,Akwa Ibom,2020,Mean_Tmax_C,29.11032727272727,-0.0785458837036856,0.0785458837036856,5
LightGBM,Akwa Ibom,2020,Mean_Tmin_C,23.81981818181818,-0.04594635836980801,0.04594635836980801,5
LightGBM,Akwa Ibom,2020,Mean_RH_pct,88.35538181818181,-0.0181576556456971,0.0181576556456971,5
LightGBM,Akwa Ibom,2020,Mean_Solar_Radiation_MJ_m2_day,16.229454545454548,0.012614213328077661,0.012614213328077661,5
LightGBM,Akwa Ibom,2020,Rainfall_Anomaly_Z_2000_2019,0.2445586676880186,-0.02182330039601521,0.02182330039601521,5
LightGBM,Akwa Ibom,2021,Seasonal_Rainfall_mm,2363.69,-0.003601024337041308,0.003601024337041308,5
LightGBM,Akwa Ibom,2021,Seasonal_GDD_C,4522.715,-0.23869547231146,0.23869547231146,5
LightGBM,Akwa Ibom,2021,Max_CDD_days,10.0,-0.003989620317614854,0.003989620317614854,5
LightGBM,Akwa Ibom,2021,Mean_Tmax_C,29.026000000000003,-0.04912130616353361,0.04912130616353361,5
LightGBM,Akwa Ibom,2021,Mean_Tmin_C,23.86647272727273,-0.031535379626238334,0.031535379626238334,5
LightGBM,Akwa Ibom,2021,Mean_RH_pct,88.68883636363637,-0.015602645216878153,0.015602645216878153,5
LightGBM,Akwa Ibom,2021,Mean_Solar_Radiation_MJ_m2_day,15.99338181818182,-0.08591230233591837,0.08591230233591837,5
LightGBM,Akwa Ibom,2021,Rainfall_Anomaly_Z_2000_2019,-0.915962992805849,-0.007475061662343678,0.007475061662343678,5
LightGBM,Akwa Ibom,2022,Seasonal_Rainfall_mm,3267.34,-0.026109539109997682,0.026109539109997682,5
LightGBM,Akwa Ibom,2022,Seasonal_GDD_C,4497.98,-0.26154131414630655,0.26154131414630655,5
LightGBM,Akwa Ibom,2022,Max_CDD_days,9.0,0.027261251665555278,0.027261251665555278,5
LightGBM,Akwa Ibom,2022,Mean_Tmax_C,28.999054545454545,-0.10265801738149466,0.10265801738149466,5
LightGBM,Akwa Ibom,2022,Mean_Tmin_C,23.71352727272727,-0.043224228463232116,0.043224228463232116,5
LightGBM,Akwa Ibom,2022,Mean_RH_pct,88.49356363636363,-0.016226517413257483,0.016226517413257483,5
LightGBM,Akwa Ibom,2022,Mean_Solar_Radiation_MJ_m2_day,15.806545454545452,-0.09955758240967838,0.09955758240967838,5
LightGBM,Akwa Ibom,2022,Rainfall_Anomaly_Z_2000_2019,0.8626794971540964,-0.005971552207157828,0.005971552207157828,5
LightGBM,Akwa Ibom,2023,Seasonal_Rainfall_mm,2374.96,-0.0034122058957045407,0.0034122058957045407,5
LightGBM,Akwa Ibom,2023,Seasonal_GDD_C,4585.145,-0.2524265505889424,0.2524265505889424,5
LightGBM,Akwa Ibom,2023,Max_CDD_days,3.0,0.040585012139875205,0.040585012139875205,5
LightGBM,Akwa Ibom,2023,Mean_Tmax_C,29.10352727272727,-0.04529010273557462,0.04529010273557462,5
LightGBM,Akwa Ibom,2023,Mean_Tmin_C,24.242981818181818,-0.06466764426076638,0.06466764426076638,5
LightGBM,Akwa Ibom,2023,Mean_RH_pct,89.3528,0.003964226016718785,0.003964226016718785,5
LightGBM,Akwa Ibom,2023,Mean_Solar_Radiation_MJ_m2_day,15.72330909090909,-0.1044016124809182,0.1044016124809182,5
LightGBM,Akwa Ibom,2023,Rainfall_Anomaly_Z_2000_2019,-0.8937803990340917,-0.015629757375876553,0.015629757375876553,5
LightGBM,Akwa Ibom,2024,Seasonal_Rainfall_mm,1869.09,-0.05129679128394068,0.05129679128394068,5
LightGBM,Akwa Ibom,2024,Seasonal_GDD_C,4694.005000000001,-0.22832472097343795,0.22832472097343795,5
LightGBM,Akwa Ibom,2024,Max_CDD_days,18.0,-0.0025563013263527647,0.0025563013263527647,5
LightGBM,Akwa Ibom,2024,Mean_Tmax_C,29.75338181818182,0.05288700367199002,0.05288700367199002,5
LightGBM,Akwa Ibom,2024,Mean_Tmin_C,24.384836363636364,-0.07282327595117435,0.07282327595117435,5
LightGBM,Akwa Ibom,2024,Mean_RH_pct,87.72872727272728,-0.016313178904511134,0.016313178904511134,5
LightGBM,Akwa Ibom,2024,Mean_Solar_Radiation_MJ_m2_day,15.994727272727271,-0.07136170108703774,0.07136170108703774,5
LightGBM,Akwa Ibom,2024,Rainfall_Anomaly_Z_2000_2019,-1.8894777114847496,-0.08987124780171905,0.08987124780171905,5
LightGBM,Borno,2020,Seasonal_Rainfall_mm,529.66,-0.005604373798188038,0.005604373798188038,5
LightGBM,Borno,2020,Seasonal_GDD_C,3579.05,0.17481606842611438,0.17481606842611438,5
LightGBM,Borno,2020,Max_CDD_days,17.0,-0.03763047002306285,0.03763047002306285,5
LightGBM,Borno,2020,Mean_Tmax_C,34.959184782608695,0.09551316178220172,0.09551316178220172,5
LightGBM,Borno,2020,Mean_Tmin_C,23.94353260869565,-0.09194492434970407,0.09194492434970407,5
LightGBM,Borno,2020,Mean_RH_pct,60.00913043478261,-0.01947946376737109,0.01947946376737109,5
LightGBM,Borno,2020,Mean_Solar_Radiation_MJ_m2_day,20.229565217391304,-0.20505167352914433,0.20505167352914433,5
LightGBM,Borno,2020,Rainfall_Anomaly_Z_2000_2019,0.0001414517490819,0.0042295959733423625,0.0042295959733423625,5
LightGBM,Borno,2021,Seasonal_Rainfall_mm,444.0,-0.010774495817447962,0.010774495817447962,5
LightGBM,Borno,2021,Seasonal_GDD_C,3616.16,0.2692439739090233,0.2692439739090233,5
LightGBM,Borno,2021,Max_CDD_days,18.0,-0.04041962702376333,0.04041962702376333,5
LightGBM,Borno,2021,Mean_Tmax_C,35.38483695652174,0.11231870720413861,0.11231870720413861,5
LightGBM,Borno,2021,Mean_Tmin_C,23.92125,-0.10331756561201684,0.10331756561201684,5
LightGBM,Borno,2021,Mean_RH_pct,58.33581521739131,0.004642442522687776,0.004642442522687776,5
LightGBM,Borno,2021,Mean_Solar_Radiation_MJ_m2_day,20.57766304347826,-0.04384152084353496,0.04384152084353496,5
LightGBM,Borno,2021,Rainfall_Anomaly_Z_2000_2019,-0.6730117052741862,-0.07556842924335706,0.07556842924335706,5
LightGBM,Borno,2022,Seasonal_Rainfall_mm,474.13,-0.005054734582462466,0.005054734582462466,5
LightGBM,Borno,2022,Seasonal_GDD_C,3559.015,0.16965862478998142,0.16965862478998142,5
LightGBM,Borno,2022,Max_CDD_days,34.0,-0.12008320498062139,0.12008320498062139,5
LightGBM,Borno,2022,Mean_Tmax_C,34.8529347826087,0.05232923430409442,0.05232923430409442,5
LightGBM,Borno,2022,Mean_Tmin_C,23.832010869565217,-0.06591201706235009,0.06591201706235009,5
LightGBM,Borno,2022,Mean_RH_pct,60.34652173913042,-0.016672876549821077,0.016672876549821077,5
LightGBM,Borno,2022,Mean_Solar_Radiation_MJ_m2_day,19.990163043478265,-0.19724363850955257,0.19724363850955257,5
LightGBM,Borno,2022,Rainfall_Anomaly_Z_2000_2019,-0.4362371941708582,-0.01942020784809119,0.01942020784809119,5
LightGBM,Borno,2023,Seasonal_Rainfall_mm,340.79,-0.0016823123904972875,0.0016823123904972875,5
LightGBM,Borno,2023,Seasonal_GDD_C,3939.35,0.40615659739095483,0.40615659739095483,5
LightGBM,Borno,2023,Max_CDD_days,25.0,-0.1365834569506474,0.1365834569506474,5
LightGBM,Borno,2023,Mean_Tmax_C,37.37739130434783,0.04452118368623354,0.04452118368623354,5
LightGBM,Borno,2023,Mean_Tmin_C,25.44163043478261,-0.03988520737063867,0.03988520737063867,5
LightGBM,Borno,2023,Mean_RH_pct,50.64021739130435,-0.001437191792010388,0.001437191792010388,5
LightGBM,Borno,2023,Mean_Solar_Radiation_MJ_m2_day,20.01744565217391,-0.18383986819950726,0.18383986819950726,5
LightGBM,Borno,2023,Rainfall_Anomaly_Z_2000_2019,-1.4840803176530275,-0.02210776491046498,0.02210776491046498,5
LightGBM,Borno,2024,Seasonal_Rainfall_mm,583.16,0.020369494505619132,0.020369494505619132,5
LightGBM,Borno,2024,Seasonal_GDD_C,3727.105,0.3961762239622433,0.3961762239622433,5
LightGBM,Borno,2024,Max_CDD_days,29.0,-0.10696606907610634,0.10696606907610634,5
LightGBM,Borno,2024,Mean_Tmax_C,35.42760869565217,0.0640762026875277,0.0640762026875277,5
LightGBM,Borno,2024,Mean_Tmin_C,25.08440217391305,-0.10263037801584114,0.10263037801584114,5
LightGBM,Borno,2024,Mean_RH_pct,58.93391304347826,0.01114299195211075,0.01114299195211075,5
LightGBM,Borno,2024,Mean_Solar_Radiation_MJ_m2_day,19.25429347826087,0.0700068894252649,0.0700068894252649,5
LightGBM,Borno,2024,Rainfall_Anomaly_Z_2000_2019,0.4205674837447025,-0.0018815448433027813,0.0018815448433027813,5
LightGBM,Ekiti,2020,Seasonal_Rainfall_mm,1674.83,-0.01917640638091703,0.01917640638091703,5
LightGBM,Ekiti,2020,Seasonal_GDD_C,4131.280000000001,0.2918112027839222,0.2918112027839222,5
LightGBM,Ekiti,2020,Max_CDD_days,14.0,-0.023898291315392707,0.023898291315392707,5
LightGBM,Ekiti,2020,Mean_Tmax_C,28.408036363636363,0.011714541510186766,0.011714541510186766,5
LightGBM,Ekiti,2020,Mean_Tmin_C,21.63763636363636,0.0668306693485154,0.0668306693485154,5
LightGBM,Ekiti,2020,Mean_RH_pct,87.87240000000001,-0.04010890488273112,0.04010890488273112,5
LightGBM,Ekiti,2020,Mean_Solar_Radiation_MJ_m2_day,16.94941818181818,0.056978689393336966,0.056978689393336966,5
LightGBM,Ekiti,2020,Rainfall_Anomaly_Z_2000_2019,0.6307491994593836,-0.0051400768242623514,0.0051400768242623514,5
LightGBM,Ekiti,2021,Seasonal_Rainfall_mm,2454.52,-0.016876291844787856,0.016876291844787856,5
LightGBM,Ekiti,2021,Seasonal_GDD_C,4160.120000000001,0.2803613876079774,0.2803613876079774,5
LightGBM,Ekiti,2021,Max_CDD_days,10.0,-0.039645651416038666,0.039645651416038666,5
LightGBM,Ekiti,2021,Mean_Tmax_C,28.32523636363636,-0.004509177732779875,0.004509177732779875,5
LightGBM,Ekiti,2021,Mean_Tmin_C,21.93018181818182,0.012094813855042033,0.012094813855042033,5
LightGBM,Ekiti,2021,Mean_RH_pct,88.6116,-0.020210025477342606,0.020210025477342606,5
LightGBM,Ekiti,2021,Mean_Solar_Radiation_MJ_m2_day,16.92436363636364,0.07619888081498717,0.07619888081498717,5
LightGBM,Ekiti,2021,Rainfall_Anomaly_Z_2000_2019,3.3454149276912624,0.01230108716112459,0.01230108716112459,5
LightGBM,Ekiti,2022,Seasonal_Rainfall_mm,1935.77,-0.051208326528624414,0.051208326528624414,5
LightGBM,Ekiti,2022,Seasonal_GDD_C,4042.9,0.3098197289212534,0.3098197289212534,5
LightGBM,Ekiti,2022,Max_CDD_days,15.0,0.0481948929428491,0.0481948929428491,5
LightGBM,Ekiti,2022,Mean_Tmax_C,27.862654545454543,0.0034038699333975722,0.0034038699333975722,5
LightGBM,Ekiti,2022,Mean_Tmin_C,21.540254545454548,0.08375433449271305,0.08375433449271305,5
LightGBM,Ekiti,2022,Mean_RH_pct,89.01807272727274,0.000475370351897299,0.000475370351897299,5
LightGBM,Ekiti,2022,Mean_Solar_Radiation_MJ_m2_day,16.410981818181817,0.059916992899924894,0.059916992899924894,5
LightGBM,Ekiti,2022,Rainfall_Anomaly_Z_2000_2019,1.539270374701886,0.010895382936120697,0.010895382936120697,5
LightGBM,Ekiti,2023,Seasonal_Rainfall_mm,1991.3,-0.04377547539814106,0.04377547539814106,5
LightGBM,Ekiti,2023,Seasonal_GDD_C,4201.675,0.28936469694673866,0.28936469694673866,5
LightGBM,Ekiti,2023,Max_CDD_days,6.0,0.03308567905673068,0.03308567905673068,5
LightGBM,Ekiti,2023,Mean_Tmax_C,28.312,0.004233587182510913,0.004233587182510913,5
LightGBM,Ekiti,2023,Mean_Tmin_C,22.24563636363636,0.022059213079781235,0.022059213079781235,5
LightGBM,Ekiti,2023,Mean_RH_pct,89.70890909090907,0.002505775737333152,0.002505775737333152,5
LightGBM,Ekiti,2023,Mean_Solar_Radiation_MJ_m2_day,16.682509090909093,0.08905437933283963,0.08905437933283963,5
LightGBM,Ekiti,2023,Rainfall_Anomaly_Z_2000_2019,1.732610532827188,0.004676624246232338,0.004676624246232338,5
LightGBM,Ekiti,2024,Seasonal_Rainfall_mm,1356.8000000000002,0.03476903937193162,0.03476903937193162,5
LightGBM,Ekiti,2024,Seasonal_GDD_C,4302.264999999999,0.22494849277864898,0.22494849277864898,5
LightGBM,Ekiti,2024,Max_CDD_days,20.0,0.09895158888942229,0.09895158888942229,5
LightGBM,Ekiti,2024,Mean_Tmax_C,29.06705454545454,-0.010578340864154887,0.010578340864154887,5
LightGBM,Ekiti,2024,Mean_Tmin_C,22.22214545454545,0.0451206382608172,0.0451206382608172,5
LightGBM,Ekiti,2024,Mean_RH_pct,86.85934545454545,-0.03198584580727251,0.03198584580727251,5
LightGBM,Ekiti,2024,Mean_Solar_Radiation_MJ_m2_day,16.821854545454546,0.0947348750881363,0.0947348750881363,5
LightGBM,Ekiti,2024,Rainfall_Anomaly_Z_2000_2019,-0.4765436240340352,0.0439181844916771,0.0439181844916771,5
LightGBM,Jigawa,2020,Seasonal_Rainfall_mm,851.5999999999999,-0.010557828097748826,0.010557828097748826,5
LightGBM,Jigawa,2020,Seasonal_GDD_C,3321.045,0.026295196270240066,0.026295196270240066,5
LightGBM,Jigawa,2020,Max_CDD_days,16.0,0.0240664547198282,0.0240664547198282,5
LightGBM,Jigawa,2020,Mean_Tmax_C,33.74978260869566,0.12769420462222691,0.12769420462222691,5
LightGBM,Jigawa,2020,Mean_Tmin_C,22.348532608695653,-0.03166107892970545,0.03166107892970545,5
LightGBM,Jigawa,2020,Mean_RH_pct,68.13733695652174,-0.003833152856693977,0.003833152856693977,5
LightGBM,Jigawa,2020,Mean_Solar_Radiation_MJ_m2_day,20.467554347826084,0.028351260110073502,0.028351260110073502,5
LightGBM,Jigawa,2020,Rainfall_Anomaly_Z_2000_2019,1.679476415294946,-0.025153115281519027,0.025153115281519027,5
LightGBM,Jigawa,2021,Seasonal_Rainfall_mm,1693.5699999999997,0.011383573448868525,0.011383573448868525,5
LightGBM,Jigawa,2021,Seasonal_GDD_C,3304.925,0.06775802139433802,0.06775802139433802,5
LightGBM,Jigawa,2021,Max_CDD_days,32.0,-0.03321655512817559,0.03321655512817559,5
LightGBM,Jigawa,2021,Mean_Tmax_C,33.43597826086957,0.09899179384898289,0.09899179384898289,5
LightGBM,Jigawa,2021,Mean_Tmin_C,22.48711956521739,-0.010607697121296753,0.010607697121296753,5
LightGBM,Jigawa,2021,Mean_RH_pct,68.0983695652174,-0.004173288054276068,0.004173288054276068,5
LightGBM,Jigawa,2021,Mean_Solar_Radiation_MJ_m2_day,21.41565217391304,0.01124870885107575,0.01124870885107575,5
LightGBM,Jigawa,2021,Rainfall_Anomaly_Z_2000_2019,6.489921299890317,0.09093272541405699,0.09093272541405699,5
LightGBM,Jigawa,2022,Seasonal_Rainfall_mm,718.69,-0.010118356741043038,0.010118356741043038,5
LightGBM,Jigawa,2022,Seasonal_GDD_C,3310.585,0.0036677710630727113,0.0036677710630727113,5
LightGBM,Jigawa,2022,Max_CDD_days,16.0,0.011972231063982404,0.011972231063982404,5
LightGBM,Jigawa,2022,Mean_Tmax_C,33.77864130434782,0.10165854162351606,0.10165854162351606,5
LightGBM,Jigawa,2022,Mean_Tmin_C,22.205978260869568,0.028709158367576523,0.028709158367576523,5
LightGBM,Jigawa,2022,Mean_RH_pct,67.55021739130434,-0.031202047340152743,0.031202047340152743,5
LightGBM,Jigawa,2022,Mean_Solar_Radiation_MJ_m2_day,20.08516304347826,-0.18076406071238754,0.18076406071238754,5
LightGBM,Jigawa,2022,Rainfall_Anomaly_Z_2000_2019,0.9201189208336584,0.02472348998465736,0.02472348998465736,5
LightGBM,Jigawa,2023,Seasonal_Rainfall_mm,343.38,-0.0016793967338937434,0.0016793967338937434,5
LightGBM,Jigawa,2023,Seasonal_GDD_C,3811.69,0.4257381689752212,0.4257381689752212,5
LightGBM,Jigawa,2023,Max_CDD_days,33.0,-0.1360108243563737,0.1360108243563737,5
LightGBM,Jigawa,2023,Mean_Tmax_C,37.27913043478261,0.06348207883686467,0.06348207883686467,5
LightGBM,Jigawa,2023,Mean_Tmin_C,24.152282608695653,-0.06567736510916844,0.06567736510916844,5
LightGBM,Jigawa,2023,Mean_RH_pct,52.30978260869565,0.008760760600275376,0.008760760600275376,5
LightGBM,Jigawa,2023,Mean_Solar_Radiation_MJ_m2_day,20.84434782608696,-0.04337643340256427,0.04337643340256427,5
LightGBM,Jigawa,2023,Rainfall_Anomaly_Z_2000_2019,-1.2241475846683063,-0.022916478720231972,0.022916478720231972,5
LightGBM,Jigawa,2024,Seasonal_Rainfall_mm,1018.26,0.04484256337920579,0.04484256337920579,5
LightGBM,Jigawa,2024,Seasonal_GDD_C,3497.245,0.12695636987663697,0.12695636987663697,5
LightGBM,Jigawa,2024,Max_CDD_days,16.0,0.058343957958260535,0.058343957958260535,5
LightGBM,Jigawa,2024,Mean_Tmax_C,34.34570652173913,0.10255335994133945,0.10255335994133945,5
LightGBM,Jigawa,2024,Mean_Tmin_C,23.66782608695652,0.019010909823272387,0.019010909823272387,5
LightGBM,Jigawa,2024,Mean_RH_pct,65.43054347826087,-0.027163669963768275,0.027163669963768275,5
LightGBM,Jigawa,2024,Mean_Solar_Radiation_MJ_m2_day,19.946739130434786,-0.11408564971303997,0.11408564971303997,5
LightGBM,Jigawa,2024,Rainfall_Anomaly_Z_2000_2019,2.6316584935954377,0.0667000991584817,0.0667000991584817,5
LightGBM,Kogi,2020,Seasonal_Rainfall_mm,1339.9899999999998,0.017480684203836847,0.017480684203836847,5
LightGBM,Kogi,2020,Seasonal_GDD_C,3554.88,0.2294968817442593,0.2294968817442593,5
LightGBM,Kogi,2020,Max_CDD_days,8.0,0.011708587215626641,0.011708587215626641,5
LightGBM,Kogi,2020,Mean_Tmax_C,30.27598130841121,-0.016492130541484056,0.016492130541484056,5
LightGBM,Kogi,2020,Mean_Tmin_C,22.947196261682244,0.02197587046005183,0.02197587046005183,5
LightGBM,Kogi,2020,Mean_RH_pct,82.7826168224299,-0.02948665468306369,0.02948665468306369,5
LightGBM,Kogi,2020,Mean_Solar_Radiation_MJ_m2_day,17.2361214953271,0.04646693588986524,0.04646693588986524,5
LightGBM,Kogi,2020,Rainfall_Anomaly_Z_2000_2019,1.2647628343744417,-0.00916298443872958,0.00916298443872958,5
LightGBM,Kogi,2021,Seasonal_Rainfall_mm,1467.4700000000005,-0.029517955003926358,0.029517955003926358,5
LightGBM,Kogi,2021,Seasonal_GDD_C,3608.24,0.23641522660117897,0.23641522660117897,5
LightGBM,Kogi,2021,Max_CDD_days,10.0,-0.025050216286613424,0.025050216286613424,5
LightGBM,Kogi,2021,Mean_Tmax_C,30.40850467289719,-0.009629937580104095,0.009629937580104095,5
LightGBM,Kogi,2021,Mean_Tmin_C,23.31336448598131,0.05058043499880645,0.05058043499880645,5
LightGBM,Kogi,2021,Mean_RH_pct,82.64439252336449,-0.033476836083207326,0.033476836083207326,5
LightGBM,Kogi,2021,Mean_Solar_Radiation_MJ_m2_day,17.35032710280374,0.040690734773868475,0.040690734773868475,5
LightGBM,Kogi,2021,Rainfall_Anomaly_Z_2000_2019,1.8103261593704807,0.011225064739680757,0.011225064739680757,5
LightGBM,Kogi,2022,Seasonal_Rainfall_mm,1208.4899999999998,-0.0015473980364796296,0.0015473980364796296,5
LightGBM,Kogi,2022,Seasonal_GDD_C,3457.01,0.09536515666059162,0.09536515666059162,5
LightGBM,Kogi,2022,Max_CDD_days,9.0,0.04038180691544486,0.04038180691544486,5
LightGBM,Kogi,2022,Mean_Tmax_C,29.44831775700933,-0.025691924023938738,0.025691924023938738,5
LightGBM,Kogi,2022,Mean_Tmin_C,22.86018691588785,0.022629039327716174,0.022629039327716174,5
LightGBM,Kogi,2022,Mean_RH_pct,85.28700934579439,-0.02163125638567756,0.02163125638567756,5
LightGBM,Kogi,2022,Mean_Solar_Radiation_MJ_m2_day,16.530467289719624,0.05477497589593717,0.05477497589593717,5
LightGBM,Kogi,2022,Rainfall_Anomaly_Z_2000_2019,0.7019955199958812,0.028538686369784814,0.028538686369784814,5
LightGBM,Kogi,2023,Seasonal_Rainfall_mm,1300.41,0.015773423501180283,0.015773423501180283,5
LightGBM,Kogi,2023,Seasonal_GDD_C,3649.315,0.23553689680034248,0.23553689680034248,5
LightGBM,Kogi,2023,Max_CDD_days,10.0,-0.015658210543586428,0.015658210543586428,5
LightGBM,Kogi,2023,Mean_Tmax_C,30.4420093457944,-0.0012767569760439215,0.0012767569760439215,5
LightGBM,Kogi,2023,Mean_Tmin_C,23.663738317757005,-0.011632257233679482,0.011632257233679482,5
LightGBM,Kogi,2023,Mean_RH_pct,84.13168224299065,-0.058652169441004445,0.058652169441004445,5
LightGBM,Kogi,2023,Mean_Solar_Radiation_MJ_m2_day,16.909579439252333,0.05349591169979187,0.05349591169979187,5
LightGBM,Kogi,2023,Rainfall_Anomaly_Z_2000_2019,1.0953762921455197,-0.01589830812980506,0.01589830812980506,5
LightGBM,Kogi,2024,Seasonal_Rainfall_mm,876.2099999999998,0.026336080405138438,0.026336080405138438,5
LightGBM,Kogi,2024,Seasonal_GDD_C,3787.005,0.46539832487514665,0.46539832487514665,5
LightGBM,Kogi,2024,Max_CDD_days,7.0,0.07330872924947152,0.07330872924947152,5
LightGBM,Kogi,2024,Mean_Tmax_C,31.41172897196261,0.029325494323008763,0.029325494323008763,5
LightGBM,Kogi,2024,Mean_Tmin_C,23.98084112149533,-0.0032481066727425697,0.0032481066727425697,5
LightGBM,Kogi,2024,Mean_RH_pct,80.40649532710282,0.09141147784825038,0.09141147784825038,5
LightGBM,Kogi,2024,Mean_Solar_Radiation_MJ_m2_day,16.695794392523368,0.09144785613978446,0.09144785613978446,5
LightGBM,Kogi,2024,Rainfall_Anomaly_Z_2000_2019,-0.7200297516520892,-0.039735264128270886,0.039735264128270886,5
LightGBM,Ogun,2020,Seasonal_Rainfall_mm,1593.81,0.012037719866550495,0.012037719866550495,5
LightGBM,Ogun,2020,Seasonal_GDD_C,4423.01,-0.2045671964102363,0.2045671964102363,5
LightGBM,Ogun,2020,Max_CDD_days,10.0,-0.044919992183990946,0.044919992183990946,5
LightGBM,Ogun,2020,Mean_Tmax_C,29.09956363636364,-0.063950375678162,0.063950375678162,5
LightGBM,Ogun,2020,Mean_Tmin_C,23.06778181818182,0.0372038094669915,0.0372038094669915,5
LightGBM,Ogun,2020,Mean_RH_pct,89.47327272727271,0.01991724373446385,0.01991724373446385,5
LightGBM,Ogun,2020,Mean_Solar_Radiation_MJ_m2_day,16.371090909090906,-0.012402458820032882,0.012402458820032882,5
LightGBM,Ogun,2020,Rainfall_Anomaly_Z_2000_2019,-0.0317985210223154,0.046235420857167635,0.046235420857167635,5
LightGBM,Ogun,2021,Seasonal_Rainfall_mm,2182.23,-0.005144175806075693,0.005144175806075693,5
LightGBM,Ogun,2021,Seasonal_GDD_C,4453.28,-0.22181011956456412,0.22181011956456412,5
LightGBM,Ogun,2021,Max_CDD_days,10.0,-0.02370164643769194,0.02370164643769194,5
LightGBM,Ogun,2021,Mean_Tmax_C,29.06054545454545,-0.06761683503106304,0.06761683503106304,5
LightGBM,Ogun,2021,Mean_Tmin_C,23.326945454545456,0.06736291348442117,0.06736291348442117,5
LightGBM,Ogun,2021,Mean_RH_pct,89.72494545454545,0.01801645627356808,0.01801645627356808,5
LightGBM,Ogun,2021,Mean_Solar_Radiation_MJ_m2_day,16.417818181818184,0.0056875908922637535,0.0056875908922637535,5
LightGBM,Ogun,2021,Rainfall_Anomaly_Z_2000_2019,1.9244862549671204,0.03727267827419928,0.03727267827419928,5
LightGBM,Ogun,2022,Seasonal_Rainfall_mm,2013.57,-0.10085116419957439,0.10085116419957439,5
LightGBM,Ogun,2022,Seasonal_GDD_C,4383.950000000001,-0.23707441708119953,0.23707441708119953,5
LightGBM,Ogun,2022,Max_CDD_days,14.0,-0.01824215053293579,0.01824215053293579,5
LightGBM,Ogun,2022,Mean_Tmax_C,28.825636363636363,-0.06898706683781257,0.06898706683781257,5
LightGBM,Ogun,2022,Mean_Tmin_C,23.05763636363637,0.026819444852827282,0.026819444852827282,5
LightGBM,Ogun,2022,Mean_RH_pct,89.84065454545454,0.025815492842399246,0.025815492842399246,5
LightGBM,Ogun,2022,Mean_Solar_Radiation_MJ_m2_day,15.912836363636362,-0.06872630466269407,0.06872630466269407,5
LightGBM,Ogun,2022,Rainfall_Anomaly_Z_2000_2019,1.363752441843198,0.03099081252236705,0.03099081252236705,5
LightGBM,Ogun,2023,Seasonal_Rainfall_mm,2082.14,-0.0786543287945775,0.0786543287945775,5
LightGBM,Ogun,2023,Seasonal_GDD_C,4518.465,-0.24370010424876037,0.24370010424876037,5
LightGBM,Ogun,2023,Max_CDD_days,6.0,0.03314950859246862,0.03314950859246862,5
LightGBM,Ogun,2023,Mean_Tmax_C,29.185490909090905,-0.04406390696487826,0.04406390696487826,5
LightGBM,Ogun,2023,Mean_Tmin_C,23.67607272727273,-0.0425169727803648,0.0425169727803648,5
LightGBM,Ogun,2023,Mean_RH_pct,90.35083636363636,0.023927844269175477,0.023927844269175477,5
LightGBM,Ogun,2023,Mean_Solar_Radiation_MJ_m2_day,16.04407272727273,-0.07671953865727899,0.07671953865727899,5
LightGBM,Ogun,2023,Rainfall_Anomaly_Z_2000_2019,1.591723019134241,0.0347229193614049,0.0347229193614049,5
LightGBM,Ogun,2024,Seasonal_Rainfall_mm,1605.6,0.02540398346074493,0.02540398346074493,5
LightGBM,Ogun,2024,Seasonal_GDD_C,4582.57,-0.10695974283346274,0.10695974283346274,5
LightGBM,Ogun,2024,Max_CDD_days,15.0,0.036416491881194175,0.036416491881194175,5
LightGBM,Ogun,2024,Mean_Tmax_C,29.627236363636364,0.09251341155173058,0.09251341155173058,5
LightGBM,Ogun,2024,Mean_Tmin_C,23.70054545454545,-0.0047810463752741336,0.0047810463752741336,5
LightGBM,Ogun,2024,Mean_RH_pct,89.01341818181818,0.007836676775402758,0.007836676775402758,5
LightGBM,Ogun,2024,Mean_Solar_Radiation_MJ_m2_day,16.325090909090907,0.0026997490552355553,0.0026997490552355553,5
LightGBM,Ogun,2024,Rainfall_Anomaly_Z_2000_2019,0.0073989867254078,0.06613660273900776,0.06613660273900776,5
LightGBM,Rivers,2020,Seasonal_Rainfall_mm,3287.4,-0.018752549058729612,0.018752549058729612,5
LightGBM,Rivers,2020,Seasonal_GDD_C,4517.58,-0.11328849996272028,0.11328849996272028,5
LightGBM,Rivers,2020,Max_CDD_days,11.0,-0.020652140673125444,0.020652140673125444,5
LightGBM,Rivers,2020,Mean_Tmax_C,29.52923636363636,0.0864784174885233,0.0864784174885233,5
LightGBM,Rivers,2020,Mean_Tmin_C,23.32589090909091,0.06199515379619715,0.06199515379619715,5
LightGBM,Rivers,2020,Mean_RH_pct,89.43607272727272,0.024270904453959217,0.024270904453959217,5
LightGBM,Rivers,2020,Mean_Solar_Radiation_MJ_m2_day,14.410036363636364,-0.041099008101087936,0.041099008101087936,5
LightGBM,Rivers,2020,Rainfall_Anomaly_Z_2000_2019,1.8281529185760617,0.08374291646119467,0.08374291646119467,5
LightGBM,Rivers,2021,Seasonal_Rainfall_mm,3063.02,-0.016196543048101225,0.016196543048101225,5
LightGBM,Rivers,2021,Seasonal_GDD_C,4516.015,-0.11795897232010648,0.11795897232010648,5
LightGBM,Rivers,2021,Max_CDD_days,10.0,-0.010106076650702709,0.010106076650702709,5
LightGBM,Rivers,2021,Mean_Tmax_C,29.39876363636364,0.0736552195168154,0.0736552195168154,5
LightGBM,Rivers,2021,Mean_Tmin_C,23.44498181818182,0.05518607839114917,0.05518607839114917,5
LightGBM,Rivers,2021,Mean_RH_pct,89.97767272727273,0.026825132310685278,0.026825132310685278,5
LightGBM,Rivers,2021,Mean_Solar_Radiation_MJ_m2_day,14.595927272727272,-0.0408272319745128,0.0408272319745128,5
LightGBM,Rivers,2021,Rainfall_Anomaly_Z_2000_2019,1.4493312784446135,0.08340902980135129,0.08340902980135129,5
LightGBM,Rivers,2022,Seasonal_Rainfall_mm,1997.43,-0.09726856381768618,0.09726856381768618,5
LightGBM,Rivers,2022,Seasonal_GDD_C,4502.4400000000005,-0.11850170737445659,0.11850170737445659,5
LightGBM,Rivers,2022,Max_CDD_days,8.0,0.009586849134340467,0.009586849134340467,5
LightGBM,Rivers,2022,Mean_Tmax_C,29.471454545454545,0.061733118924804216,0.061733118924804216,5
LightGBM,Rivers,2022,Mean_Tmin_C,23.27356363636364,0.034346030364098695,0.034346030364098695,5
LightGBM,Rivers,2022,Mean_RH_pct,89.33643636363635,0.024858971289580246,0.024858971289580246,5
LightGBM,Rivers,2022,Mean_Solar_Radiation_MJ_m2_day,14.381963636363636,-0.07423712184431454,0.07423712184431454,5
LightGBM,Rivers,2022,Rainfall_Anomaly_Z_2000_2019,-0.3497085268306796,0.05975727471658501,0.05975727471658501,5
LightGBM,Rivers,2023,Seasonal_Rainfall_mm,1832.46,-0.07639134059549484,0.07639134059549484,5
LightGBM,Rivers,2023,Seasonal_GDD_C,4580.485000000001,-0.11485920773029928,0.11485920773029928,5
LightGBM,Rivers,2023,Max_CDD_days,5.0,0.0353052776820938,0.0353052776820938,5
LightGBM,Rivers,2023,Mean_Tmax_C,29.51603636363636,0.08634119886159967,0.08634119886159967,5
LightGBM,Rivers,2023,Mean_Tmin_C,23.796581818181817,0.002054446115740043,0.002054446115740043,5
LightGBM,Rivers,2023,Mean_RH_pct,90.1933090909091,0.014089896801130788,0.014089896801130788,5
LightGBM,Rivers,2023,Mean_Solar_Radiation_MJ_m2_day,13.952,-0.09828800120906662,0.09828800120906662,5
LightGBM,Rivers,2023,Rainfall_Anomaly_Z_2000_2019,-0.6282280293375206,0.01664212674294264,0.01664212674294264,5
LightGBM,Rivers,2024,Seasonal_Rainfall_mm,1770.85,0.02338448976932783,0.02338448976932783,5
LightGBM,Rivers,2024,Seasonal_GDD_C,4714.629999999999,-0.21055781444095176,0.21055781444095176,5
LightGBM,Rivers,2024,Max_CDD_days,21.0,0.012899057800740469,0.012899057800740469,5
LightGBM,Rivers,2024,Mean_Tmax_C,30.30472727272727,0.040289654048360976,0.040289654048360976,5
LightGBM,Rivers,2024,Mean_Tmin_C,23.983490909090907,-0.048546911750102534,0.048546911750102534,5
LightGBM,Rivers,2024,Mean_RH_pct,88.48505454545455,-0.015835941367774543,0.015835941367774543,5
LightGBM,Rivers,2024,Mean_Solar_Radiation_MJ_m2_day,14.248981818181818,-0.03565835424501724,0.03565835424501724,5
LightGBM,Rivers,2024,Rainfall_Anomaly_Z_2000_2019,-0.7322444356504656,-0.1985036387430831,0.1985036387430831,5
